========================================================================
  dataset             : Mnist
  method              : coreset
  num_users           : 10
  clients_per_round   : 10
  num_glob_iters      : 40
  local_rounds        : 5
  batch_size          : 100
  mc                  : 3
  lr                  : 0.001
  personal_lr         : 0.001
  beta                : 1.0
  zeta                : 10.0
  coreset_frac        : 0.5
  coreset_S           : 50
  coreset_outer_steps : 3
  coreset_iters       : 300
  coreset_tol         : 0.01
  output_dim          : 10
  hidden_dim          : 100
  seed                : 1
  device              : cpu
  tag                 : Mnist_coreset_frac0.5_z10.0_u10_b100_seed1
========================================================================
train data dist:
 [999, 999, 999, 999, 999, 999, 999, 999, 999, 999]
/Library/Frameworks/Python.framework/Versions/3.10/lib/python3.10/site-packages/transformers/utils/generic.py:482: UserWarning: torch.utils._pytree._register_pytree_node is deprecated. Please use torch.utils._pytree.register_pytree_node instead.
  _torch_pytree._register_pytree_node(
[server] 10 clients | method=coreset | coreset_frac=0.5
rounds:   0%|          | 0/40 [00:00<?, ?it/s][round   0] per_acc=0.1226 glob_acc=0.0977 train_acc=0.0816 train_loss=2.533 kl(q_w||q)=nan
Stopped at iteration 186. 500 items are selected. The objective value is: 0.00039033560884613026
Stopped at iteration 301. 500 items are selected. The objective value is: 0.0019535587977933468
Stopped at iteration 301. 500 items are selected. The objective value is: 0.00573366111967439
Stopped at iteration 101. 500 items are selected. The objective value is: 0.0006721261202773094
Stopped at iteration 104. 500 items are selected. The objective value is: 0.0010820774071938597
Stopped at iteration 155. 500 items are selected. The objective value is: 0.00018679368824159676
Stopped at iteration 163. 500 items are selected. The objective value is: 0.0009923178515360762
Stopped at iteration 244. 500 items are selected. The objective value is: 0.0007598268950288759
Stopped at iteration 220. 500 items are selected. The objective value is: 9.471638915988469e-05
Stopped at iteration 280. 500 items are selected. The objective value is: 0.0015410427015451777
Stopped at iteration 301. 500 items are selected. The objective value is: 0.017041858593706015
Stopped at iteration 301. 500 items are selected. The objective value is: 0.01002179933256889
Stopped at iteration 117. 500 items are selected. The objective value is: 0.0008989833451735602
Stopped at iteration 141. 500 items are selected. The objective value is: 0.00031897726379139874
Stopped at iteration 162. 500 items are selected. The objective value is: 0.0003702701399090806
Stopped at iteration 207. 500 items are selected. The objective value is: 0.0003395918452278082
Stopped at iteration 243. 500 items are selected. The objective value is: 0.0005443102480980392
Stopped at iteration 301. 500 items are selected. The objective value is: 0.0002955046240753257
Stopped at iteration 170. 500 items are selected. The objective value is: 0.0005761163430241306
Stopped at iteration 170. 500 items are selected. The objective value is: 0.00037102013589612715
Stopped at iteration 163. 500 items are selected. The objective value is: 0.00040071011520183324
Stopped at iteration 167. 500 items are selected. The objective value is: 0.0002909056227841797
Stopped at iteration 197. 500 items are selected. The objective value is: 0.0005811932872328849
Stopped at iteration 279. 500 items are selected. The objective value is: 0.0003405788001435975
Stopped at iteration 81. 500 items are selected. The objective value is: 0.000946798229653709
Stopped at iteration 145. 500 items are selected. The objective value is: 0.0005476027050531705
Stopped at iteration 212. 500 items are selected. The objective value is: 0.00024358671736465299
Stopped at iteration 105. 500 items are selected. The objective value is: 0.0005575393789461832
Stopped at iteration 113. 500 items are selected. The objective value is: 0.0005687455700183219
Stopped at iteration 127. 500 items are selected. The objective value is: 0.00031979378689722286
rounds:   2%|▎         | 1/40 [01:39<1:04:47, 99.67s/it][round   1] per_acc=0.9694 glob_acc=0.4338 train_acc=0.9912 train_loss=0.043 kl(q_w||q)=3.535
Stopped at iteration 109. 500 items are selected. The objective value is: 0.00037741057915359634
Stopped at iteration 136. 500 items are selected. The objective value is: 0.00015930015105748555
Stopped at iteration 130. 500 items are selected. The objective value is: 0.00021109575735249383
Stopped at iteration 86. 500 items are selected. The objective value is: 0.000708524491344632
Stopped at iteration 77. 500 items are selected. The objective value is: 0.00015289615455935324
Stopped at iteration 98. 500 items are selected. The objective value is: 0.00021725233784642144
Stopped at iteration 82. 500 items are selected. The objective value is: 0.0002487271134767626
Stopped at iteration 110. 500 items are selected. The objective value is: 0.00021827936831441167
Stopped at iteration 137. 500 items are selected. The objective value is: 0.0002829305018412698
Stopped at iteration 207. 500 items are selected. The objective value is: 0.00041272126394095065
Stopped at iteration 262. 500 items are selected. The objective value is: 0.0001648138175882195
Stopped at iteration 282. 500 items are selected. The objective value is: 0.00012089529121151752
Stopped at iteration 107. 500 items are selected. The objective value is: 0.0003148747500031184
Stopped at iteration 112. 500 items are selected. The objective value is: 0.0007191005539657238
Stopped at iteration 104. 500 items are selected. The objective value is: 0.00018105973243666133
Stopped at iteration 89. 500 items are selected. The objective value is: 0.0001734245251491327
Stopped at iteration 117. 500 items are selected. The objective value is: 0.0003574980495396477
Stopped at iteration 86. 500 items are selected. The objective value is: 0.00039961309028825365
Stopped at iteration 76. 500 items are selected. The objective value is: 0.0003703980632615232
Stopped at iteration 90. 500 items are selected. The objective value is: 0.00018371186629179156
Stopped at iteration 115. 500 items are selected. The objective value is: 0.00018995489296766673
Stopped at iteration 80. 500 items are selected. The objective value is: 0.001236868686757762
Stopped at iteration 127. 500 items are selected. The objective value is: 0.00027056510813037755
Stopped at iteration 84. 500 items are selected. The objective value is: 0.0010774133257040787
Stopped at iteration 77. 500 items are selected. The objective value is: 0.00043681804102702293
Stopped at iteration 66. 500 items are selected. The objective value is: 0.0002674529898452103
Stopped at iteration 92. 500 items are selected. The objective value is: 0.00020841782591985808
Stopped at iteration 67. 500 items are selected. The objective value is: 0.00041883617142274423
Stopped at iteration 79. 500 items are selected. The objective value is: 0.0005493813400947554
Stopped at iteration 82. 500 items are selected. The objective value is: 0.0005780288626024139
rounds:   5%|▌         | 2/40 [03:14<1:01:15, 96.72s/it][round   2] per_acc=0.9709 glob_acc=0.5589 train_acc=0.9888 train_loss=0.071 kl(q_w||q)=0.268
Stopped at iteration 107. 500 items are selected. The objective value is: 0.00023797175618829283
Stopped at iteration 91. 500 items are selected. The objective value is: 0.00019104999271536075
Stopped at iteration 97. 500 items are selected. The objective value is: 0.0002993005067844548
Stopped at iteration 76. 500 items are selected. The objective value is: 0.0003436858383926601
Stopped at iteration 101. 500 items are selected. The objective value is: 0.0002772878590839891
Stopped at iteration 79. 500 items are selected. The objective value is: 0.00030288231422956845
Stopped at iteration 66. 500 items are selected. The objective value is: 0.0006214124121785822
Stopped at iteration 117. 500 items are selected. The objective value is: 0.0002453848189630322
Stopped at iteration 109. 500 items are selected. The objective value is: 0.00021281801392994848
Stopped at iteration 101. 500 items are selected. The objective value is: 0.00015352931009284535
Stopped at iteration 243. 500 items are selected. The objective value is: 0.000283219021370376
Stopped at iteration 208. 500 items are selected. The objective value is: 0.0002627415809234173
Stopped at iteration 73. 500 items are selected. The objective value is: 0.0003416437587161029
Stopped at iteration 75. 500 items are selected. The objective value is: 0.0004568008000217754
Stopped at iteration 101. 500 items are selected. The objective value is: 0.00028758928893356066
Stopped at iteration 71. 500 items are selected. The objective value is: 0.00020012064803043506
Stopped at iteration 72. 500 items are selected. The objective value is: 0.00015790262958264404
Stopped at iteration 115. 500 items are selected. The objective value is: 0.00042516881277639525
Stopped at iteration 81. 500 items are selected. The objective value is: 0.0004638313071588905
Stopped at iteration 113. 500 items are selected. The objective value is: 0.0003873571134695202
Stopped at iteration 102. 500 items are selected. The objective value is: 0.00047497260582041536
Stopped at iteration 70. 500 items are selected. The objective value is: 0.00028138854083802143
Stopped at iteration 114. 500 items are selected. The objective value is: 0.0008360333390482565
Stopped at iteration 111. 500 items are selected. The objective value is: 0.00037137786654936584
Stopped at iteration 68. 500 items are selected. The objective value is: 0.0005184105806487113
Stopped at iteration 73. 500 items are selected. The objective value is: 0.00034766642454071053
Stopped at iteration 102. 500 items are selected. The objective value is: 0.00027289943237744413
Stopped at iteration 79. 500 items are selected. The objective value is: 0.00041728124527637287
Stopped at iteration 84. 500 items are selected. The objective value is: 0.00020664410976780395
Stopped at iteration 88. 500 items are selected. The objective value is: 0.0004732079641099303
rounds:   8%|▊         | 3/40 [04:43<57:29, 93.23s/it]  [round   3] per_acc=0.9692 glob_acc=0.6168 train_acc=0.9823 train_loss=0.098 kl(q_w||q)=0.342
Stopped at iteration 116. 500 items are selected. The objective value is: 0.00041958279109926205
Stopped at iteration 109. 500 items are selected. The objective value is: 0.0003240056994617331
Stopped at iteration 118. 500 items are selected. The objective value is: 0.0001548290943696762
Stopped at iteration 66. 500 items are selected. The objective value is: 0.0005297245733301159
Stopped at iteration 76. 500 items are selected. The objective value is: 0.00041919490705614977
Stopped at iteration 104. 500 items are selected. The objective value is: 0.0005206471912324017
Stopped at iteration 73. 500 items are selected. The objective value is: 0.00017215055406420815
Stopped at iteration 115. 500 items are selected. The objective value is: 0.0005593907226821971
Stopped at iteration 106. 500 items are selected. The objective value is: 0.00022677258652745616
Stopped at iteration 109. 500 items are selected. The objective value is: 0.00014187222575275498
Stopped at iteration 150. 500 items are selected. The objective value is: 0.00043411042747772935
Stopped at iteration 253. 500 items are selected. The objective value is: 0.00018736009366942215
Stopped at iteration 88. 500 items are selected. The objective value is: 0.0004687613467873067
Stopped at iteration 73. 500 items are selected. The objective value is: 0.0012375219925945496
Stopped at iteration 87. 500 items are selected. The objective value is: 0.0001601875249079997
Stopped at iteration 72. 500 items are selected. The objective value is: 0.00011903913601187194
Stopped at iteration 63. 500 items are selected. The objective value is: 0.00021306535251915687
Stopped at iteration 99. 500 items are selected. The objective value is: 0.00013461295333385488
Stopped at iteration 80. 500 items are selected. The objective value is: 0.00046877767864147383
Stopped at iteration 94. 500 items are selected. The objective value is: 0.0002149275432143487
Stopped at iteration 125. 500 items are selected. The objective value is: 0.0003183901483945991
Stopped at iteration 97. 500 items are selected. The objective value is: 0.0004757116950935948
Stopped at iteration 104. 500 items are selected. The objective value is: 0.0005376479788060769
Stopped at iteration 120. 500 items are selected. The objective value is: 0.00038036212369265185
Stopped at iteration 62. 500 items are selected. The objective value is: 0.0004601861457274252
Stopped at iteration 72. 500 items are selected. The objective value is: 0.0002567101379549363
Stopped at iteration 69. 500 items are selected. The objective value is: 0.0003608231988051628
Stopped at iteration 90. 500 items are selected. The objective value is: 0.000527933341855774
Stopped at iteration 72. 500 items are selected. The objective value is: 0.00035427073446942734
Stopped at iteration 90. 500 items are selected. The objective value is: 0.00036569906037258777
rounds:  10%|█         | 4/40 [06:15<55:47, 92.97s/it][round   4] per_acc=0.9702 glob_acc=0.6920 train_acc=0.9789 train_loss=0.103 kl(q_w||q)=0.371
Stopped at iteration 125. 500 items are selected. The objective value is: 0.000833431215419453
Stopped at iteration 92. 500 items are selected. The objective value is: 0.0004140917275239921
Stopped at iteration 131. 500 items are selected. The objective value is: 0.0004082438095441287
Stopped at iteration 112. 500 items are selected. The objective value is: 0.0006352253970631789
Stopped at iteration 86. 500 items are selected. The objective value is: 0.0008084013393366508
Stopped at iteration 65. 500 items are selected. The objective value is: 0.0004753217475986657
Stopped at iteration 88. 500 items are selected. The objective value is: 0.0005646029860420125
Stopped at iteration 91. 500 items are selected. The objective value is: 0.00031707813959572516
Stopped at iteration 142. 500 items are selected. The objective value is: 0.0001870181144370291
Stopped at iteration 171. 500 items are selected. The objective value is: 0.00024125938867092464
Stopped at iteration 130. 500 items are selected. The objective value is: 0.0002648560420271989
Stopped at iteration 184. 500 items are selected. The objective value is: 0.00028956864723683946
Stopped at iteration 82. 500 items are selected. The objective value is: 0.0010975821775984663
Stopped at iteration 105. 500 items are selected. The objective value is: 0.00043821534913312903
Stopped at iteration 89. 500 items are selected. The objective value is: 0.000505939073439666
Stopped at iteration 84. 500 items are selected. The objective value is: 0.00029658610741737734
Stopped at iteration 104. 500 items are selected. The objective value is: 0.00025034194110353777
Stopped at iteration 86. 500 items are selected. The objective value is: 0.0004040199171937197
Stopped at iteration 111. 500 items are selected. The objective value is: 0.00031399007949317533
Stopped at iteration 109. 500 items are selected. The objective value is: 0.0005760486785495676
Stopped at iteration 118. 500 items are selected. The objective value is: 0.0003597709880205737
Stopped at iteration 73. 500 items are selected. The objective value is: 0.0004476882311419514
Stopped at iteration 107. 500 items are selected. The objective value is: 0.00047548292484364237
Stopped at iteration 129. 500 items are selected. The objective value is: 0.0003989463180210462
Stopped at iteration 80. 500 items are selected. The objective value is: 0.0006785592314268079
Stopped at iteration 66. 500 items are selected. The objective value is: 0.0005535869095689805
Stopped at iteration 79. 500 items are selected. The objective value is: 0.00019357697136525404
Stopped at iteration 110. 500 items are selected. The objective value is: 0.0003572761444510192
Stopped at iteration 67. 500 items are selected. The objective value is: 0.0002751028917590124
Stopped at iteration 88. 500 items are selected. The objective value is: 0.00047734848538784797
rounds:  12%|█▎        | 5/40 [07:50<54:31, 93.48s/it][round   5] per_acc=0.9687 glob_acc=0.7749 train_acc=0.9820 train_loss=0.100 kl(q_w||q)=0.561
Stopped at iteration 98. 500 items are selected. The objective value is: 0.0006330261782203471
Stopped at iteration 106. 500 items are selected. The objective value is: 0.00030079061047985303
Stopped at iteration 126. 500 items are selected. The objective value is: 0.00019696963833665815
Stopped at iteration 66. 500 items are selected. The objective value is: 0.0006848024353838473
Stopped at iteration 99. 500 items are selected. The objective value is: 0.0007073141074491289
Stopped at iteration 84. 500 items are selected. The objective value is: 0.00022806718530160404
Stopped at iteration 76. 500 items are selected. The objective value is: 0.00028676988748120564
Stopped at iteration 119. 500 items are selected. The objective value is: 0.0003952629029838727
Stopped at iteration 150. 500 items are selected. The objective value is: 0.00014715448897427782
Stopped at iteration 151. 500 items are selected. The objective value is: 0.0003570524767960509
Stopped at iteration 148. 500 items are selected. The objective value is: 0.00039530405645118983
Stopped at iteration 226. 500 items are selected. The objective value is: 0.0004955234699382173
Stopped at iteration 83. 500 items are selected. The objective value is: 0.00033448252427922305
Stopped at iteration 87. 500 items are selected. The objective value is: 0.00026862093003696336
Stopped at iteration 110. 500 items are selected. The objective value is: 0.0003614951316098378
Stopped at iteration 111. 500 items are selected. The objective value is: 0.00022223277879148879
Stopped at iteration 130. 500 items are selected. The objective value is: 0.000269616922864417
Stopped at iteration 109. 500 items are selected. The objective value is: 0.00018815528575729325
Stopped at iteration 127. 500 items are selected. The objective value is: 0.00040450188121353165
Stopped at iteration 131. 500 items are selected. The objective value is: 0.00017743808972503548
Stopped at iteration 139. 500 items are selected. The objective value is: 0.000661159300190231
Stopped at iteration 89. 500 items are selected. The objective value is: 0.0014800663182969439
Stopped at iteration 106. 500 items are selected. The objective value is: 0.0005212458865341624
Stopped at iteration 118. 500 items are selected. The objective value is: 0.000258243358501196
Stopped at iteration 98. 500 items are selected. The objective value is: 0.00034398637839849153
Stopped at iteration 94. 500 items are selected. The objective value is: 0.0003115212793114676
Stopped at iteration 93. 500 items are selected. The objective value is: 0.0004920307725089937
Stopped at iteration 64. 500 items are selected. The objective value is: 0.00045030378443744863
Stopped at iteration 113. 500 items are selected. The objective value is: 0.0004400191567472529
Stopped at iteration 93. 500 items are selected. The objective value is: 0.0005922219235608124
rounds:  15%|█▌        | 6/40 [09:27<53:38, 94.66s/it][round   6] per_acc=0.9709 glob_acc=0.7634 train_acc=0.9819 train_loss=0.090 kl(q_w||q)=0.584
Stopped at iteration 118. 500 items are selected. The objective value is: 0.0004331501655168774
Stopped at iteration 105. 500 items are selected. The objective value is: 0.00021868053781238045
Stopped at iteration 133. 500 items are selected. The objective value is: 0.0002780674223831023
Stopped at iteration 73. 500 items are selected. The objective value is: 0.0012478161211111304
Stopped at iteration 74. 500 items are selected. The objective value is: 0.0005774544086153533
Stopped at iteration 77. 500 items are selected. The objective value is: 0.0005171091798606384
Stopped at iteration 104. 500 items are selected. The objective value is: 0.0002765625128039159
Stopped at iteration 208. 500 items are selected. The objective value is: 0.00027625414055007194
Stopped at iteration 262. 500 items are selected. The objective value is: 0.0004311470054226715
Stopped at iteration 253. 500 items are selected. The objective value is: 0.00023580244930667966
Stopped at iteration 92. 500 items are selected. The objective value is: 0.00018338687419692344
Stopped at iteration 131. 500 items are selected. The objective value is: 0.0005350237497392301
Stopped at iteration 78. 500 items are selected. The objective value is: 0.00027982910483066286
Stopped at iteration 81. 500 items are selected. The objective value is: 0.0003324966247909981
Stopped at iteration 85. 500 items are selected. The objective value is: 0.0003205909973858799
Stopped at iteration 106. 500 items are selected. The objective value is: 0.0002550948589349786
Stopped at iteration 115. 500 items are selected. The objective value is: 0.0004501648506341725
Stopped at iteration 140. 500 items are selected. The objective value is: 0.00039308935764214263
Stopped at iteration 145. 500 items are selected. The objective value is: 0.0007889263722582439
Stopped at iteration 117. 500 items are selected. The objective value is: 0.0004959017620191614
Stopped at iteration 94. 500 items are selected. The objective value is: 0.0005476769637212379
Stopped at iteration 98. 500 items are selected. The objective value is: 0.000520183380811887
Stopped at iteration 71. 500 items are selected. The objective value is: 0.0003713887121236057
Stopped at iteration 71. 500 items are selected. The objective value is: 0.00029394124986696857
Stopped at iteration 96. 500 items are selected. The objective value is: 0.0002480496668023173
Stopped at iteration 100. 500 items are selected. The objective value is: 0.00044124185868945107
Stopped at iteration 70. 500 items are selected. The objective value is: 0.0004008994288496734
Stopped at iteration 93. 500 items are selected. The objective value is: 0.00030701388497283473
rounds:  18%|█▊        | 7/40 [11:12<54:02, 98.26s/it][round   7] per_acc=0.9717 glob_acc=0.7714 train_acc=0.9834 train_loss=0.088 kl(q_w||q)=0.528
Stopped at iteration 64. 500 items are selected. The objective value is: 0.0002603507284509803
Stopped at iteration 142. 500 items are selected. The objective value is: 0.0001512797235683704
Stopped at iteration 150. 500 items are selected. The objective value is: 0.0003549051562451873
Stopped at iteration 97. 500 items are selected. The objective value is: 0.0006031840039311344
Stopped at iteration 80. 500 items are selected. The objective value is: 0.0015386278019074468
Stopped at iteration 84. 500 items are selected. The objective value is: 0.00030046944619787676
Stopped at iteration 105. 500 items are selected. The objective value is: 0.00044159520024214906
Stopped at iteration 102. 500 items are selected. The objective value is: 0.0006081560751574668
Stopped at iteration 177. 500 items are selected. The objective value is: 0.000327651209951296
Stopped at iteration 166. 500 items are selected. The objective value is: 0.00027964518501238835
Stopped at iteration 191. 500 items are selected. The objective value is: 0.0005354005751082046
Stopped at iteration 269. 500 items are selected. The objective value is: 0.00016706855895932404
Stopped at iteration 85. 500 items are selected. The objective value is: 0.000381763013253915
Stopped at iteration 99. 500 items are selected. The objective value is: 0.00030098369832917113
Stopped at iteration 85. 500 items are selected. The objective value is: 0.0002657914823139669
Stopped at iteration 93. 500 items are selected. The objective value is: 0.0005920171643491967
Stopped at iteration 91. 500 items are selected. The objective value is: 0.0003390052385924261
Stopped at iteration 106. 500 items are selected. The objective value is: 0.00030064933496713227
Stopped at iteration 126. 500 items are selected. The objective value is: 0.0011310137888049573
Stopped at iteration 151. 500 items are selected. The objective value is: 0.0002787604667134777
Stopped at iteration 134. 500 items are selected. The objective value is: 0.00046784441388127184
Stopped at iteration 75. 500 items are selected. The objective value is: 0.00019919798289308105
Stopped at iteration 123. 500 items are selected. The objective value is: 0.00039649792784848435
Stopped at iteration 122. 500 items are selected. The objective value is: 0.0002481996911806249
Stopped at iteration 103. 500 items are selected. The objective value is: 0.0003748472420335036
Stopped at iteration 111. 500 items are selected. The objective value is: 0.00021176483405029205
Stopped at iteration 97. 500 items are selected. The objective value is: 0.00021399740849172483
Stopped at iteration 75. 500 items are selected. The objective value is: 0.0006054306594584049
Stopped at iteration 118. 500 items are selected. The objective value is: 0.0009836370300351873
Stopped at iteration 80. 500 items are selected. The objective value is: 0.0007217713850319479
rounds:  20%|██        | 8/40 [12:51<52:28, 98.39s/it][round   8] per_acc=0.9719 glob_acc=0.8238 train_acc=0.9868 train_loss=0.079 kl(q_w||q)=0.601
Stopped at iteration 90. 500 items are selected. The objective value is: 0.0005713925527165172
Stopped at iteration 143. 500 items are selected. The objective value is: 0.0003874707354930802
Stopped at iteration 159. 500 items are selected. The objective value is: 0.00034882616688014794
Stopped at iteration 74. 500 items are selected. The objective value is: 0.0010054314610783955
Stopped at iteration 123. 500 items are selected. The objective value is: 0.00047129731964227036
Stopped at iteration 93. 500 items are selected. The objective value is: 0.0004524604978073735
Stopped at iteration 80. 500 items are selected. The objective value is: 0.000162463019776311
Stopped at iteration 124. 500 items are selected. The objective value is: 0.00036087312623688667
Stopped at iteration 113. 500 items are selected. The objective value is: 0.00022904053472642976
Stopped at iteration 301. 500 items are selected. The objective value is: 0.000566630986291659
Stopped at iteration 216. 500 items are selected. The objective value is: 0.0004137357586015617
Stopped at iteration 281. 500 items are selected. The objective value is: 0.0005020530970928312
Stopped at iteration 94. 500 items are selected. The objective value is: 0.0004410848725634047
Stopped at iteration 85. 500 items are selected. The objective value is: 0.0005375207753396926
Stopped at iteration 93. 500 items are selected. The objective value is: 0.0002583153023180015
Stopped at iteration 108. 500 items are selected. The objective value is: 0.0003074300568652237
Stopped at iteration 118. 500 items are selected. The objective value is: 0.00014159824558350839
Stopped at iteration 123. 500 items are selected. The objective value is: 0.00017343852717031664
Stopped at iteration 110. 500 items are selected. The objective value is: 0.0004688783801785034
Stopped at iteration 162. 500 items are selected. The objective value is: 0.0006463450421165869
Stopped at iteration 200. 500 items are selected. The objective value is: 0.0006802365492287036
Stopped at iteration 128. 500 items are selected. The objective value is: 0.0003842780517661471
Stopped at iteration 139. 500 items are selected. The objective value is: 0.0008220100471830023
Stopped at iteration 112. 500 items are selected. The objective value is: 0.0011270062402806173
Stopped at iteration 86. 500 items are selected. The objective value is: 0.0009412773171457651
Stopped at iteration 103. 500 items are selected. The objective value is: 0.0008577291715199601
Stopped at iteration 103. 500 items are selected. The objective value is: 0.00014985704415675127
Stopped at iteration 78. 500 items are selected. The objective value is: 0.00041178416069355655
Stopped at iteration 111. 500 items are selected. The objective value is: 0.00017186709383643092
Stopped at iteration 106. 500 items are selected. The objective value is: 0.00029284928698854326
rounds:  22%|██▎       | 9/40 [14:08<47:21, 91.68s/it][round   9] per_acc=0.9759 glob_acc=0.8153 train_acc=0.9876 train_loss=0.071 kl(q_w||q)=0.611
Stopped at iteration 171. 500 items are selected. The objective value is: 0.00045088266852345523
Stopped at iteration 176. 500 items are selected. The objective value is: 0.00044385501706494315
Stopped at iteration 141. 500 items are selected. The objective value is: 0.0002203781548489223
Stopped at iteration 78. 500 items are selected. The objective value is: 0.0013817345668231493
Stopped at iteration 96. 500 items are selected. The objective value is: 0.00015018910432249341
Stopped at iteration 72. 500 items are selected. The objective value is: 0.0006599079635736985
Stopped at iteration 138. 500 items are selected. The objective value is: 0.0005939688724739575
Stopped at iteration 93. 500 items are selected. The objective value is: 0.0006334353598309679
Stopped at iteration 107. 500 items are selected. The objective value is: 0.00039989384864392354
Stopped at iteration 173. 500 items are selected. The objective value is: 0.0003212504816658721
Stopped at iteration 301. 500 items are selected. The objective value is: 0.0006564981588249568
Stopped at iteration 301. 500 items are selected. The objective value is: 0.001406606741389352
Stopped at iteration 97. 500 items are selected. The objective value is: 0.0009323627831248295
Stopped at iteration 86. 500 items are selected. The objective value is: 0.00030659253754848235
Stopped at iteration 97. 500 items are selected. The objective value is: 0.00030133776490210736
Stopped at iteration 102. 500 items are selected. The objective value is: 0.00029936256462261246
Stopped at iteration 108. 500 items are selected. The objective value is: 0.0001405936476728967
Stopped at iteration 118. 500 items are selected. The objective value is: 0.0001078628853143758
Stopped at iteration 106. 500 items are selected. The objective value is: 0.00038686897827819354
Stopped at iteration 105. 500 items are selected. The objective value is: 0.0006301155019910132
Stopped at iteration 137. 500 items are selected. The objective value is: 0.0003933769070818808
Stopped at iteration 128. 500 items are selected. The objective value is: 0.0007654002913457291
Stopped at iteration 101. 500 items are selected. The objective value is: 0.0005354028024035741
Stopped at iteration 121. 500 items are selected. The objective value is: 0.0003781432132760458
Stopped at iteration 98. 500 items are selected. The objective value is: 0.0007380756866477746
Stopped at iteration 114. 500 items are selected. The objective value is: 0.00022194288700825646
Stopped at iteration 106. 500 items are selected. The objective value is: 0.0006139465962581626
Stopped at iteration 98. 500 items are selected. The objective value is: 0.0003205441493675442
Stopped at iteration 75. 500 items are selected. The objective value is: 0.001353290253715519
Stopped at iteration 112. 500 items are selected. The objective value is: 0.0008109923068101098
rounds:  25%|██▌       | 10/40 [15:23<43:14, 86.50s/it][round  10] per_acc=0.9767 glob_acc=0.8231 train_acc=0.9896 train_loss=0.066 kl(q_w||q)=0.604
Stopped at iteration 127. 500 items are selected. The objective value is: 0.0003025780322031678
Stopped at iteration 118. 500 items are selected. The objective value is: 0.00016616581811584
Stopped at iteration 150. 500 items are selected. The objective value is: 0.00025039951254606456
Stopped at iteration 64. 500 items are selected. The objective value is: 0.0002483694179450928
Stopped at iteration 102. 500 items are selected. The objective value is: 0.00045603419108579255
Stopped at iteration 101. 500 items are selected. The objective value is: 0.0003994751758728289
Stopped at iteration 128. 500 items are selected. The objective value is: 0.0006320665744725385
Stopped at iteration 139. 500 items are selected. The objective value is: 0.00020868589158930945
Stopped at iteration 158. 500 items are selected. The objective value is: 0.0001666193765212237
Stopped at iteration 208. 500 items are selected. The objective value is: 0.0002762827645104082
Stopped at iteration 293. 500 items are selected. The objective value is: 0.00034153729970289433
Stopped at iteration 258. 500 items are selected. The objective value is: 0.0006335651223511173
Stopped at iteration 79. 500 items are selected. The objective value is: 0.000527896600983631
Stopped at iteration 91. 500 items are selected. The objective value is: 0.00028863552469699557
Stopped at iteration 103. 500 items are selected. The objective value is: 0.00029209570270025224
Stopped at iteration 102. 500 items are selected. The objective value is: 0.0003814478651548438
Stopped at iteration 116. 500 items are selected. The objective value is: 0.00026188543477840393
Stopped at iteration 98. 500 items are selected. The objective value is: 0.00023962173083000527
Stopped at iteration 113. 500 items are selected. The objective value is: 0.0005282471087432025
Stopped at iteration 132. 500 items are selected. The objective value is: 0.00030120491507172603
Stopped at iteration 151. 500 items are selected. The objective value is: 0.0004527943520700548
Stopped at iteration 134. 500 items are selected. The objective value is: 0.0002130658788801399
Stopped at iteration 136. 500 items are selected. The objective value is: 0.0002578625945939102
Stopped at iteration 112. 500 items are selected. The objective value is: 0.00017005130120061087
Stopped at iteration 99. 500 items are selected. The objective value is: 0.000301480196200047
Stopped at iteration 75. 500 items are selected. The objective value is: 0.0005421494341966729
Stopped at iteration 140. 500 items are selected. The objective value is: 0.00037764360161442336
Stopped at iteration 91. 500 items are selected. The objective value is: 0.00017074222564669473
Stopped at iteration 98. 500 items are selected. The objective value is: 0.00032313780546244363
Stopped at iteration 82. 500 items are selected. The objective value is: 0.0003728885256934545
rounds:  28%|██▊       | 11/40 [16:32<39:11, 81.10s/it][round  11] per_acc=0.9764 glob_acc=0.8316 train_acc=0.9908 train_loss=0.059 kl(q_w||q)=0.579
Stopped at iteration 117. 500 items are selected. The objective value is: 0.00037183565924553836
Stopped at iteration 195. 500 items are selected. The objective value is: 0.0002484687740275353
Stopped at iteration 121. 500 items are selected. The objective value is: 8.770181924466949e-05
Stopped at iteration 78. 500 items are selected. The objective value is: 0.0011232594958660476
Stopped at iteration 84. 500 items are selected. The objective value is: 0.0003428493416542841
Stopped at iteration 83. 500 items are selected. The objective value is: 0.0006128838135749337
Stopped at iteration 131. 500 items are selected. The objective value is: 0.0001925333491483205
Stopped at iteration 115. 500 items are selected. The objective value is: 0.0004729306285402695
Stopped at iteration 110. 500 items are selected. The objective value is: 0.00012020753615720226
Stopped at iteration 261. 500 items are selected. The objective value is: 0.00030392990553742617
Stopped at iteration 248. 500 items are selected. The objective value is: 0.00022416560482579786
Stopped at iteration 301. 500 items are selected. The objective value is: 0.0006701297540549055
Stopped at iteration 83. 500 items are selected. The objective value is: 0.00040526072319376253
Stopped at iteration 93. 500 items are selected. The objective value is: 0.00014959924473054214
Stopped at iteration 122. 500 items are selected. The objective value is: 0.00015063821030893975
Stopped at iteration 119. 500 items are selected. The objective value is: 0.0002359413634974072
Stopped at iteration 170. 500 items are selected. The objective value is: 0.0005506916922991766
Stopped at iteration 166. 500 items are selected. The objective value is: 0.00045426203280578075
Stopped at iteration 135. 500 items are selected. The objective value is: 0.0003289955588932794
Stopped at iteration 107. 500 items are selected. The objective value is: 0.0003173899146925086
Stopped at iteration 123. 500 items are selected. The objective value is: 0.00021762819499872044
Stopped at iteration 157. 500 items are selected. The objective value is: 0.00020991749695493443
Stopped at iteration 98. 500 items are selected. The objective value is: 0.00040015355854615875
Stopped at iteration 111. 500 items are selected. The objective value is: 0.00027257905158464547
Stopped at iteration 104. 500 items are selected. The objective value is: 0.00016854015906779082
Stopped at iteration 88. 500 items are selected. The objective value is: 0.0004260344237001784
Stopped at iteration 104. 500 items are selected. The objective value is: 0.00046529453251989704
Stopped at iteration 103. 500 items are selected. The objective value is: 0.0004973623190079503
rounds:  30%|███       | 12/40 [17:42<36:18, 77.82s/it][round  12] per_acc=0.9777 glob_acc=0.8306 train_acc=0.9904 train_loss=0.062 kl(q_w||q)=0.810
Stopped at iteration 107. 500 items are selected. The objective value is: 0.00018960275918232235
Stopped at iteration 161. 500 items are selected. The objective value is: 0.00017125992962093372
Stopped at iteration 186. 500 items are selected. The objective value is: 0.0007258573675108192
Stopped at iteration 76. 500 items are selected. The objective value is: 0.00027415205730356543
Stopped at iteration 95. 500 items are selected. The objective value is: 0.0002730949187983836
Stopped at iteration 84. 500 items are selected. The objective value is: 0.00030659228873723714
Stopped at iteration 95. 500 items are selected. The objective value is: 9.819511898231851e-05
Stopped at iteration 139. 500 items are selected. The objective value is: 0.00016706617710666617
Stopped at iteration 140. 500 items are selected. The objective value is: 0.0002867599165787038
Stopped at iteration 196. 500 items are selected. The objective value is: 0.0007210057551092023
Stopped at iteration 301. 500 items are selected. The objective value is: 0.0017383912468242717
Stopped at iteration 301. 500 items are selected. The objective value is: 0.00028436614569132113
Stopped at iteration 129. 500 items are selected. The objective value is: 0.00020857120981044704
Stopped at iteration 123. 500 items are selected. The objective value is: 0.00017395607155235916
Stopped at iteration 83. 500 items are selected. The objective value is: 0.0006845821830654095
Stopped at iteration 108. 500 items are selected. The objective value is: 0.00023276958522897332
Stopped at iteration 125. 500 items are selected. The objective value is: 0.0001420212503845163
Stopped at iteration 155. 500 items are selected. The objective value is: 0.00011702815931977767
Stopped at iteration 122. 500 items are selected. The objective value is: 0.00016793033075942755
Stopped at iteration 112. 500 items are selected. The objective value is: 0.00041900275856123463
Stopped at iteration 111. 500 items are selected. The objective value is: 0.00034175625469549546
Stopped at iteration 122. 500 items are selected. The objective value is: 0.0005631044580018252
Stopped at iteration 114. 500 items are selected. The objective value is: 0.00033169843178228225
Stopped at iteration 119. 500 items are selected. The objective value is: 0.00031308599637871744
Stopped at iteration 106. 500 items are selected. The objective value is: 0.0003261790111938156
Stopped at iteration 77. 500 items are selected. The objective value is: 0.00035785771353540004
Stopped at iteration 93. 500 items are selected. The objective value is: 0.00021295890276721964
Stopped at iteration 103. 500 items are selected. The objective value is: 0.00021037997339902313
Stopped at iteration 92. 500 items are selected. The objective value is: 0.00021203438000836074
Stopped at iteration 102. 500 items are selected. The objective value is: 0.00025160850445985747
rounds:  32%|███▎      | 13/40 [19:08<36:09, 80.35s/it][round  13] per_acc=0.9787 glob_acc=0.8551 train_acc=0.9922 train_loss=0.053 kl(q_w||q)=0.650
Stopped at iteration 145. 500 items are selected. The objective value is: 0.00038777895801869435
Stopped at iteration 147. 500 items are selected. The objective value is: 0.00020974523388695896
Stopped at iteration 157. 500 items are selected. The objective value is: 0.00035229854707494174
Stopped at iteration 105. 500 items are selected. The objective value is: 0.0005244993297857139
Stopped at iteration 87. 500 items are selected. The objective value is: 0.00022259953215921936
Stopped at iteration 93. 500 items are selected. The objective value is: 0.00020431705737056436
Stopped at iteration 137. 500 items are selected. The objective value is: 0.0002658740088209542
Stopped at iteration 100. 500 items are selected. The objective value is: 0.0003651823364772385
Stopped at iteration 141. 500 items are selected. The objective value is: 0.00032495657680484444
Stopped at iteration 219. 500 items are selected. The objective value is: 0.00043142467982947404
Stopped at iteration 259. 500 items are selected. The objective value is: 0.000996061789958361
Stopped at iteration 301. 500 items are selected. The objective value is: 0.0005502264127207918
Stopped at iteration 84. 500 items are selected. The objective value is: 0.00036892082991932625
Stopped at iteration 98. 500 items are selected. The objective value is: 0.00017999762645929478
Stopped at iteration 86. 500 items are selected. The objective value is: 0.0002709442691716242
Stopped at iteration 108. 500 items are selected. The objective value is: 7.623201254939175e-05
Stopped at iteration 132. 500 items are selected. The objective value is: 0.000281613912355976
Stopped at iteration 118. 500 items are selected. The objective value is: 0.00013111280272269155
Stopped at iteration 99. 500 items are selected. The objective value is: 0.0006598956880393389
Stopped at iteration 158. 500 items are selected. The objective value is: 0.00023763508035577134
Stopped at iteration 125. 500 items are selected. The objective value is: 0.00030444425226777504
Stopped at iteration 89. 500 items are selected. The objective value is: 0.0005767148821955823
Stopped at iteration 111. 500 items are selected. The objective value is: 0.00028939129023256206
Stopped at iteration 95. 500 items are selected. The objective value is: 0.0002377644877641398
Stopped at iteration 74. 500 items are selected. The objective value is: 0.000517661285816544
Stopped at iteration 120. 500 items are selected. The objective value is: 0.0002707956781657796
Stopped at iteration 83. 500 items are selected. The objective value is: 0.0005055849142051355
Stopped at iteration 109. 500 items are selected. The objective value is: 0.00022320711351398638
Stopped at iteration 80. 500 items are selected. The objective value is: 0.0001249276700240617
rounds:  35%|███▌      | 14/40 [19:55<30:24, 70.19s/it][round  14] per_acc=0.9777 glob_acc=0.8586 train_acc=0.9933 train_loss=0.048 kl(q_w||q)=0.696
Stopped at iteration 114. 500 items are selected. The objective value is: 0.0003171450003711971
Stopped at iteration 204. 500 items are selected. The objective value is: 0.00025456659429989674
Stopped at iteration 139. 500 items are selected. The objective value is: 0.0003760581240884782
Stopped at iteration 82. 500 items are selected. The objective value is: 0.00031594676346892014
Stopped at iteration 69. 500 items are selected. The objective value is: 0.00033280394915786044
Stopped at iteration 78. 500 items are selected. The objective value is: 0.0003561780274887111
Stopped at iteration 124. 500 items are selected. The objective value is: 0.00033619716544530914
Stopped at iteration 134. 500 items are selected. The objective value is: 0.0002261549484200978
Stopped at iteration 138. 500 items are selected. The objective value is: 7.795059756878284e-05
Stopped at iteration 257. 500 items are selected. The objective value is: 0.00014688098374837698
Stopped at iteration 301. 500 items are selected. The objective value is: 0.0003219432395420059
Stopped at iteration 301. 500 items are selected. The objective value is: 0.00029329393341049486
Stopped at iteration 92. 500 items are selected. The objective value is: 0.00024961609427738324
Stopped at iteration 89. 500 items are selected. The objective value is: 0.00035641671327312673
Stopped at iteration 116. 500 items are selected. The objective value is: 0.00039664948473738885
Stopped at iteration 114. 500 items are selected. The objective value is: 0.0002455626266614643
Stopped at iteration 139. 500 items are selected. The objective value is: 0.0001929277611170941
Stopped at iteration 105. 500 items are selected. The objective value is: 0.00010159683889274126
Stopped at iteration 108. 500 items are selected. The objective value is: 0.00027137123634066347
Stopped at iteration 148. 500 items are selected. The objective value is: 0.00017796306684392512
Stopped at iteration 178. 500 items are selected. The objective value is: 0.000547052661042939
Stopped at iteration 92. 500 items are selected. The objective value is: 0.0003350894967312643
Stopped at iteration 105. 500 items are selected. The objective value is: 0.00028692435268720445
Stopped at iteration 106. 500 items are selected. The objective value is: 9.212318987147072e-05
Stopped at iteration 69. 500 items are selected. The objective value is: 0.0004235606311256221
Stopped at iteration 92. 500 items are selected. The objective value is: 0.0001229247838352517
Stopped at iteration 83. 500 items are selected. The objective value is: 0.00015616860726453885
Stopped at iteration 113. 500 items are selected. The objective value is: 0.0005249994824701989
Stopped at iteration 109. 500 items are selected. The objective value is: 0.0002486395120415952
Stopped at iteration 111. 500 items are selected. The objective value is: 0.0005305921122783747
rounds:  38%|███▊      | 15/40 [20:45<26:42, 64.09s/it][round  15] per_acc=0.9764 glob_acc=0.8519 train_acc=0.9949 train_loss=0.043 kl(q_w||q)=0.593
Stopped at iteration 107. 500 items are selected. The objective value is: 0.00022765854972198608
Stopped at iteration 157. 500 items are selected. The objective value is: 0.0003175383353331486
Stopped at iteration 217. 500 items are selected. The objective value is: 9.724383552930787e-05
Stopped at iteration 97. 500 items are selected. The objective value is: 0.0006993449728609813
Stopped at iteration 79. 500 items are selected. The objective value is: 0.00020796926692454582
Stopped at iteration 82. 500 items are selected. The objective value is: 0.00042926305310960367
Stopped at iteration 140. 500 items are selected. The objective value is: 0.00018597264768274038
Stopped at iteration 127. 500 items are selected. The objective value is: 0.00023650560119296493
Stopped at iteration 143. 500 items are selected. The objective value is: 0.0002463806300423091
Stopped at iteration 284. 500 items are selected. The objective value is: 0.00020805469048670064
Stopped at iteration 301. 500 items are selected. The objective value is: 0.0012263190634006658
Stopped at iteration 301. 500 items are selected. The objective value is: 0.0011024683406460063
Stopped at iteration 114. 500 items are selected. The objective value is: 0.00024330930044203083
Stopped at iteration 109. 500 items are selected. The objective value is: 0.0002547788051977073
Stopped at iteration 135. 500 items are selected. The objective value is: 0.00024149887204841157
Stopped at iteration 94. 500 items are selected. The objective value is: 0.00017141499130896262
Stopped at iteration 101. 500 items are selected. The objective value is: 6.914217995811962e-05
Stopped at iteration 123. 500 items are selected. The objective value is: 9.010819073109495e-05
Stopped at iteration 115. 500 items are selected. The objective value is: 0.00020796693502986565
Stopped at iteration 139. 500 items are selected. The objective value is: 0.0002285770192348861
Stopped at iteration 137. 500 items are selected. The objective value is: 0.00017062912269657932
Stopped at iteration 114. 500 items are selected. The objective value is: 0.00022884793035644633
Stopped at iteration 131. 500 items are selected. The objective value is: 0.0003572014005961229
Stopped at iteration 144. 500 items are selected. The objective value is: 0.00022730212087216324
Stopped at iteration 72. 500 items are selected. The objective value is: 0.00020210236497685813
Stopped at iteration 83. 500 items are selected. The objective value is: 0.00014057464698349816
Stopped at iteration 119. 500 items are selected. The objective value is: 0.00016637654801210508
Stopped at iteration 68. 500 items are selected. The objective value is: 0.00028136740654277295
Stopped at iteration 109. 500 items are selected. The objective value is: 0.000339605390309185
Stopped at iteration 98. 500 items are selected. The objective value is: 0.0002530572947413813
rounds:  40%|████      | 16/40 [21:31<23:29, 58.74s/it][round  16] per_acc=0.9784 glob_acc=0.8762 train_acc=0.9952 train_loss=0.040 kl(q_w||q)=0.609
Stopped at iteration 114. 500 items are selected. The objective value is: 0.0008647209422373418
Stopped at iteration 139. 500 items are selected. The objective value is: 0.0003854896892905644
Stopped at iteration 150. 500 items are selected. The objective value is: 0.00014167479670469042
Stopped at iteration 84. 500 items are selected. The objective value is: 0.00023970775429434045
Stopped at iteration 108. 500 items are selected. The objective value is: 0.0002450318982343363
Stopped at iteration 122. 500 items are selected. The objective value is: 0.0003188197746358791
Stopped at iteration 127. 500 items are selected. The objective value is: 0.00017922780049158045
Stopped at iteration 135. 500 items are selected. The objective value is: 0.00014598933916698745
Stopped at iteration 146. 500 items are selected. The objective value is: 0.00018355801317662145
Stopped at iteration 180. 500 items are selected. The objective value is: 0.0002833119773132468
Stopped at iteration 301. 500 items are selected. The objective value is: 0.0005838115177137458
Stopped at iteration 301. 500 items are selected. The objective value is: 0.0016786583201569914
Stopped at iteration 80. 500 items are selected. The objective value is: 0.0003061810718644236
Stopped at iteration 74. 500 items are selected. The objective value is: 0.0002644651227822315
Stopped at iteration 137. 500 items are selected. The objective value is: 0.00028156852067434473
Stopped at iteration 69. 500 items are selected. The objective value is: 0.00010606617468964335
Stopped at iteration 149. 500 items are selected. The objective value is: 0.00012466458068961515
Stopped at iteration 92. 500 items are selected. The objective value is: 0.00011474722325744555
Stopped at iteration 122. 500 items are selected. The objective value is: 0.00023438419124429923
Stopped at iteration 113. 500 items are selected. The objective value is: 0.00031792258156333687
Stopped at iteration 138. 500 items are selected. The objective value is: 0.00023207586889811743
Stopped at iteration 87. 500 items are selected. The objective value is: 0.00033391799924010145
Stopped at iteration 147. 500 items are selected. The objective value is: 0.00023248615740641923
Stopped at iteration 129. 500 items are selected. The objective value is: 0.00023631159081362416
Stopped at iteration 91. 500 items are selected. The objective value is: 0.00029480444086771865
Stopped at iteration 130. 500 items are selected. The objective value is: 0.00028599206931531303
Stopped at iteration 70. 500 items are selected. The objective value is: 0.00011525054947904748
Stopped at iteration 86. 500 items are selected. The objective value is: 0.0004458381036516261
Stopped at iteration 91. 500 items are selected. The objective value is: 0.00031110705028948035
Stopped at iteration 80. 500 items are selected. The objective value is: 0.00020424393352668703
rounds:  42%|████▎     | 17/40 [22:18<21:05, 55.02s/it][round  17] per_acc=0.9794 glob_acc=0.8815 train_acc=0.9952 train_loss=0.037 kl(q_w||q)=0.634
Stopped at iteration 106. 500 items are selected. The objective value is: 0.00012220066208051863
Stopped at iteration 151. 500 items are selected. The objective value is: 0.0003845465643153088
Stopped at iteration 176. 500 items are selected. The objective value is: 0.00020863863379856003
Stopped at iteration 86. 500 items are selected. The objective value is: 0.00018589151673176224
Stopped at iteration 110. 500 items are selected. The objective value is: 0.00040712437717129493
Stopped at iteration 98. 500 items are selected. The objective value is: 0.00020887476943115378
Stopped at iteration 145. 500 items are selected. The objective value is: 0.00014433728816867983
Stopped at iteration 166. 500 items are selected. The objective value is: 0.00012447949315913287
Stopped at iteration 175. 500 items are selected. The objective value is: 0.0001316702458845558
Stopped at iteration 301. 500 items are selected. The objective value is: 0.0008358082816649575
Stopped at iteration 301. 500 items are selected. The objective value is: 0.0002599433643091023
Stopped at iteration 301. 500 items are selected. The objective value is: 0.0003886157431661187
Stopped at iteration 110. 500 items are selected. The objective value is: 0.00036293811061841486
Stopped at iteration 97. 500 items are selected. The objective value is: 0.0001450087176666868
Stopped at iteration 90. 500 items are selected. The objective value is: 0.00022399972192778107
Stopped at iteration 84. 500 items are selected. The objective value is: 0.0003216843804101858
Stopped at iteration 116. 500 items are selected. The objective value is: 8.126919433974156e-05
Stopped at iteration 112. 500 items are selected. The objective value is: 6.152968019075997e-05
Stopped at iteration 135. 500 items are selected. The objective value is: 0.0003984036539455458
Stopped at iteration 199. 500 items are selected. The objective value is: 0.00032579966069506863
Stopped at iteration 134. 500 items are selected. The objective value is: 0.00023279772213872813
Stopped at iteration 82. 500 items are selected. The objective value is: 0.0005003638445751081
Stopped at iteration 148. 500 items are selected. The objective value is: 0.0003206761915845443
Stopped at iteration 114. 500 items are selected. The objective value is: 0.0002805619830051461
Stopped at iteration 104. 500 items are selected. The objective value is: 0.0005240707825062261
Stopped at iteration 124. 500 items are selected. The objective value is: 0.0004231502221505391
Stopped at iteration 115. 500 items are selected. The objective value is: 0.00012460922373021708
Stopped at iteration 92. 500 items are selected. The objective value is: 0.0002477490978857356
Stopped at iteration 102. 500 items are selected. The objective value is: 0.0002745147689894124
Stopped at iteration 85. 500 items are selected. The objective value is: 0.0002211224537474554
rounds:  45%|████▌     | 18/40 [23:03<19:04, 52.04s/it][round  18] per_acc=0.9807 glob_acc=0.8757 train_acc=0.9958 train_loss=0.035 kl(q_w||q)=0.637
Stopped at iteration 110. 500 items are selected. The objective value is: 0.0004497289567140221
Stopped at iteration 153. 500 items are selected. The objective value is: 0.00011875226723678079
Stopped at iteration 271. 500 items are selected. The objective value is: 0.00026389473174644526
Stopped at iteration 88. 500 items are selected. The objective value is: 0.0003780198914791335
Stopped at iteration 86. 500 items are selected. The objective value is: 0.0002582859506150023
Stopped at iteration 93. 500 items are selected. The objective value is: 0.00031478946969178487
Stopped at iteration 121. 500 items are selected. The objective value is: 0.00013839644809168544
Stopped at iteration 101. 500 items are selected. The objective value is: 0.00010553650716999375
Stopped at iteration 134. 500 items are selected. The objective value is: 0.00013884630711423132
Stopped at iteration 301. 500 items are selected. The objective value is: 0.0006071446301018733
Stopped at iteration 263. 500 items are selected. The objective value is: 0.00031981139848072013
Stopped at iteration 301. 500 items are selected. The objective value is: 0.0009198122377365583
Stopped at iteration 77. 500 items are selected. The objective value is: 0.0002478957735377208
Stopped at iteration 120. 500 items are selected. The objective value is: 0.00027273741335698796
Stopped at iteration 101. 500 items are selected. The objective value is: 0.0005151103224590656
Stopped at iteration 86. 500 items are selected. The objective value is: 0.00015999083052390832
Stopped at iteration 123. 500 items are selected. The objective value is: 0.0001421086391944013
Stopped at iteration 104. 500 items are selected. The objective value is: 5.427232625790382e-05
Stopped at iteration 145. 500 items are selected. The objective value is: 0.0005209494222101101
Stopped at iteration 131. 500 items are selected. The objective value is: 0.0004429605173393529
Stopped at iteration 157. 500 items are selected. The objective value is: 0.00016762732121438351
Stopped at iteration 77. 500 items are selected. The objective value is: 0.0001004942784310877
Stopped at iteration 89. 500 items are selected. The objective value is: 0.0002185263997673977
Stopped at iteration 100. 500 items are selected. The objective value is: 0.00017858808390359163
Stopped at iteration 104. 500 items are selected. The objective value is: 0.0003319068635092126
Stopped at iteration 99. 500 items are selected. The objective value is: 0.00020831493594662765
Stopped at iteration 78. 500 items are selected. The objective value is: 0.00038042724250556903
Stopped at iteration 77. 500 items are selected. The objective value is: 0.00014785777202337073
rounds:  48%|████▊     | 19/40 [23:43<17:01, 48.63s/it][round  19] per_acc=0.9799 glob_acc=0.8885 train_acc=0.9973 train_loss=0.034 kl(q_w||q)=0.730
Stopped at iteration 120. 500 items are selected. The objective value is: 9.683645725591388e-05
Stopped at iteration 141. 500 items are selected. The objective value is: 0.0001224922568635904
Stopped at iteration 198. 500 items are selected. The objective value is: 0.00011329695959267586
Stopped at iteration 96. 500 items are selected. The objective value is: 0.0002491339323489941
Stopped at iteration 98. 500 items are selected. The objective value is: 0.00035631300631234466
Stopped at iteration 112. 500 items are selected. The objective value is: 0.00029689652609821984
Stopped at iteration 94. 500 items are selected. The objective value is: 0.0002749902864224159
Stopped at iteration 145. 500 items are selected. The objective value is: 0.0001247762692745728
Stopped at iteration 162. 500 items are selected. The objective value is: 0.00011489476231300078
Stopped at iteration 301. 500 items are selected. The objective value is: 0.00038906959712265137
Stopped at iteration 301. 500 items are selected. The objective value is: 0.0003063306476541759
Stopped at iteration 301. 500 items are selected. The objective value is: 0.00033603247702642444
Stopped at iteration 95. 500 items are selected. The objective value is: 0.00015893218014975926
Stopped at iteration 128. 500 items are selected. The objective value is: 0.00026782203792091177
Stopped at iteration 94. 500 items are selected. The objective value is: 0.00025027816232584595
Stopped at iteration 101. 500 items are selected. The objective value is: 9.330990897545751e-05
Stopped at iteration 122. 500 items are selected. The objective value is: 0.0001265909670981319
Stopped at iteration 130. 500 items are selected. The objective value is: 8.515477430997602e-05
Stopped at iteration 148. 500 items are selected. The objective value is: 0.0002095011626497966
Stopped at iteration 125. 500 items are selected. The objective value is: 0.0001914752320673434
Stopped at iteration 152. 500 items are selected. The objective value is: 0.00018365829117455236
Stopped at iteration 144. 500 items are selected. The objective value is: 0.00020276898952439548
Stopped at iteration 127. 500 items are selected. The objective value is: 0.00022144394844913394
Stopped at iteration 112. 500 items are selected. The objective value is: 0.00013248753263283078
Stopped at iteration 97. 500 items are selected. The objective value is: 0.00037222738047560516
Stopped at iteration 113. 500 items are selected. The objective value is: 0.0002495107396484247
Stopped at iteration 86. 500 items are selected. The objective value is: 0.00024359370904078513
Stopped at iteration 99. 500 items are selected. The objective value is: 0.00025065678774439096
Stopped at iteration 84. 500 items are selected. The objective value is: 0.00033078761409030294
Stopped at iteration 114. 500 items are selected. The objective value is: 0.00019715663874512735
rounds:  50%|█████     | 20/40 [24:28<15:48, 47.42s/it][round  20] per_acc=0.9812 glob_acc=0.8840 train_acc=0.9982 train_loss=0.031 kl(q_w||q)=0.692
Stopped at iteration 159. 500 items are selected. The objective value is: 0.00026315522046678393
Stopped at iteration 178. 500 items are selected. The objective value is: 9.56383343505123e-05
Stopped at iteration 188. 500 items are selected. The objective value is: 0.00013163922068920014
Stopped at iteration 92. 500 items are selected. The objective value is: 0.0004795538419087795
Stopped at iteration 87. 500 items are selected. The objective value is: 0.0002131144726631314
Stopped at iteration 72. 500 items are selected. The objective value is: 0.00010983542143533008
Stopped at iteration 119. 500 items are selected. The objective value is: 0.00015774882374360258
Stopped at iteration 143. 500 items are selected. The objective value is: 0.0002976309295653239
Stopped at iteration 107. 500 items are selected. The objective value is: 4.399313031978013e-05
Stopped at iteration 301. 500 items are selected. The objective value is: 0.0005499147082969117
Stopped at iteration 301. 500 items are selected. The objective value is: 0.0002872267702026532
Stopped at iteration 301. 500 items are selected. The objective value is: 0.0011438442640102535
Stopped at iteration 80. 500 items are selected. The objective value is: 0.00012805307658297945
Stopped at iteration 114. 500 items are selected. The objective value is: 0.00023491202046830364
Stopped at iteration 92. 500 items are selected. The objective value is: 0.00010404685050588298
Stopped at iteration 114. 500 items are selected. The objective value is: 0.00018851217956043857
Stopped at iteration 97. 500 items are selected. The objective value is: 7.356252603308668e-05
Stopped at iteration 89. 500 items are selected. The objective value is: 8.732749904845446e-05
Stopped at iteration 120. 500 items are selected. The objective value is: 0.0001333300408355756
Stopped at iteration 204. 500 items are selected. The objective value is: 0.00035268002224683227
Stopped at iteration 146. 500 items are selected. The objective value is: 0.00018184138852118728
Stopped at iteration 133. 500 items are selected. The objective value is: 0.000297475909598616
Stopped at iteration 119. 500 items are selected. The objective value is: 0.00041737919768967296
Stopped at iteration 123. 500 items are selected. The objective value is: 0.00016643200029568686
Stopped at iteration 94. 500 items are selected. The objective value is: 0.00012374689973913375
Stopped at iteration 115. 500 items are selected. The objective value is: 0.0002563136201430807
Stopped at iteration 98. 500 items are selected. The objective value is: 0.0001457731104590401
Stopped at iteration 98. 500 items are selected. The objective value is: 0.00021187626311701697
Stopped at iteration 87. 500 items are selected. The objective value is: 0.0003054259731206786
Stopped at iteration 92. 500 items are selected. The objective value is: 0.0006570162949217213
rounds:  52%|█████▎    | 21/40 [25:14<14:50, 46.89s/it][round  21] per_acc=0.9779 glob_acc=0.8940 train_acc=0.9984 train_loss=0.029 kl(q_w||q)=0.736
Stopped at iteration 133. 500 items are selected. The objective value is: 0.00016353569127316878
Stopped at iteration 173. 500 items are selected. The objective value is: 0.00017042599848017564
Stopped at iteration 152. 500 items are selected. The objective value is: 0.00013651279162875204
Stopped at iteration 82. 500 items are selected. The objective value is: 8.530356467218193e-05
Stopped at iteration 87. 500 items are selected. The objective value is: 0.0004469818707923331
Stopped at iteration 78. 500 items are selected. The objective value is: 0.00023319615895226907
Stopped at iteration 106. 500 items are selected. The objective value is: 0.00024028777004145264
Stopped at iteration 189. 500 items are selected. The objective value is: 0.0001932748642679398
Stopped at iteration 145. 500 items are selected. The objective value is: 0.00011059543420349356
Stopped at iteration 301. 500 items are selected. The objective value is: 0.0011340222418196834
Stopped at iteration 301. 500 items are selected. The objective value is: 0.0005460132577740917
Stopped at iteration 301. 500 items are selected. The objective value is: 0.0010353548959841578
Stopped at iteration 84. 500 items are selected. The objective value is: 0.00020379024697761498
Stopped at iteration 96. 500 items are selected. The objective value is: 0.00014598154365228283
Stopped at iteration 146. 500 items are selected. The objective value is: 0.00015404775729630348
Stopped at iteration 93. 500 items are selected. The objective value is: 0.00010286382827816232
Stopped at iteration 158. 500 items are selected. The objective value is: 0.00010104959521638658
Stopped at iteration 155. 500 items are selected. The objective value is: 6.553926246303138e-05
Stopped at iteration 184. 500 items are selected. The objective value is: 0.00025231015713409
Stopped at iteration 172. 500 items are selected. The objective value is: 0.00015091845785007523
Stopped at iteration 96. 500 items are selected. The objective value is: 0.0001492328558425497
Stopped at iteration 103. 500 items are selected. The objective value is: 0.00013083137963331633
Stopped at iteration 115. 500 items are selected. The objective value is: 0.00016717489212956127
Stopped at iteration 154. 500 items are selected. The objective value is: 0.0002069336020362611
Stopped at iteration 124. 500 items are selected. The objective value is: 0.00015073972798153163
Stopped at iteration 95. 500 items are selected. The objective value is: 9.943325863129786e-05
Stopped at iteration 90. 500 items are selected. The objective value is: 0.00012564820894796954
Stopped at iteration 113. 500 items are selected. The objective value is: 0.00035631421446590087
Stopped at iteration 89. 500 items are selected. The objective value is: 0.0001555009138799879
Stopped at iteration 110. 500 items are selected. The objective value is: 0.00011095735245431866
rounds:  55%|█████▌    | 22/40 [25:59<13:57, 46.52s/it][round  22] per_acc=0.9802 glob_acc=0.8895 train_acc=0.9978 train_loss=0.026 kl(q_w||q)=0.539
Stopped at iteration 126. 500 items are selected. The objective value is: 0.00015062343923893473
Stopped at iteration 157. 500 items are selected. The objective value is: 0.00017284784653097198
Stopped at iteration 209. 500 items are selected. The objective value is: 7.25680533396726e-05
Stopped at iteration 81. 500 items are selected. The objective value is: 0.0003962963156825722
Stopped at iteration 107. 500 items are selected. The objective value is: 0.0002672842397803642
Stopped at iteration 118. 500 items are selected. The objective value is: 0.0005394189428699043
Stopped at iteration 138. 500 items are selected. The objective value is: 0.00021954992263015376
Stopped at iteration 180. 500 items are selected. The objective value is: 8.850982573410023e-05
Stopped at iteration 158. 500 items are selected. The objective value is: 9.641272654079522e-05
Stopped at iteration 301. 500 items are selected. The objective value is: 0.00034704892020578123
Stopped at iteration 301. 500 items are selected. The objective value is: 0.001029417597264238
Stopped at iteration 301. 500 items are selected. The objective value is: 0.0011906041330575112
Stopped at iteration 89. 500 items are selected. The objective value is: 0.00012756574996463505
Stopped at iteration 124. 500 items are selected. The objective value is: 0.0001423159645957075
Stopped at iteration 90. 500 items are selected. The objective value is: 0.00015707981041398187
Stopped at iteration 98. 500 items are selected. The objective value is: 8.078516670605599e-05
Stopped at iteration 101. 500 items are selected. The objective value is: 8.29543701050006e-05
Stopped at iteration 119. 500 items are selected. The objective value is: 3.170605852187964e-05
Stopped at iteration 115. 500 items are selected. The objective value is: 0.00017290686246851448
Stopped at iteration 170. 500 items are selected. The objective value is: 0.00029227543906024215
Stopped at iteration 153. 500 items are selected. The objective value is: 8.887754308457815e-05
Stopped at iteration 163. 500 items are selected. The objective value is: 0.00024279079938897938
Stopped at iteration 138. 500 items are selected. The objective value is: 0.00019280562125364233
Stopped at iteration 134. 500 items are selected. The objective value is: 0.00031223725282483234
Stopped at iteration 79. 500 items are selected. The objective value is: 0.0001169621425975378
Stopped at iteration 102. 500 items are selected. The objective value is: 0.00016775974596530146
Stopped at iteration 126. 500 items are selected. The objective value is: 7.265676175825346e-05
Stopped at iteration 69. 500 items are selected. The objective value is: 0.00010541176675382676
Stopped at iteration 86. 500 items are selected. The objective value is: 0.0005278543178625807
Stopped at iteration 79. 500 items are selected. The objective value is: 0.00019976058498850783
rounds:  57%|█████▊    | 23/40 [26:45<13:04, 46.18s/it][round  23] per_acc=0.9812 glob_acc=0.8967 train_acc=0.9990 train_loss=0.022 kl(q_w||q)=0.701
Stopped at iteration 151. 500 items are selected. The objective value is: 7.405788722295385e-05
Stopped at iteration 210. 500 items are selected. The objective value is: 0.0001267146479094234
Stopped at iteration 134. 500 items are selected. The objective value is: 5.595048839203708e-05
Stopped at iteration 94. 500 items are selected. The objective value is: 0.00022407853017749872
Stopped at iteration 65. 500 items are selected. The objective value is: 0.00039043838681369756
Stopped at iteration 76. 500 items are selected. The objective value is: 7.221016912112184e-05
Stopped at iteration 128. 500 items are selected. The objective value is: 0.0001529499375419611
Stopped at iteration 165. 500 items are selected. The objective value is: 9.472735287621142e-05
Stopped at iteration 111. 500 items are selected. The objective value is: 5.045135810351447e-05
Stopped at iteration 233. 500 items are selected. The objective value is: 0.00022169119510162256
Stopped at iteration 301. 500 items are selected. The objective value is: 0.0007820495033548124
Stopped at iteration 272. 500 items are selected. The objective value is: 0.00010215338847006781
Stopped at iteration 129. 500 items are selected. The objective value is: 0.000302265544662396
Stopped at iteration 119. 500 items are selected. The objective value is: 0.00014982070113433193
Stopped at iteration 96. 500 items are selected. The objective value is: 7.773894304915192e-05
Stopped at iteration 140. 500 items are selected. The objective value is: 6.280140927414201e-05
Stopped at iteration 124. 500 items are selected. The objective value is: 7.953405683826587e-05
Stopped at iteration 167. 500 items are selected. The objective value is: 9.106828635134661e-05
Stopped at iteration 140. 500 items are selected. The objective value is: 0.00011344670812296257
Stopped at iteration 119. 500 items are selected. The objective value is: 0.00032326812942680915
Stopped at iteration 156. 500 items are selected. The objective value is: 0.00015754695361670164
Stopped at iteration 110. 500 items are selected. The objective value is: 0.00020886429787953493
Stopped at iteration 80. 500 items are selected. The objective value is: 0.00012135816116937376
Stopped at iteration 139. 500 items are selected. The objective value is: 0.0005042453115949677
Stopped at iteration 88. 500 items are selected. The objective value is: 0.0001169560964137854
Stopped at iteration 110. 500 items are selected. The objective value is: 0.00020350669353789858
Stopped at iteration 111. 500 items are selected. The objective value is: 9.957077935775197e-05
Stopped at iteration 116. 500 items are selected. The objective value is: 0.00022379356850617146
Stopped at iteration 96. 500 items are selected. The objective value is: 0.00021791470352951203
Stopped at iteration 78. 500 items are selected. The objective value is: 0.00029753567445508464
rounds:  60%|██████    | 24/40 [27:34<12:32, 47.05s/it][round  24] per_acc=0.9832 glob_acc=0.8922 train_acc=0.9991 train_loss=0.022 kl(q_w||q)=0.725
Stopped at iteration 209. 500 items are selected. The objective value is: 0.00014479955434210887
Stopped at iteration 178. 500 items are selected. The objective value is: 6.25211758209098e-05
Stopped at iteration 154. 500 items are selected. The objective value is: 5.516955105124806e-05
Stopped at iteration 88. 500 items are selected. The objective value is: 0.0005348719246755069
Stopped at iteration 96. 500 items are selected. The objective value is: 0.00034356813779965096
Stopped at iteration 88. 500 items are selected. The objective value is: 0.00017879454743155915
Stopped at iteration 102. 500 items are selected. The objective value is: 5.085960037135028e-05
Stopped at iteration 105. 500 items are selected. The objective value is: 0.0001906294083036249
Stopped at iteration 151. 500 items are selected. The objective value is: 6.295610058092931e-05
Stopped at iteration 261. 500 items are selected. The objective value is: 0.00044592112548208696
Stopped at iteration 301. 500 items are selected. The objective value is: 0.0012624887054278387
Stopped at iteration 301. 500 items are selected. The objective value is: 0.0008386827734667869
Stopped at iteration 77. 500 items are selected. The objective value is: 0.00016939998468710985
Stopped at iteration 88. 500 items are selected. The objective value is: 0.0001415009686996328
Stopped at iteration 146. 500 items are selected. The objective value is: 0.00020157436395060142
Stopped at iteration 119. 500 items are selected. The objective value is: 9.111839976319999e-05
Stopped at iteration 128. 500 items are selected. The objective value is: 0.00015526941186775147
Stopped at iteration 141. 500 items are selected. The objective value is: 5.271710492362275e-05
Stopped at iteration 155. 500 items are selected. The objective value is: 0.00032401255642340186
Stopped at iteration 111. 500 items are selected. The objective value is: 0.00010328657474084907
Stopped at iteration 173. 500 items are selected. The objective value is: 0.00015244769941282838
Stopped at iteration 133. 500 items are selected. The objective value is: 0.0002276301475663253
Stopped at iteration 107. 500 items are selected. The objective value is: 0.00028976184990842985
Stopped at iteration 119. 500 items are selected. The objective value is: 0.00016408513495389613
Stopped at iteration 100. 500 items are selected. The objective value is: 0.0003732576734955745
Stopped at iteration 146. 500 items are selected. The objective value is: 0.0003671386499088872
Stopped at iteration 78. 500 items are selected. The objective value is: 0.0001349535589137272
Stopped at iteration 102. 500 items are selected. The objective value is: 0.0001636726192912854
Stopped at iteration 99. 500 items are selected. The objective value is: 0.00019895878931090017
Stopped at iteration 102. 500 items are selected. The objective value is: 0.00010229224406306334
rounds:  62%|██████▎   | 25/40 [28:26<12:07, 48.50s/it][round  25] per_acc=0.9817 glob_acc=0.8965 train_acc=0.9988 train_loss=0.019 kl(q_w||q)=0.434
Stopped at iteration 159. 500 items are selected. The objective value is: 0.0002562275878926607
Stopped at iteration 165. 500 items are selected. The objective value is: 0.00016352141019700282
Stopped at iteration 188. 500 items are selected. The objective value is: 7.248362585638613e-05
Stopped at iteration 100. 500 items are selected. The objective value is: 0.00018672421831359234
Stopped at iteration 68. 500 items are selected. The objective value is: 0.000302496645439815
Stopped at iteration 108. 500 items are selected. The objective value is: 0.0002477368819632483
Stopped at iteration 144. 500 items are selected. The objective value is: 4.790126650649417e-05
Stopped at iteration 110. 500 items are selected. The objective value is: 0.00028129611834912596
Stopped at iteration 159. 500 items are selected. The objective value is: 0.00010429322132730605
Stopped at iteration 301. 500 items are selected. The objective value is: 0.00038728739706286804
Stopped at iteration 301. 500 items are selected. The objective value is: 0.0004625862244028557
Stopped at iteration 301. 500 items are selected. The objective value is: 0.001010567065931144
Stopped at iteration 78. 500 items are selected. The objective value is: 0.00031396288655471813
Stopped at iteration 120. 500 items are selected. The objective value is: 8.860382907405086e-05
Stopped at iteration 86. 500 items are selected. The objective value is: 0.00010870775273619637
Stopped at iteration 109. 500 items are selected. The objective value is: 0.0001318644188170049
Stopped at iteration 157. 500 items are selected. The objective value is: 0.00012351763588662798
Stopped at iteration 107. 500 items are selected. The objective value is: 4.658539446029835e-05
Stopped at iteration 150. 500 items are selected. The objective value is: 7.451994812126781e-05
Stopped at iteration 251. 500 items are selected. The objective value is: 0.000272401366068317
Stopped at iteration 174. 500 items are selected. The objective value is: 0.00013663282982139476
Stopped at iteration 136. 500 items are selected. The objective value is: 0.00011346893869762991
Stopped at iteration 86. 500 items are selected. The objective value is: 0.00011672981489245077
Stopped at iteration 148. 500 items are selected. The objective value is: 0.00014062046691771276
Stopped at iteration 82. 500 items are selected. The objective value is: 0.00019360556939104415
Stopped at iteration 108. 500 items are selected. The objective value is: 0.0001932781217857242
Stopped at iteration 125. 500 items are selected. The objective value is: 0.00012170352364865047
Stopped at iteration 70. 500 items are selected. The objective value is: 0.00023371445337868672
Stopped at iteration 110. 500 items are selected. The objective value is: 0.0003914822876063257
Stopped at iteration 118. 500 items are selected. The objective value is: 0.00015371919482415003
rounds:  65%|██████▌   | 26/40 [29:15<11:21, 48.68s/it][round  26] per_acc=0.9807 glob_acc=0.8900 train_acc=0.9992 train_loss=0.021 kl(q_w||q)=0.688
Stopped at iteration 135. 500 items are selected. The objective value is: 7.195185524488057e-05
Stopped at iteration 172. 500 items are selected. The objective value is: 0.00011106752924115664
Stopped at iteration 148. 500 items are selected. The objective value is: 5.065026870609036e-05
Stopped at iteration 83. 500 items are selected. The objective value is: 0.00015023942197849488
Stopped at iteration 86. 500 items are selected. The objective value is: 0.00013553026524979915
Stopped at iteration 70. 500 items are selected. The objective value is: 7.109860638053926e-05
Stopped at iteration 136. 500 items are selected. The objective value is: 0.0001307213120588831
Stopped at iteration 197. 500 items are selected. The objective value is: 5.240281048183688e-05
Stopped at iteration 190. 500 items are selected. The objective value is: 0.00016424495555213847
Stopped at iteration 229. 500 items are selected. The objective value is: 0.00015071260167520237
Stopped at iteration 215. 500 items are selected. The objective value is: 9.225979065231425e-05
Stopped at iteration 301. 500 items are selected. The objective value is: 0.00012829936884785548
Stopped at iteration 86. 500 items are selected. The objective value is: 0.00010244448817809837
Stopped at iteration 111. 500 items are selected. The objective value is: 6.658699997566173e-05
Stopped at iteration 105. 500 items are selected. The objective value is: 0.00010516834490490522
Stopped at iteration 108. 500 items are selected. The objective value is: 0.00020403310991686308
Stopped at iteration 151. 500 items are selected. The objective value is: 9.823293143514156e-05
Stopped at iteration 121. 500 items are selected. The objective value is: 3.500077998025537e-05
Stopped at iteration 105. 500 items are selected. The objective value is: 0.00010815819216341892
Stopped at iteration 213. 500 items are selected. The objective value is: 0.0003126189449471966
Stopped at iteration 121. 500 items are selected. The objective value is: 5.925910875008138e-05
Stopped at iteration 137. 500 items are selected. The objective value is: 0.00023181090000716162
Stopped at iteration 124. 500 items are selected. The objective value is: 0.00012943869263151188
Stopped at iteration 99. 500 items are selected. The objective value is: 0.0001287559984694567
Stopped at iteration 148. 500 items are selected. The objective value is: 0.00013636624922510528
Stopped at iteration 90. 500 items are selected. The objective value is: 9.443579036233214e-05
Stopped at iteration 78. 500 items are selected. The objective value is: 0.00015014250681047488
Stopped at iteration 88. 500 items are selected. The objective value is: 0.00062032645289765
Stopped at iteration 128. 500 items are selected. The objective value is: 0.0001232774295316174
rounds:  68%|██████▊   | 27/40 [30:04<10:36, 48.97s/it][round  27] per_acc=0.9810 glob_acc=0.9015 train_acc=0.9996 train_loss=0.017 kl(q_w||q)=0.538
Stopped at iteration 255. 500 items are selected. The objective value is: 0.0001079757457169831
Stopped at iteration 202. 500 items are selected. The objective value is: 6.410266295437249e-05
Stopped at iteration 217. 500 items are selected. The objective value is: 0.0001841293693816443
Stopped at iteration 111. 500 items are selected. The objective value is: 0.00021548836898252637
Stopped at iteration 99. 500 items are selected. The objective value is: 0.0002045023404002407
Stopped at iteration 108. 500 items are selected. The objective value is: 0.00019458730192430945
Stopped at iteration 90. 500 items are selected. The objective value is: 3.9744388882920235e-05
Stopped at iteration 126. 500 items are selected. The objective value is: 8.509586413368976e-05
Stopped at iteration 235. 500 items are selected. The objective value is: 7.735935133363988e-05
Stopped at iteration 301. 500 items are selected. The objective value is: 0.0005615337756328723
Stopped at iteration 301. 500 items are selected. The objective value is: 0.0007998453757211196
Stopped at iteration 301. 500 items are selected. The objective value is: 0.00022128703915292092
Stopped at iteration 91. 500 items are selected. The objective value is: 5.812874475071403e-05
Stopped at iteration 96. 500 items are selected. The objective value is: 0.00013025397555473036
Stopped at iteration 81. 500 items are selected. The objective value is: 9.154477973613486e-05
Stopped at iteration 107. 500 items are selected. The objective value is: 0.00011240238802381974
Stopped at iteration 168. 500 items are selected. The objective value is: 5.6827478484514756e-05
Stopped at iteration 111. 500 items are selected. The objective value is: 3.151465494623867e-05
Stopped at iteration 119. 500 items are selected. The objective value is: 0.00020430360547611589
Stopped at iteration 117. 500 items are selected. The objective value is: 0.00014760249558326048
Stopped at iteration 136. 500 items are selected. The objective value is: 9.273500480488521e-05
Stopped at iteration 86. 500 items are selected. The objective value is: 0.00018461140228739185
Stopped at iteration 118. 500 items are selected. The objective value is: 0.00016014589369783058
Stopped at iteration 103. 500 items are selected. The objective value is: 0.00011852809859383888
Stopped at iteration 119. 500 items are selected. The objective value is: 0.0002255394348935069
Stopped at iteration 124. 500 items are selected. The objective value is: 0.00010534972072198369
Stopped at iteration 105. 500 items are selected. The objective value is: 0.00010428021936029712
Stopped at iteration 120. 500 items are selected. The objective value is: 0.0001699650147067242
Stopped at iteration 73. 500 items are selected. The objective value is: 0.00031362472620444253
Stopped at iteration 121. 500 items are selected. The objective value is: 0.00020123260075478845
rounds:  70%|███████   | 28/40 [30:51<09:39, 48.27s/it][round  28] per_acc=0.9827 glob_acc=0.9055 train_acc=0.9993 train_loss=0.016 kl(q_w||q)=0.491
Stopped at iteration 147. 500 items are selected. The objective value is: 7.199016434622525e-05
Stopped at iteration 167. 500 items are selected. The objective value is: 5.0450612423151715e-05
Stopped at iteration 195. 500 items are selected. The objective value is: 7.774854875164818e-05
Stopped at iteration 91. 500 items are selected. The objective value is: 0.00013814368418459407
Stopped at iteration 83. 500 items are selected. The objective value is: 0.0001617570915949804
Stopped at iteration 116. 500 items are selected. The objective value is: 0.0003964459206000007
Stopped at iteration 145. 500 items are selected. The objective value is: 0.00021595176912071482
Stopped at iteration 149. 500 items are selected. The objective value is: 6.33118936217298e-05
Stopped at iteration 194. 500 items are selected. The objective value is: 4.8798294136583894e-05
Stopped at iteration 301. 500 items are selected. The objective value is: 0.000531027627223272
Stopped at iteration 301. 500 items are selected. The objective value is: 0.0010734781583245881
Stopped at iteration 301. 500 items are selected. The objective value is: 0.00013901785680273365
Stopped at iteration 79. 500 items are selected. The objective value is: 0.00017829368612506057
Stopped at iteration 88. 500 items are selected. The objective value is: 7.087584563990835e-05
Stopped at iteration 119. 500 items are selected. The objective value is: 0.00016115751239081447
Stopped at iteration 62. 500 items are selected. The objective value is: 0.00010972661147352905
Stopped at iteration 135. 500 items are selected. The objective value is: 0.0001121834368721381
Stopped at iteration 200. 500 items are selected. The objective value is: 5.809052890510048e-05
Stopped at iteration 168. 500 items are selected. The objective value is: 0.00010353396293634165
Stopped at iteration 246. 500 items are selected. The objective value is: 0.00023003486784831985
Stopped at iteration 149. 500 items are selected. The objective value is: 0.00020158955140522891
Stopped at iteration 142. 500 items are selected. The objective value is: 0.00017675667241822337
Stopped at iteration 130. 500 items are selected. The objective value is: 0.00017988170792434676
Stopped at iteration 105. 500 items are selected. The objective value is: 0.00010953668561045936
Stopped at iteration 83. 500 items are selected. The objective value is: 0.0002388036778492311
Stopped at iteration 92. 500 items are selected. The objective value is: 6.007960533383469e-05
Stopped at iteration 153. 500 items are selected. The objective value is: 0.00019008329738075724
Stopped at iteration 87. 500 items are selected. The objective value is: 0.0001377024358588248
Stopped at iteration 86. 500 items are selected. The objective value is: 0.0002314836020344038
Stopped at iteration 93. 500 items are selected. The objective value is: 0.00017624271091226017
rounds:  72%|███████▎  | 29/40 [31:47<09:14, 50.44s/it][round  29] per_acc=0.9825 glob_acc=0.9068 train_acc=0.9995 train_loss=0.015 kl(q_w||q)=0.550
Stopped at iteration 155. 500 items are selected. The objective value is: 0.0001270680469596783
Stopped at iteration 152. 500 items are selected. The objective value is: 0.00012352025040095785
Stopped at iteration 237. 500 items are selected. The objective value is: 4.318644571159406e-05
Stopped at iteration 124. 500 items are selected. The objective value is: 0.00021094922856762562
Stopped at iteration 135. 500 items are selected. The objective value is: 8.236046980035704e-05
Stopped at iteration 215. 500 items are selected. The objective value is: 0.00011062894895798177
Stopped at iteration 299. 500 items are selected. The objective value is: 0.00015326474110557406
Stopped at iteration 301. 500 items are selected. The objective value is: 0.0013707057954467257
Stopped at iteration 301. 500 items are selected. The objective value is: 0.0004285892463129298
Stopped at iteration 301. 500 items are selected. The objective value is: 0.001652364695896309
Stopped at iteration 113. 500 items are selected. The objective value is: 0.00018493089311454739
Stopped at iteration 98. 500 items are selected. The objective value is: 0.0002516565011000362
Stopped at iteration 97. 500 items are selected. The objective value is: 0.00017500228639697656
Stopped at iteration 113. 500 items are selected. The objective value is: 0.00012715012552304506
Stopped at iteration 119. 500 items are selected. The objective value is: 1.8062972433763302e-05
Stopped at iteration 150. 500 items are selected. The objective value is: 2.806889231342651e-05
Stopped at iteration 151. 500 items are selected. The objective value is: 0.0006392772384340485
Stopped at iteration 168. 500 items are selected. The objective value is: 0.00017761682046839897
Stopped at iteration 180. 500 items are selected. The objective value is: 0.00010182057548166251
Stopped at iteration 198. 500 items are selected. The objective value is: 0.00029632884223871556
Stopped at iteration 169. 500 items are selected. The objective value is: 0.0005892008351436361
Stopped at iteration 90. 500 items are selected. The objective value is: 9.37723644675973e-05
Stopped at iteration 104. 500 items are selected. The objective value is: 0.00011050380704460247
Stopped at iteration 109. 500 items are selected. The objective value is: 0.00030059623339998053
Stopped at iteration 141. 500 items are selected. The objective value is: 0.00019266894968589536
Stopped at iteration 95. 500 items are selected. The objective value is: 0.00011925691399424576
Stopped at iteration 76. 500 items are selected. The objective value is: 0.00022220496755834298
Stopped at iteration 78. 500 items are selected. The objective value is: 0.00011609409220788791
rounds:  75%|███████▌  | 30/40 [32:43<08:42, 52.26s/it][round  30] per_acc=0.9825 glob_acc=0.9080 train_acc=0.9994 train_loss=0.016 kl(q_w||q)=0.582
Stopped at iteration 184. 500 items are selected. The objective value is: 8.177308406920053e-05
Stopped at iteration 146. 500 items are selected. The objective value is: 0.00012356851555594777
Stopped at iteration 143. 500 items are selected. The objective value is: 4.6177170261507436e-05
Stopped at iteration 88. 500 items are selected. The objective value is: 0.000454627338492511
Stopped at iteration 73. 500 items are selected. The objective value is: 0.0001697932544025909
Stopped at iteration 78. 500 items are selected. The objective value is: 8.572453213147472e-05
Stopped at iteration 204. 500 items are selected. The objective value is: 9.07866191229064e-05
Stopped at iteration 178. 500 items are selected. The objective value is: 0.00010102386003593941
Stopped at iteration 141. 500 items are selected. The objective value is: 5.696147095820489e-05
Stopped at iteration 301. 500 items are selected. The objective value is: 0.0007960364870139643
Stopped at iteration 301. 500 items are selected. The objective value is: 0.0017882226441092973
Stopped at iteration 301. 500 items are selected. The objective value is: 9.3096721682144e-05
Stopped at iteration 82. 500 items are selected. The objective value is: 0.0001631780017881054
Stopped at iteration 174. 500 items are selected. The objective value is: 0.00015226322479497005
Stopped at iteration 155. 500 items are selected. The objective value is: 9.492189056569326e-05
Stopped at iteration 144. 500 items are selected. The objective value is: 9.082371374867824e-05
Stopped at iteration 137. 500 items are selected. The objective value is: 4.198992020387335e-05
Stopped at iteration 175. 500 items are selected. The objective value is: 4.2403478755950005e-05
Stopped at iteration 193. 500 items are selected. The objective value is: 0.00012951555487860682
Stopped at iteration 135. 500 items are selected. The objective value is: 0.00016028693085727949
Stopped at iteration 158. 500 items are selected. The objective value is: 7.59359615540753e-05
Stopped at iteration 111. 500 items are selected. The objective value is: 0.00010108645196177617
Stopped at iteration 95. 500 items are selected. The objective value is: 0.00013561573939488715
Stopped at iteration 200. 500 items are selected. The objective value is: 0.00020151037344478582
Stopped at iteration 126. 500 items are selected. The objective value is: 0.00017169931960299209
Stopped at iteration 122. 500 items are selected. The objective value is: 0.00011593206237579623
Stopped at iteration 120. 500 items are selected. The objective value is: 5.3382713347940456e-05
Stopped at iteration 141. 500 items are selected. The objective value is: 0.00028528152109533433
Stopped at iteration 71. 500 items are selected. The objective value is: 0.00014600215738324435
Stopped at iteration 106. 500 items are selected. The objective value is: 0.00026525512478327686
rounds:  78%|███████▊  | 31/40 [33:37<07:53, 52.62s/it][round  31] per_acc=0.9820 glob_acc=0.8987 train_acc=0.9997 train_loss=0.015 kl(q_w||q)=0.552
Stopped at iteration 124. 500 items are selected. The objective value is: 4.892438739381795e-05
Stopped at iteration 198. 500 items are selected. The objective value is: 8.317969465158999e-05
Stopped at iteration 202. 500 items are selected. The objective value is: 6.982102266493966e-05
Stopped at iteration 73. 500 items are selected. The objective value is: 0.00018521305036554574
Stopped at iteration 66. 500 items are selected. The objective value is: 0.00026398482536626366
Stopped at iteration 113. 500 items are selected. The objective value is: 0.00017634650696743474
Stopped at iteration 255. 500 items are selected. The objective value is: 0.0001447629819561729
Stopped at iteration 138. 500 items are selected. The objective value is: 0.00016004098312412548
Stopped at iteration 120. 500 items are selected. The objective value is: 4.096329687786096e-05
Stopped at iteration 301. 500 items are selected. The objective value is: 0.001781147505410893
Stopped at iteration 301. 500 items are selected. The objective value is: 0.0011982658287209543
Stopped at iteration 301. 500 items are selected. The objective value is: 0.00017292904045094142
Stopped at iteration 96. 500 items are selected. The objective value is: 0.00011064915791277616
Stopped at iteration 100. 500 items are selected. The objective value is: 5.719350653655805e-05
Stopped at iteration 86. 500 items are selected. The objective value is: 8.622223604612697e-05
Stopped at iteration 105. 500 items are selected. The objective value is: 8.47982752859211e-05
Stopped at iteration 153. 500 items are selected. The objective value is: 1.9136782483874653e-05
Stopped at iteration 135. 500 items are selected. The objective value is: 3.1901841356806075e-05
Stopped at iteration 93. 500 items are selected. The objective value is: 6.288354581335903e-05
Stopped at iteration 206. 500 items are selected. The objective value is: 0.0002720723580130298
Stopped at iteration 205. 500 items are selected. The objective value is: 8.362664057205571e-05
Stopped at iteration 92. 500 items are selected. The objective value is: 0.00015161532169844053
Stopped at iteration 160. 500 items are selected. The objective value is: 0.00021572089211357193
Stopped at iteration 115. 500 items are selected. The objective value is: 0.00022212485538172457
Stopped at iteration 83. 500 items are selected. The objective value is: 4.95885034179926e-05
Stopped at iteration 67. 500 items are selected. The objective value is: 0.00017946771449728406
Stopped at iteration 77. 500 items are selected. The objective value is: 0.0002725098476250186
rounds:  80%|████████  | 32/40 [34:22<06:43, 50.41s/it][round  32] per_acc=0.9812 glob_acc=0.8985 train_acc=0.9995 train_loss=0.015 kl(q_w||q)=0.502
Stopped at iteration 127. 500 items are selected. The objective value is: 8.00904644463564e-05
Stopped at iteration 256. 500 items are selected. The objective value is: 9.598843640168083e-05
Stopped at iteration 228. 500 items are selected. The objective value is: 8.54083407424796e-05
Stopped at iteration 121. 500 items are selected. The objective value is: 0.0001746375276621885
Stopped at iteration 81. 500 items are selected. The objective value is: 0.0002493697653793063
Stopped at iteration 99. 500 items are selected. The objective value is: 0.0002030342995113092
Stopped at iteration 205. 500 items are selected. The objective value is: 0.00010627978064287234
Stopped at iteration 200. 500 items are selected. The objective value is: 6.397189210614738e-05
Stopped at iteration 104. 500 items are selected. The objective value is: 2.8109675722049026e-05
Stopped at iteration 284. 500 items are selected. The objective value is: 0.00010550117539093858
Stopped at iteration 301. 500 items are selected. The objective value is: 0.00017320457838817627
Stopped at iteration 301. 500 items are selected. The objective value is: 0.00013360237947816528
Stopped at iteration 102. 500 items are selected. The objective value is: 0.0003779268049423705
Stopped at iteration 84. 500 items are selected. The objective value is: 5.4530145416056436e-05
Stopped at iteration 98. 500 items are selected. The objective value is: 4.2135682525781344e-05
Stopped at iteration 151. 500 items are selected. The objective value is: 0.00018648181782288155
Stopped at iteration 103. 500 items are selected. The objective value is: 3.905550014322862e-05
Stopped at iteration 243. 500 items are selected. The objective value is: 7.075948480592866e-05
Stopped at iteration 178. 500 items are selected. The objective value is: 0.00015955397391718507
Stopped at iteration 170. 500 items are selected. The objective value is: 0.00020882495496513372
Stopped at iteration 102. 500 items are selected. The objective value is: 7.86879469175098e-05
Stopped at iteration 106. 500 items are selected. The objective value is: 0.0001734213153921372
Stopped at iteration 134. 500 items are selected. The objective value is: 0.0003246104681105913
Stopped at iteration 129. 500 items are selected. The objective value is: 6.11384674034209e-05
Stopped at iteration 105. 500 items are selected. The objective value is: 5.912495634619696e-05
Stopped at iteration 121. 500 items are selected. The objective value is: 0.00016209462289833458
Stopped at iteration 157. 500 items are selected. The objective value is: 0.00013911414620193264
Stopped at iteration 108. 500 items are selected. The objective value is: 0.00041156617666508586
Stopped at iteration 91. 500 items are selected. The objective value is: 0.000196289505503051
Stopped at iteration 99. 500 items are selected. The objective value is: 0.00013976382846930683
rounds:  82%|████████▎ | 33/40 [35:15<05:58, 51.25s/it][round  33] per_acc=0.9832 glob_acc=0.9223 train_acc=0.9998 train_loss=0.013 kl(q_w||q)=0.458
Stopped at iteration 148. 500 items are selected. The objective value is: 8.00354885032908e-05
Stopped at iteration 157. 500 items are selected. The objective value is: 0.0001369076815664459
Stopped at iteration 184. 500 items are selected. The objective value is: 4.554104749531884e-05
Stopped at iteration 66. 500 items are selected. The objective value is: 0.0001412960617411919
Stopped at iteration 99. 500 items are selected. The objective value is: 0.0001239433274486868
Stopped at iteration 94. 500 items are selected. The objective value is: 0.00011203212820066261
Stopped at iteration 231. 500 items are selected. The objective value is: 0.0001586741893138823
Stopped at iteration 240. 500 items are selected. The objective value is: 6.0432520362493255e-05
Stopped at iteration 262. 500 items are selected. The objective value is: 4.6438563912325105e-05
Stopped at iteration 263. 500 items are selected. The objective value is: 0.00013466648797409156
Stopped at iteration 301. 500 items are selected. The objective value is: 0.004532292618700856
Stopped at iteration 301. 500 items are selected. The objective value is: 0.00018964276333518552
Stopped at iteration 85. 500 items are selected. The objective value is: 0.0001165702252110793
Stopped at iteration 92. 500 items are selected. The objective value is: 6.004269455429824e-05
Stopped at iteration 112. 500 items are selected. The objective value is: 5.885949420800872e-05
Stopped at iteration 101. 500 items are selected. The objective value is: 4.801969026841416e-05
Stopped at iteration 196. 500 items are selected. The objective value is: 4.9468293125328326e-05
Stopped at iteration 133. 500 items are selected. The objective value is: 5.4815139380885295e-05
Stopped at iteration 173. 500 items are selected. The objective value is: 0.0003599813974136899
Stopped at iteration 198. 500 items are selected. The objective value is: 9.717516331762683e-05
Stopped at iteration 100. 500 items are selected. The objective value is: 3.327980500551901e-05
Stopped at iteration 114. 500 items are selected. The objective value is: 0.00011360760618421383
Stopped at iteration 111. 500 items are selected. The objective value is: 8.734349626170467e-05
Stopped at iteration 101. 500 items are selected. The objective value is: 7.771223619577911e-05
Stopped at iteration 89. 500 items are selected. The objective value is: 6.940647223060842e-05
Stopped at iteration 136. 500 items are selected. The objective value is: 0.00014437742629707013
Stopped at iteration 105. 500 items are selected. The objective value is: 6.693131513093712e-05
Stopped at iteration 128. 500 items are selected. The objective value is: 0.00011572146009685738
Stopped at iteration 118. 500 items are selected. The objective value is: 0.0002714487832854791
Stopped at iteration 98. 500 items are selected. The objective value is: 8.694048095387845e-05
rounds:  85%|████████▌ | 34/40 [36:13<05:19, 53.24s/it][round  34] per_acc=0.9832 glob_acc=0.8992 train_acc=1.0000 train_loss=0.011 kl(q_w||q)=0.419
Stopped at iteration 148. 500 items are selected. The objective value is: 5.0500702165865634e-05
Stopped at iteration 245. 500 items are selected. The objective value is: 9.810308323410295e-05
Stopped at iteration 196. 500 items are selected. The objective value is: 7.58632384855987e-05
Stopped at iteration 86. 500 items are selected. The objective value is: 0.00016044839372987728
Stopped at iteration 119. 500 items are selected. The objective value is: 0.0002367462971670067
Stopped at iteration 192. 500 items are selected. The objective value is: 0.00032371615054038104
Stopped at iteration 87. 500 items are selected. The objective value is: 5.692392105171137e-05
Stopped at iteration 184. 500 items are selected. The objective value is: 3.4880535206713825e-05
Stopped at iteration 118. 500 items are selected. The objective value is: 3.0595317345751634e-05
Stopped at iteration 301. 500 items are selected. The objective value is: 0.00033063837691298126
Stopped at iteration 265. 500 items are selected. The objective value is: 4.017095758616111e-05
Stopped at iteration 301. 500 items are selected. The objective value is: 0.0001892495590806584
Stopped at iteration 101. 500 items are selected. The objective value is: 0.00011199690499841063
Stopped at iteration 110. 500 items are selected. The objective value is: 0.00013429139265318287
Stopped at iteration 103. 500 items are selected. The objective value is: 5.4363064652750406e-05
Stopped at iteration 101. 500 items are selected. The objective value is: 2.812241804167055e-05
Stopped at iteration 192. 500 items are selected. The objective value is: 5.783403127380476e-05
Stopped at iteration 170. 500 items are selected. The objective value is: 4.527051244641079e-05
Stopped at iteration 142. 500 items are selected. The objective value is: 6.591913520885812e-05
Stopped at iteration 168. 500 items are selected. The objective value is: 0.00016111770655696374
Stopped at iteration 167. 500 items are selected. The objective value is: 9.566484151792156e-05
Stopped at iteration 152. 500 items are selected. The objective value is: 0.00011978377279567935
Stopped at iteration 194. 500 items are selected. The objective value is: 0.00011936567590608915
Stopped at iteration 141. 500 items are selected. The objective value is: 0.00017878588585299414
Stopped at iteration 113. 500 items are selected. The objective value is: 0.00014665296746904318
Stopped at iteration 103. 500 items are selected. The objective value is: 7.908304547973857e-05
Stopped at iteration 142. 500 items are selected. The objective value is: 0.00018166924403722307
Stopped at iteration 87. 500 items are selected. The objective value is: 0.00010405208276053084
Stopped at iteration 102. 500 items are selected. The objective value is: 0.00011087914579510176
Stopped at iteration 79. 500 items are selected. The objective value is: 0.0001471753479442996
rounds:  88%|████████▊ | 35/40 [36:59<04:15, 51.13s/it][round  35] per_acc=0.9830 glob_acc=0.8947 train_acc=0.9998 train_loss=0.009 kl(q_w||q)=0.413
Stopped at iteration 151. 500 items are selected. The objective value is: 3.123735367337064e-05
Stopped at iteration 159. 500 items are selected. The objective value is: 7.186711180945149e-05
Stopped at iteration 214. 500 items are selected. The objective value is: 2.7881458184282517e-05
Stopped at iteration 73. 500 items are selected. The objective value is: 0.00012911658890211411
Stopped at iteration 100. 500 items are selected. The objective value is: 5.1270346601186495e-05
Stopped at iteration 104. 500 items are selected. The objective value is: 8.285378273313246e-05
Stopped at iteration 96. 500 items are selected. The objective value is: 3.9145530819422745e-05
Stopped at iteration 150. 500 items are selected. The objective value is: 0.0001230786602489718
Stopped at iteration 135. 500 items are selected. The objective value is: 3.2135936240976025e-05
Stopped at iteration 301. 500 items are selected. The objective value is: 0.0018589387545119435
Stopped at iteration 301. 500 items are selected. The objective value is: 0.0003994691445877395
Stopped at iteration 301. 500 items are selected. The objective value is: 3.265819228858717e-05
Stopped at iteration 124. 500 items are selected. The objective value is: 8.827859146280576e-05
Stopped at iteration 85. 500 items are selected. The objective value is: 5.774105529446451e-05
Stopped at iteration 143. 500 items are selected. The objective value is: 0.0002007993150681531
Stopped at iteration 168. 500 items are selected. The objective value is: 6.27362115431439e-05
Stopped at iteration 133. 500 items are selected. The objective value is: 1.987395648460666e-05
Stopped at iteration 136. 500 items are selected. The objective value is: 3.741820784932599e-05
Stopped at iteration 130. 500 items are selected. The objective value is: 4.862310778870831e-05
Stopped at iteration 238. 500 items are selected. The objective value is: 0.0002815995897250639
Stopped at iteration 149. 500 items are selected. The objective value is: 4.6487094124602336e-05
Stopped at iteration 132. 500 items are selected. The objective value is: 0.00029606836765560206
Stopped at iteration 109. 500 items are selected. The objective value is: 0.00014910172550165602
Stopped at iteration 224. 500 items are selected. The objective value is: 7.736028495826265e-05
Stopped at iteration 120. 500 items are selected. The objective value is: 0.00032232921770181306
Stopped at iteration 155. 500 items are selected. The objective value is: 0.00010390060232909997
Stopped at iteration 169. 500 items are selected. The objective value is: 6.569373231246231e-05
Stopped at iteration 126. 500 items are selected. The objective value is: 0.00026890038987739467
Stopped at iteration 145. 500 items are selected. The objective value is: 0.0003067180901984081
Stopped at iteration 99. 500 items are selected. The objective value is: 0.00021560442340127838
rounds:  90%|█████████ | 36/40 [37:45<03:18, 49.52s/it][round  36] per_acc=0.9832 glob_acc=0.9055 train_acc=0.9999 train_loss=0.009 kl(q_w||q)=0.445
Stopped at iteration 126. 500 items are selected. The objective value is: 0.0001093440827575206
Stopped at iteration 146. 500 items are selected. The objective value is: 3.976613923966171e-05
Stopped at iteration 197. 500 items are selected. The objective value is: 3.855466883366554e-05
Stopped at iteration 91. 500 items are selected. The objective value is: 0.00016218081746940507
Stopped at iteration 221. 500 items are selected. The objective value is: 0.0001583638633895062
Stopped at iteration 118. 500 items are selected. The objective value is: 0.00025836597170267095
Stopped at iteration 301. 500 items are selected. The objective value is: 0.00038183395692245516
Stopped at iteration 201. 500 items are selected. The objective value is: 5.630412450928926e-05
Stopped at iteration 165. 500 items are selected. The objective value is: 6.363381563293998e-05
Stopped at iteration 301. 500 items are selected. The objective value is: 0.00012889741740641257
Stopped at iteration 296. 500 items are selected. The objective value is: 4.5538754010983584e-05
Stopped at iteration 301. 500 items are selected. The objective value is: 0.00035559487939244817
Stopped at iteration 105. 500 items are selected. The objective value is: 5.3084678639332286e-05
Stopped at iteration 130. 500 items are selected. The objective value is: 7.080585086075518e-05
Stopped at iteration 144. 500 items are selected. The objective value is: 0.00027865689366790504
Stopped at iteration 154. 500 items are selected. The objective value is: 0.0001156360152882277
Stopped at iteration 199. 500 items are selected. The objective value is: 0.00012239581824101124
Stopped at iteration 115. 500 items are selected. The objective value is: 3.234508231107004e-05
Stopped at iteration 147. 500 items are selected. The objective value is: 0.00010009968713511024
Stopped at iteration 164. 500 items are selected. The objective value is: 5.489111715792915e-05
Stopped at iteration 274. 500 items are selected. The objective value is: 0.00017389081836339797
Stopped at iteration 151. 500 items are selected. The objective value is: 4.369234058851172e-05
Stopped at iteration 126. 500 items are selected. The objective value is: 0.00014009058125657062
Stopped at iteration 116. 500 items are selected. The objective value is: 7.25304796780501e-05
Stopped at iteration 96. 500 items are selected. The objective value is: 0.00010975767393827957
Stopped at iteration 117. 500 items are selected. The objective value is: 9.034039260996439e-05
Stopped at iteration 77. 500 items are selected. The objective value is: 7.2716930179357e-05
Stopped at iteration 89. 500 items are selected. The objective value is: 6.643005171205413e-05
Stopped at iteration 99. 500 items are selected. The objective value is: 0.00015392827383794606
Stopped at iteration 129. 500 items are selected. The objective value is: 0.00019724440501997295
rounds:  92%|█████████▎| 37/40 [38:30<02:24, 48.12s/it][round  37] per_acc=0.9822 glob_acc=0.9070 train_acc=0.9999 train_loss=0.009 kl(q_w||q)=0.542
Stopped at iteration 108. 500 items are selected. The objective value is: 4.216392659501312e-05
Stopped at iteration 163. 500 items are selected. The objective value is: 8.760623393471395e-05
Stopped at iteration 226. 500 items are selected. The objective value is: 6.432514221391635e-05
Stopped at iteration 69. 500 items are selected. The objective value is: 7.00835269067751e-05
Stopped at iteration 79. 500 items are selected. The objective value is: 0.00018493062620947252
Stopped at iteration 101. 500 items are selected. The objective value is: 0.00010098503662979616
Stopped at iteration 115. 500 items are selected. The objective value is: 0.00011787707684157569
Stopped at iteration 176. 500 items are selected. The objective value is: 4.728354003077715e-05
Stopped at iteration 161. 500 items are selected. The objective value is: 3.6526478248632166e-05
Stopped at iteration 301. 500 items are selected. The objective value is: 0.0011130047103733117
Stopped at iteration 301. 500 items are selected. The objective value is: 0.0006319371428704663
Stopped at iteration 301. 500 items are selected. The objective value is: 0.001096370014069919
Stopped at iteration 122. 500 items are selected. The objective value is: 6.281203353519142e-05
Stopped at iteration 107. 500 items are selected. The objective value is: 3.389817756003033e-05
Stopped at iteration 106. 500 items are selected. The objective value is: 4.133024941561762e-05
Stopped at iteration 151. 500 items are selected. The objective value is: 4.806710005396336e-05
Stopped at iteration 152. 500 items are selected. The objective value is: 5.4078098125416524e-05
Stopped at iteration 166. 500 items are selected. The objective value is: 0.00011404297617052633
Stopped at iteration 163. 500 items are selected. The objective value is: 5.523704533301574e-05
Stopped at iteration 115. 500 items are selected. The objective value is: 0.00021848271648633588
Stopped at iteration 104. 500 items are selected. The objective value is: 4.664085289080774e-05
Stopped at iteration 201. 500 items are selected. The objective value is: 0.00018220941562245734
Stopped at iteration 119. 500 items are selected. The objective value is: 9.324027834794042e-05
Stopped at iteration 153. 500 items are selected. The objective value is: 0.00017354657844402744
Stopped at iteration 86. 500 items are selected. The objective value is: 0.00021611785495795224
Stopped at iteration 128. 500 items are selected. The objective value is: 8.80833667253601e-05
Stopped at iteration 106. 500 items are selected. The objective value is: 9.781321967602147e-05
rounds:  95%|█████████▌| 38/40 [39:10<01:31, 45.83s/it][round  38] per_acc=0.9825 glob_acc=0.9153 train_acc=0.9998 train_loss=0.008 kl(q_w||q)=0.573
Stopped at iteration 210. 500 items are selected. The objective value is: 6.625498981151283e-05
Stopped at iteration 168. 500 items are selected. The objective value is: 3.973044908701822e-05
Stopped at iteration 250. 500 items are selected. The objective value is: 9.889373691704255e-05
Stopped at iteration 85. 500 items are selected. The objective value is: 0.0001714496315474697
Stopped at iteration 115. 500 items are selected. The objective value is: 0.00016168425912265114
Stopped at iteration 93. 500 items are selected. The objective value is: 0.000147381400726353
Stopped at iteration 138. 500 items are selected. The objective value is: 4.690653423315423e-05
Stopped at iteration 190. 500 items are selected. The objective value is: 8.401040319620662e-05
Stopped at iteration 113. 500 items are selected. The objective value is: 3.225166812017688e-05
Stopped at iteration 301. 500 items are selected. The objective value is: 0.0006200162898496797
Stopped at iteration 301. 500 items are selected. The objective value is: 0.0012123552922204356
Stopped at iteration 301. 500 items are selected. The objective value is: 0.0010689178901060496
Stopped at iteration 117. 500 items are selected. The objective value is: 6.55230474690904e-05
Stopped at iteration 112. 500 items are selected. The objective value is: 0.00010979917540124073
Stopped at iteration 165. 500 items are selected. The objective value is: 5.5728194695459007e-05
Stopped at iteration 87. 500 items are selected. The objective value is: 3.692661061356171e-05
Stopped at iteration 167. 500 items are selected. The objective value is: 8.734248597295367e-05
Stopped at iteration 189. 500 items are selected. The objective value is: 2.8387354414362676e-05
Stopped at iteration 160. 500 items are selected. The objective value is: 0.00013893882100054518
Stopped at iteration 153. 500 items are selected. The objective value is: 5.8950210199253555e-05
Stopped at iteration 243. 500 items are selected. The objective value is: 0.0001032793015516606
Stopped at iteration 147. 500 items are selected. The objective value is: 0.00042631105692442065
Stopped at iteration 132. 500 items are selected. The objective value is: 0.0001955053150766108
Stopped at iteration 119. 500 items are selected. The objective value is: 7.399993316472687e-05
Stopped at iteration 109. 500 items are selected. The objective value is: 8.01506330130526e-05
Stopped at iteration 123. 500 items are selected. The objective value is: 7.89191005048593e-05
Stopped at iteration 123. 500 items are selected. The objective value is: 4.517596469915651e-05
Stopped at iteration 132. 500 items are selected. The objective value is: 0.0003440283583813377
Stopped at iteration 74. 500 items are selected. The objective value is: 0.00014148226013996896
Stopped at iteration 113. 500 items are selected. The objective value is: 8.323399151828473e-05
rounds:  98%|█████████▊| 39/40 [39:55<00:45, 45.66s/it][round  39] per_acc=0.9827 glob_acc=0.9178 train_acc=0.9999 train_loss=0.007 kl(q_w||q)=0.357
Stopped at iteration 277. 500 items are selected. The objective value is: 0.00016565677928781218
Stopped at iteration 164. 500 items are selected. The objective value is: 6.284560663384911e-05
Stopped at iteration 218. 500 items are selected. The objective value is: 1.708994016971268e-05
Stopped at iteration 108. 500 items are selected. The objective value is: 6.346814455270779e-05
Stopped at iteration 84. 500 items are selected. The objective value is: 9.847792988341162e-05
Stopped at iteration 90. 500 items are selected. The objective value is: 3.871894602618052e-05
Stopped at iteration 189. 500 items are selected. The objective value is: 0.00011508829317427595
Stopped at iteration 176. 500 items are selected. The objective value is: 4.11190594979892e-05
Stopped at iteration 163. 500 items are selected. The objective value is: 0.00011424707534679417
Stopped at iteration 301. 500 items are selected. The objective value is: 0.0008845939185903042
Stopped at iteration 301. 500 items are selected. The objective value is: 0.0008550477671249501
Stopped at iteration 301. 500 items are selected. The objective value is: 0.001532221946214912
Stopped at iteration 116. 500 items are selected. The objective value is: 8.472739670258042e-05
Stopped at iteration 96. 500 items are selected. The objective value is: 6.572166387696358e-05
Stopped at iteration 85. 500 items are selected. The objective value is: 8.25810135894416e-05
Stopped at iteration 130. 500 items are selected. The objective value is: 2.020082296870043e-05
Stopped at iteration 147. 500 items are selected. The objective value is: 2.152910976374824e-05
Stopped at iteration 104. 500 items are selected. The objective value is: 3.3827075921626536e-05
Stopped at iteration 277. 500 items are selected. The objective value is: 0.00011266540950851448
Stopped at iteration 149. 500 items are selected. The objective value is: 6.427299858996802e-05
Stopped at iteration 179. 500 items are selected. The objective value is: 6.017873633585654e-05
Stopped at iteration 156. 500 items are selected. The objective value is: 3.775170410542221e-05
Stopped at iteration 165. 500 items are selected. The objective value is: 0.00012682979156501223
Stopped at iteration 215. 500 items are selected. The objective value is: 8.22325097540273e-05
Stopped at iteration 75. 500 items are selected. The objective value is: 7.150570516692984e-05
Stopped at iteration 142. 500 items are selected. The objective value is: 8.320359251993537e-05
Stopped at iteration 123. 500 items are selected. The objective value is: 5.512229793838997e-05
Stopped at iteration 90. 500 items are selected. The objective value is: 0.00010632455602121302
Stopped at iteration 90. 500 items are selected. The objective value is: 7.190343402082323e-05
Stopped at iteration 78. 500 items are selected. The objective value is: 7.317621453391055e-05
rounds: 100%|██████████| 40/40 [40:40<00:00, 45.45s/it]rounds: 100%|██████████| 40/40 [40:40<00:00, 61.02s/it]
[round  40] per_acc=0.9832 glob_acc=0.9847 train_acc=0.9999 train_loss=0.006 kl(q_w||q)=0.383
[server] results -> results/Mnist_coreset_frac0.5_z10.0_u10_b100_seed1.h5
done -> results/Mnist_coreset_frac0.5_z10.0_u10_b100_seed1.h5
