========================================================================
  dataset             : Cifar
  method              : coreset
  num_users           : 10
  clients_per_round   : 10
  num_glob_iters      : 40
  local_rounds        : 5
  batch_size          : 100
  mc                  : 3
  lr                  : 0.001
  personal_lr         : 0.001
  beta                : 1.0
  zeta                : 10.0
  coreset_frac        : 0.5
  coreset_S           : 50
  coreset_outer_steps : 3
  coreset_iters       : 300
  coreset_tol         : 0.01
  output_dim          : 10
  hidden_dim          : 100
  seed                : 1
  device              : cpu
  tag                 : Cifar_coreset_frac0.5_z10.0_u10_b100_seed1
========================================================================
train data dist:
 [999, 999, 999, 999, 999, 999, 999, 999, 999, 999]
/Library/Frameworks/Python.framework/Versions/3.10/lib/python3.10/site-packages/transformers/utils/generic.py:482: UserWarning: torch.utils._pytree._register_pytree_node is deprecated. Please use torch.utils._pytree.register_pytree_node instead.
  _torch_pytree._register_pytree_node(
[server] 10 clients | method=coreset | coreset_frac=0.5
rounds:   0%|          | 0/40 [00:00<?, ?it/s][round   0] per_acc=0.1115 glob_acc=0.0975 train_acc=0.1236 train_loss=5.517 kl(q_w||q)=nan
Stopped at iteration 105. 500 items are selected. The objective value is: 0.004017623585756212
Stopped at iteration 153. 500 items are selected. The objective value is: 0.004705159713805314
Stopped at iteration 111. 500 items are selected. The objective value is: 0.004552468672230907
Stopped at iteration 136. 500 items are selected. The objective value is: 0.0028588479936685935
Stopped at iteration 144. 500 items are selected. The objective value is: 0.004471733685894591
Stopped at iteration 115. 500 items are selected. The objective value is: 0.007254224825197845
Stopped at iteration 117. 500 items are selected. The objective value is: 0.004695418434019139
Stopped at iteration 112. 500 items are selected. The objective value is: 0.010270286684420501
Stopped at iteration 76. 500 items are selected. The objective value is: 0.0021454809508572705
Stopped at iteration 161. 500 items are selected. The objective value is: 0.0037589091720701194
Stopped at iteration 115. 500 items are selected. The objective value is: 0.0020364741535851987
Stopped at iteration 116. 500 items are selected. The objective value is: 0.0023182166356448025
Stopped at iteration 115. 500 items are selected. The objective value is: 0.004773015262271071
Stopped at iteration 83. 500 items are selected. The objective value is: 0.003907073174888259
Stopped at iteration 88. 500 items are selected. The objective value is: 0.0018567778898230208
Stopped at iteration 198. 500 items are selected. The objective value is: 0.007465716919995828
Stopped at iteration 108. 500 items are selected. The objective value is: 0.00265578461170152
Stopped at iteration 102. 500 items are selected. The objective value is: 0.0035522857560560074
Stopped at iteration 192. 500 items are selected. The objective value is: 0.009139828813538349
Stopped at iteration 133. 500 items are selected. The objective value is: 0.005027153540981508
Stopped at iteration 179. 500 items are selected. The objective value is: 0.005162442299210891
Stopped at iteration 120. 500 items are selected. The objective value is: 0.005403344362519164
Stopped at iteration 100. 500 items are selected. The objective value is: 0.004921897263885786
Stopped at iteration 130. 500 items are selected. The objective value is: 0.0022370713139712108
Stopped at iteration 96. 500 items are selected. The objective value is: 0.0033153428690251142
Stopped at iteration 93. 500 items are selected. The objective value is: 0.0037926303431410056
Stopped at iteration 87. 500 items are selected. The objective value is: 0.0056876619524876175
Stopped at iteration 121. 500 items are selected. The objective value is: 0.0020105226363496356
Stopped at iteration 122. 500 items are selected. The objective value is: 0.006488596075059338
Stopped at iteration 97. 500 items are selected. The objective value is: 0.0019880685909898187
rounds:   2%|▎         | 1/40 [03:20<2:10:22, 200.58s/it][round   1] per_acc=0.5541 glob_acc=0.0997 train_acc=0.5701 train_loss=1.030 kl(q_w||q)=39.539
Stopped at iteration 301. 500 items are selected. The objective value is: 0.06633468424863367
Stopped at iteration 301. 500 items are selected. The objective value is: 0.07081471908031689
Stopped at iteration 301. 500 items are selected. The objective value is: 0.03558980393571615
Stopped at iteration 161. 500 items are selected. The objective value is: 0.006556443708613765
Stopped at iteration 144. 500 items are selected. The objective value is: 0.005571994034805235
Stopped at iteration 152. 500 items are selected. The objective value is: 0.006877849212753932
Stopped at iteration 167. 500 items are selected. The objective value is: 0.005724427499193613
Stopped at iteration 177. 500 items are selected. The objective value is: 0.0017396217332110455
Stopped at iteration 146. 500 items are selected. The objective value is: 0.0018861833794530736
Stopped at iteration 237. 500 items are selected. The objective value is: 0.004402458167833652
Stopped at iteration 195. 500 items are selected. The objective value is: 0.00552472415107547
Stopped at iteration 171. 500 items are selected. The objective value is: 0.00262990986015058
Stopped at iteration 236. 500 items are selected. The objective value is: 0.0033543693743533828
Stopped at iteration 231. 500 items are selected. The objective value is: 0.0036657480977300397
Stopped at iteration 257. 500 items are selected. The objective value is: 0.003682799379476547
Stopped at iteration 221. 500 items are selected. The objective value is: 0.0031065495387273797
Stopped at iteration 196. 500 items are selected. The objective value is: 0.0056425707895550415
Stopped at iteration 150. 500 items are selected. The objective value is: 0.001886256082263705
Stopped at iteration 156. 500 items are selected. The objective value is: 0.006466936956125998
Stopped at iteration 249. 500 items are selected. The objective value is: 0.0034013979957729077
Stopped at iteration 170. 500 items are selected. The objective value is: 0.006753243298884387
Stopped at iteration 249. 500 items are selected. The objective value is: 0.011326855860586408
Stopped at iteration 301. 500 items are selected. The objective value is: 0.02427742743323861
Stopped at iteration 301. 500 items are selected. The objective value is: 0.03277762680338785
Stopped at iteration 152. 500 items are selected. The objective value is: 0.015657377493316908
Stopped at iteration 150. 500 items are selected. The objective value is: 0.0023822789766138517
Stopped at iteration 145. 500 items are selected. The objective value is: 0.003791530182660032
Stopped at iteration 161. 500 items are selected. The objective value is: 0.005944785022722743
Stopped at iteration 144. 500 items are selected. The objective value is: 0.003472708028907327
Stopped at iteration 149. 500 items are selected. The objective value is: 0.0028975518066819586
rounds:   5%|▌         | 2/40 [06:33<2:04:07, 195.98s/it][round   2] per_acc=0.4820 glob_acc=0.1098 train_acc=0.5019 train_loss=1.089 kl(q_w||q)=3.064
Stopped at iteration 277. 500 items are selected. The objective value is: 0.010462653569246584
Stopped at iteration 301. 500 items are selected. The objective value is: 0.02742289277084002
Stopped at iteration 240. 500 items are selected. The objective value is: 0.009459699072759951
Stopped at iteration 169. 500 items are selected. The objective value is: 0.0050726229719045505
Stopped at iteration 120. 500 items are selected. The objective value is: 0.0022937020454823855
Stopped at iteration 165. 500 items are selected. The objective value is: 0.002488457943257949
Stopped at iteration 199. 500 items are selected. The objective value is: 0.0031807098378279428
Stopped at iteration 155. 500 items are selected. The objective value is: 0.0018322602769725758
Stopped at iteration 214. 500 items are selected. The objective value is: 0.004354063308559417
Stopped at iteration 152. 500 items are selected. The objective value is: 0.0025653686669857454
Stopped at iteration 137. 500 items are selected. The objective value is: 0.00277592706484072
Stopped at iteration 125. 500 items are selected. The objective value is: 0.01018104342543777
Stopped at iteration 228. 500 items are selected. The objective value is: 0.005876659274802373
Stopped at iteration 190. 500 items are selected. The objective value is: 0.016579361980072704
Stopped at iteration 197. 500 items are selected. The objective value is: 0.008063550986383118
Stopped at iteration 170. 500 items are selected. The objective value is: 0.006948037088657198
Stopped at iteration 188. 500 items are selected. The objective value is: 0.004749438475690888
Stopped at iteration 148. 500 items are selected. The objective value is: 0.002356708630819891
Stopped at iteration 163. 500 items are selected. The objective value is: 0.004307079664677863
Stopped at iteration 109. 500 items are selected. The objective value is: 0.001896385540046313
Stopped at iteration 116. 500 items are selected. The objective value is: 0.004561540890763687
Stopped at iteration 215. 500 items are selected. The objective value is: 0.004637537357171237
Stopped at iteration 171. 500 items are selected. The objective value is: 0.0026987352670542228
Stopped at iteration 244. 500 items are selected. The objective value is: 0.0025625504112547384
Stopped at iteration 177. 500 items are selected. The objective value is: 0.0027719349795812137
Stopped at iteration 184. 500 items are selected. The objective value is: 0.004141191792383555
Stopped at iteration 165. 500 items are selected. The objective value is: 0.004230031960301684
Stopped at iteration 152. 500 items are selected. The objective value is: 0.004872939707694373
Stopped at iteration 128. 500 items are selected. The objective value is: 0.004414730359100969
Stopped at iteration 140. 500 items are selected. The objective value is: 0.004888770104209907
rounds:   8%|▊         | 3/40 [10:10<2:06:55, 205.82s/it][round   3] per_acc=0.5336 glob_acc=0.1236 train_acc=0.5710 train_loss=1.023 kl(q_w||q)=1.709
Stopped at iteration 294. 500 items are selected. The objective value is: 0.011948217772777707
Stopped at iteration 154. 500 items are selected. The objective value is: 0.0014296289180010472
Stopped at iteration 213. 500 items are selected. The objective value is: 0.0024187565864522732
Stopped at iteration 199. 500 items are selected. The objective value is: 0.0026674592542170086
Stopped at iteration 261. 500 items are selected. The objective value is: 0.002799570457271194
Stopped at iteration 120. 500 items are selected. The objective value is: 0.003334581077299611
Stopped at iteration 136. 500 items are selected. The objective value is: 0.002319729071323534
Stopped at iteration 147. 500 items are selected. The objective value is: 0.00270396149267595
Stopped at iteration 118. 500 items are selected. The objective value is: 0.002773293476655596
Stopped at iteration 147. 500 items are selected. The objective value is: 0.0034005768010498187
Stopped at iteration 163. 500 items are selected. The objective value is: 0.0013760258103225004
Stopped at iteration 136. 500 items are selected. The objective value is: 0.0068979263858755194
Stopped at iteration 267. 500 items are selected. The objective value is: 0.007706047305586842
Stopped at iteration 215. 500 items are selected. The objective value is: 0.005304217806945705
Stopped at iteration 287. 500 items are selected. The objective value is: 0.004949076764088977
Stopped at iteration 136. 500 items are selected. The objective value is: 0.004672805131666019
Stopped at iteration 128. 500 items are selected. The objective value is: 0.0024014252634189724
Stopped at iteration 151. 500 items are selected. The objective value is: 0.0035940126750643726
Stopped at iteration 124. 500 items are selected. The objective value is: 0.003018599755883791
Stopped at iteration 130. 500 items are selected. The objective value is: 0.006354304456213325
Stopped at iteration 121. 500 items are selected. The objective value is: 0.0035033067028631213
Stopped at iteration 224. 500 items are selected. The objective value is: 0.0033297155663654025
Stopped at iteration 183. 500 items are selected. The objective value is: 0.004551003803206804
Stopped at iteration 158. 500 items are selected. The objective value is: 0.003500091308161469
Stopped at iteration 187. 500 items are selected. The objective value is: 0.003227586973488012
Stopped at iteration 184. 500 items are selected. The objective value is: 0.002469961549444218
Stopped at iteration 204. 500 items are selected. The objective value is: 0.004357135400936126
Stopped at iteration 154. 500 items are selected. The objective value is: 0.003935226020138244
Stopped at iteration 128. 500 items are selected. The objective value is: 0.009491476762031499
Stopped at iteration 147. 500 items are selected. The objective value is: 0.0026771284799358844
rounds:  10%|█         | 4/40 [13:26<2:01:06, 201.83s/it][round   4] per_acc=0.5491 glob_acc=0.1353 train_acc=0.5840 train_loss=1.035 kl(q_w||q)=2.671
Stopped at iteration 146. 500 items are selected. The objective value is: 0.008007718797463285
Stopped at iteration 180. 500 items are selected. The objective value is: 0.005051375070852049
Stopped at iteration 178. 500 items are selected. The objective value is: 0.004228480147956415
Stopped at iteration 161. 500 items are selected. The objective value is: 0.004297324008078768
Stopped at iteration 148. 500 items are selected. The objective value is: 0.002353556650557698
Stopped at iteration 202. 500 items are selected. The objective value is: 0.0025889927732463316
Stopped at iteration 131. 500 items are selected. The objective value is: 0.004185426091488559
Stopped at iteration 107. 500 items are selected. The objective value is: 0.0014058128171360832
Stopped at iteration 118. 500 items are selected. The objective value is: 0.0031744282292797466
Stopped at iteration 201. 500 items are selected. The objective value is: 0.005015588642506797
Stopped at iteration 118. 500 items are selected. The objective value is: 0.002179119750731255
Stopped at iteration 148. 500 items are selected. The objective value is: 0.003415224400841
Stopped at iteration 174. 500 items are selected. The objective value is: 0.009487599904280119
Stopped at iteration 164. 500 items are selected. The objective value is: 0.0027139405894106025
Stopped at iteration 130. 500 items are selected. The objective value is: 0.006251665494466636
Stopped at iteration 186. 500 items are selected. The objective value is: 0.004293507591425832
Stopped at iteration 170. 500 items are selected. The objective value is: 0.002797961363170342
Stopped at iteration 143. 500 items are selected. The objective value is: 0.006553961018378249
Stopped at iteration 143. 500 items are selected. The objective value is: 0.0041547600268397504
Stopped at iteration 186. 500 items are selected. The objective value is: 0.003048623330559009
Stopped at iteration 152. 500 items are selected. The objective value is: 0.0018124455031449354
Stopped at iteration 188. 500 items are selected. The objective value is: 0.002551482457904322
Stopped at iteration 172. 500 items are selected. The objective value is: 0.0036737794415456397
Stopped at iteration 132. 500 items are selected. The objective value is: 0.0025719871238049463
Stopped at iteration 218. 500 items are selected. The objective value is: 0.0035789650580184532
Stopped at iteration 134. 500 items are selected. The objective value is: 0.002597251131991617
Stopped at iteration 162. 500 items are selected. The objective value is: 0.0017881092326634575
Stopped at iteration 176. 500 items are selected. The objective value is: 0.0018326826627248635
rounds:  12%|█▎        | 5/40 [16:25<1:52:51, 193.48s/it][round   5] per_acc=0.5647 glob_acc=0.1431 train_acc=0.5925 train_loss=0.970 kl(q_w||q)=2.422
Stopped at iteration 153. 500 items are selected. The objective value is: 0.001968224651486911
Stopped at iteration 199. 500 items are selected. The objective value is: 0.0015519111173404154
Stopped at iteration 113. 500 items are selected. The objective value is: 0.0014241843958105493
Stopped at iteration 134. 500 items are selected. The objective value is: 0.006053105237574234
Stopped at iteration 175. 500 items are selected. The objective value is: 0.0024564154564763753
Stopped at iteration 127. 500 items are selected. The objective value is: 0.0026201885247492725
Stopped at iteration 113. 500 items are selected. The objective value is: 0.0026335146000483743
Stopped at iteration 112. 500 items are selected. The objective value is: 0.002946269089437925
Stopped at iteration 118. 500 items are selected. The objective value is: 0.0019641064036705165
Stopped at iteration 119. 500 items are selected. The objective value is: 0.0023893457407729406
Stopped at iteration 148. 500 items are selected. The objective value is: 0.002373641408379849
Stopped at iteration 160. 500 items are selected. The objective value is: 0.002370165007585405
Stopped at iteration 137. 500 items are selected. The objective value is: 0.004236922121444257
Stopped at iteration 122. 500 items are selected. The objective value is: 0.0017712143006139703
Stopped at iteration 110. 500 items are selected. The objective value is: 0.00196638401808733
Stopped at iteration 147. 500 items are selected. The objective value is: 0.0019133864546694028
Stopped at iteration 115. 500 items are selected. The objective value is: 0.002329847349379903
Stopped at iteration 144. 500 items are selected. The objective value is: 0.0034638084442778854
Stopped at iteration 133. 500 items are selected. The objective value is: 0.00435040535468682
Stopped at iteration 149. 500 items are selected. The objective value is: 0.0013917402911449031
Stopped at iteration 152. 500 items are selected. The objective value is: 0.0028640702860090413
Stopped at iteration 155. 500 items are selected. The objective value is: 0.004619911986346364
Stopped at iteration 148. 500 items are selected. The objective value is: 0.0025604194834443353
Stopped at iteration 170. 500 items are selected. The objective value is: 0.002425194395632499
Stopped at iteration 138. 500 items are selected. The objective value is: 0.002121690394006817
Stopped at iteration 159. 500 items are selected. The objective value is: 0.004539363943535942
Stopped at iteration 109. 500 items are selected. The objective value is: 0.0014120522072260779
Stopped at iteration 134. 500 items are selected. The objective value is: 0.0018043999238692731
Stopped at iteration 122. 500 items are selected. The objective value is: 0.0033854845430060666
Stopped at iteration 100. 500 items are selected. The objective value is: 0.003421600747866086
rounds:  15%|█▌        | 6/40 [19:36<1:49:12, 192.72s/it][round   6] per_acc=0.5694 glob_acc=0.1426 train_acc=0.5858 train_loss=0.961 kl(q_w||q)=2.073
Stopped at iteration 175. 500 items are selected. The objective value is: 0.003317990981167581
Stopped at iteration 124. 500 items are selected. The objective value is: 0.0028074169225356894
Stopped at iteration 119. 500 items are selected. The objective value is: 0.003674403376043644
Stopped at iteration 141. 500 items are selected. The objective value is: 0.003745119563579168
Stopped at iteration 115. 500 items are selected. The objective value is: 0.012799319668684778
Stopped at iteration 123. 500 items are selected. The objective value is: 0.001982255929668208
Stopped at iteration 111. 500 items are selected. The objective value is: 0.0050749597651417264
Stopped at iteration 138. 500 items are selected. The objective value is: 0.0020928035639467737
Stopped at iteration 120. 500 items are selected. The objective value is: 0.0019737552680714502
Stopped at iteration 120. 500 items are selected. The objective value is: 0.003158982043532872
Stopped at iteration 127. 500 items are selected. The objective value is: 0.003593725410533062
Stopped at iteration 133. 500 items are selected. The objective value is: 0.0023894937488463134
Stopped at iteration 128. 500 items are selected. The objective value is: 0.004001378571483777
Stopped at iteration 147. 500 items are selected. The objective value is: 0.002382133048765435
Stopped at iteration 120. 500 items are selected. The objective value is: 0.002951825887990703
Stopped at iteration 148. 500 items are selected. The objective value is: 0.0024947588190752748
Stopped at iteration 82. 500 items are selected. The objective value is: 0.0015917654685954055
Stopped at iteration 147. 500 items are selected. The objective value is: 0.005568561218135871
Stopped at iteration 127. 500 items are selected. The objective value is: 0.001315920029216202
Stopped at iteration 125. 500 items are selected. The objective value is: 0.008957024023944504
Stopped at iteration 103. 500 items are selected. The objective value is: 0.0025537124742775674
Stopped at iteration 117. 500 items are selected. The objective value is: 0.0031932490961853665
Stopped at iteration 154. 500 items are selected. The objective value is: 0.0023963759043176477
Stopped at iteration 137. 500 items are selected. The objective value is: 0.0021333935499538866
Stopped at iteration 123. 500 items are selected. The objective value is: 0.0025523754265381355
Stopped at iteration 150. 500 items are selected. The objective value is: 0.0007281590489400008
Stopped at iteration 118. 500 items are selected. The objective value is: 0.004688273131372782
Stopped at iteration 140. 500 items are selected. The objective value is: 0.0018357096857166907
Stopped at iteration 142. 500 items are selected. The objective value is: 0.0021698411968698833
rounds:  18%|█▊        | 7/40 [22:39<1:44:17, 189.62s/it][round   7] per_acc=0.5702 glob_acc=0.1617 train_acc=0.5981 train_loss=0.961 kl(q_w||q)=2.397
Stopped at iteration 133. 500 items are selected. The objective value is: 0.004866233296532562
Stopped at iteration 121. 500 items are selected. The objective value is: 0.003538695752955843
Stopped at iteration 112. 500 items are selected. The objective value is: 0.0020256759550782923
Stopped at iteration 114. 500 items are selected. The objective value is: 0.002266064055797926
Stopped at iteration 147. 500 items are selected. The objective value is: 0.00401856645671
Stopped at iteration 144. 500 items are selected. The objective value is: 0.0013536492262806667
Stopped at iteration 133. 500 items are selected. The objective value is: 0.0025474396901128122
Stopped at iteration 115. 500 items are selected. The objective value is: 0.003200973206977907
Stopped at iteration 106. 500 items are selected. The objective value is: 0.0020379363326370635
Stopped at iteration 154. 500 items are selected. The objective value is: 0.002373740462601093
Stopped at iteration 130. 500 items are selected. The objective value is: 0.002031356904560674
Stopped at iteration 160. 500 items are selected. The objective value is: 0.0021076549569541
Stopped at iteration 125. 500 items are selected. The objective value is: 0.001743371242607438
Stopped at iteration 126. 500 items are selected. The objective value is: 0.0023743946860140517
Stopped at iteration 117. 500 items are selected. The objective value is: 0.0031775053862326988
Stopped at iteration 149. 500 items are selected. The objective value is: 0.0033130818257993563
Stopped at iteration 143. 500 items are selected. The objective value is: 0.005112627016889656
Stopped at iteration 98. 500 items are selected. The objective value is: 0.004419087535695446
Stopped at iteration 99. 500 items are selected. The objective value is: 0.00285441964173758
Stopped at iteration 137. 500 items are selected. The objective value is: 0.002119505610390259
Stopped at iteration 159. 500 items are selected. The objective value is: 0.001981696519892124
Stopped at iteration 108. 500 items are selected. The objective value is: 0.0019760261182804354
Stopped at iteration 125. 500 items are selected. The objective value is: 0.0010730979897065273
Stopped at iteration 121. 500 items are selected. The objective value is: 0.0019304112705239367
Stopped at iteration 156. 500 items are selected. The objective value is: 0.002213087563309258
Stopped at iteration 115. 500 items are selected. The objective value is: 0.001232894154430117
Stopped at iteration 148. 500 items are selected. The objective value is: 0.002697697546108274
Stopped at iteration 125. 500 items are selected. The objective value is: 0.003441269543095818
Stopped at iteration 162. 500 items are selected. The objective value is: 0.0012866201465868898
Stopped at iteration 99. 500 items are selected. The objective value is: 0.0021386459897545246
rounds:  20%|██        | 8/40 [25:44<1:40:16, 188.03s/it][round   8] per_acc=0.5930 glob_acc=0.1912 train_acc=0.6108 train_loss=0.943 kl(q_w||q)=2.139
Stopped at iteration 159. 500 items are selected. The objective value is: 0.0036310005075417275
Stopped at iteration 154. 500 items are selected. The objective value is: 0.004306509868036938
Stopped at iteration 130. 500 items are selected. The objective value is: 0.003601579383285258
Stopped at iteration 139. 500 items are selected. The objective value is: 0.0030640165611812804
Stopped at iteration 106. 500 items are selected. The objective value is: 0.004350651726193211
Stopped at iteration 120. 500 items are selected. The objective value is: 0.001850990037999462
Stopped at iteration 108. 500 items are selected. The objective value is: 0.0017769537832619201
Stopped at iteration 146. 500 items are selected. The objective value is: 0.002191578349886922
Stopped at iteration 117. 500 items are selected. The objective value is: 0.0016622786706591548
Stopped at iteration 150. 500 items are selected. The objective value is: 0.0016004333656907334
Stopped at iteration 182. 500 items are selected. The objective value is: 0.0027188643071788597
Stopped at iteration 132. 500 items are selected. The objective value is: 0.0016276813872905533
Stopped at iteration 236. 500 items are selected. The objective value is: 0.0023843606702347807
Stopped at iteration 132. 500 items are selected. The objective value is: 0.0030671429930318045
Stopped at iteration 138. 500 items are selected. The objective value is: 0.0031208208506390517
Stopped at iteration 134. 500 items are selected. The objective value is: 0.0021331007339127793
Stopped at iteration 113. 500 items are selected. The objective value is: 0.003884402414729308
Stopped at iteration 120. 500 items are selected. The objective value is: 0.0031240947268664928
Stopped at iteration 100. 500 items are selected. The objective value is: 0.00246749121643263
Stopped at iteration 152. 500 items are selected. The objective value is: 0.003040515295964683
Stopped at iteration 138. 500 items are selected. The objective value is: 0.0024380427474500264
Stopped at iteration 138. 500 items are selected. The objective value is: 0.0022122409000310803
Stopped at iteration 141. 500 items are selected. The objective value is: 0.0024436120217107985
Stopped at iteration 141. 500 items are selected. The objective value is: 0.002825356345492601
Stopped at iteration 98. 500 items are selected. The objective value is: 0.002810514166329079
Stopped at iteration 107. 500 items are selected. The objective value is: 0.0024799857789323853
Stopped at iteration 135. 500 items are selected. The objective value is: 0.002093735213997805
Stopped at iteration 118. 500 items are selected. The objective value is: 0.002763200342077409
Stopped at iteration 126. 500 items are selected. The objective value is: 0.0011887861057952673
Stopped at iteration 101. 500 items are selected. The objective value is: 0.0013948088347134448
rounds:  22%|██▎       | 9/40 [27:58<1:28:25, 171.13s/it][round   9] per_acc=0.5772 glob_acc=0.2093 train_acc=0.6009 train_loss=0.956 kl(q_w||q)=2.623
Stopped at iteration 141. 500 items are selected. The objective value is: 0.001875134181947148
Stopped at iteration 119. 500 items are selected. The objective value is: 0.0010704882184959367
Stopped at iteration 184. 500 items are selected. The objective value is: 0.002098677289176567
Stopped at iteration 142. 500 items are selected. The objective value is: 0.0024608776436687565
Stopped at iteration 129. 500 items are selected. The objective value is: 0.001396683744577996
Stopped at iteration 128. 500 items are selected. The objective value is: 0.0024693134860417666
Stopped at iteration 115. 500 items are selected. The objective value is: 0.0021599974477593564
Stopped at iteration 144. 500 items are selected. The objective value is: 0.002122766282499548
Stopped at iteration 137. 500 items are selected. The objective value is: 0.0012173500797885714
Stopped at iteration 132. 500 items are selected. The objective value is: 0.002599507081159247
Stopped at iteration 129. 500 items are selected. The objective value is: 0.0026146845310994708
Stopped at iteration 124. 500 items are selected. The objective value is: 0.0017426681910987804
Stopped at iteration 179. 500 items are selected. The objective value is: 0.002052510393807605
Stopped at iteration 120. 500 items are selected. The objective value is: 0.002254396121382757
Stopped at iteration 122. 500 items are selected. The objective value is: 0.0028269553703039745
Stopped at iteration 155. 500 items are selected. The objective value is: 0.0009940916804649824
Stopped at iteration 144. 500 items are selected. The objective value is: 0.0013728405362950034
Stopped at iteration 108. 500 items are selected. The objective value is: 0.0023149897815702707
Stopped at iteration 149. 500 items are selected. The objective value is: 0.002168490734244281
Stopped at iteration 95. 500 items are selected. The objective value is: 0.00805968460799887
Stopped at iteration 137. 500 items are selected. The objective value is: 0.002945948923302862
Stopped at iteration 128. 500 items are selected. The objective value is: 0.004279579215214564
Stopped at iteration 111. 500 items are selected. The objective value is: 0.0015734632852381389
Stopped at iteration 106. 500 items are selected. The objective value is: 0.0022680275949519173
Stopped at iteration 129. 500 items are selected. The objective value is: 0.0015146213837688354
Stopped at iteration 101. 500 items are selected. The objective value is: 0.0030736961553125153
Stopped at iteration 113. 500 items are selected. The objective value is: 0.0017119652125168908
Stopped at iteration 123. 500 items are selected. The objective value is: 0.0018940350447371717
Stopped at iteration 96. 500 items are selected. The objective value is: 0.0018213128193404686
Stopped at iteration 142. 500 items are selected. The objective value is: 0.001141677681673405
rounds:  25%|██▌       | 10/40 [30:08<1:19:12, 158.41s/it][round  10] per_acc=0.5967 glob_acc=0.1917 train_acc=0.6280 train_loss=0.901 kl(q_w||q)=2.309
Stopped at iteration 151. 500 items are selected. The objective value is: 0.0023554060412335747
Stopped at iteration 129. 500 items are selected. The objective value is: 0.0023316151328379936
Stopped at iteration 103. 500 items are selected. The objective value is: 0.0019303181200846314
Stopped at iteration 106. 500 items are selected. The objective value is: 0.0034983970105356226
Stopped at iteration 101. 500 items are selected. The objective value is: 0.001657667338336527
Stopped at iteration 117. 500 items are selected. The objective value is: 0.0022428431844670267
Stopped at iteration 93. 500 items are selected. The objective value is: 0.0023368214481051417
Stopped at iteration 118. 500 items are selected. The objective value is: 0.0016450374898808451
Stopped at iteration 102. 500 items are selected. The objective value is: 0.0018133055048743668
Stopped at iteration 137. 500 items are selected. The objective value is: 0.0025308633781008605
Stopped at iteration 138. 500 items are selected. The objective value is: 0.0026062399846679967
Stopped at iteration 85. 500 items are selected. The objective value is: 0.001191687060651603
Stopped at iteration 144. 500 items are selected. The objective value is: 0.001944768436831161
Stopped at iteration 127. 500 items are selected. The objective value is: 0.0030712754520279156
Stopped at iteration 116. 500 items are selected. The objective value is: 0.002216289814721292
Stopped at iteration 129. 500 items are selected. The objective value is: 0.0019401945910989735
Stopped at iteration 114. 500 items are selected. The objective value is: 0.003577423216733376
Stopped at iteration 171. 500 items are selected. The objective value is: 0.0014933161182160914
Stopped at iteration 115. 500 items are selected. The objective value is: 0.0029172978325795367
Stopped at iteration 162. 500 items are selected. The objective value is: 0.002550487501280853
Stopped at iteration 106. 500 items are selected. The objective value is: 0.001900285990980393
Stopped at iteration 115. 500 items are selected. The objective value is: 0.0018368204957871343
Stopped at iteration 123. 500 items are selected. The objective value is: 0.0021181910933574096
Stopped at iteration 112. 500 items are selected. The objective value is: 0.001600563645544015
Stopped at iteration 99. 500 items are selected. The objective value is: 0.0011089688220391417
Stopped at iteration 111. 500 items are selected. The objective value is: 0.0020554867993762757
Stopped at iteration 121. 500 items are selected. The objective value is: 0.0014192033621353774
Stopped at iteration 107. 500 items are selected. The objective value is: 0.0021507048686667226
rounds:  28%|██▊       | 11/40 [32:12<1:11:27, 147.84s/it][round  11] per_acc=0.6118 glob_acc=0.2281 train_acc=0.6529 train_loss=0.886 kl(q_w||q)=1.930
Stopped at iteration 136. 500 items are selected. The objective value is: 0.0026438866320888893
Stopped at iteration 124. 500 items are selected. The objective value is: 0.0027638647902682293
Stopped at iteration 130. 500 items are selected. The objective value is: 0.002014904105290748
Stopped at iteration 121. 500 items are selected. The objective value is: 0.003168301039475208
Stopped at iteration 130. 500 items are selected. The objective value is: 0.0016705233968919012
Stopped at iteration 122. 500 items are selected. The objective value is: 0.0027052185838003424
Stopped at iteration 143. 500 items are selected. The objective value is: 0.0017934518837382648
Stopped at iteration 138. 500 items are selected. The objective value is: 0.001858542977906792
Stopped at iteration 112. 500 items are selected. The objective value is: 0.0017898873362813918
Stopped at iteration 120. 500 items are selected. The objective value is: 0.0018512326901408435
Stopped at iteration 113. 500 items are selected. The objective value is: 0.0012966307940989969
Stopped at iteration 131. 500 items are selected. The objective value is: 0.0010300965412108638
Stopped at iteration 109. 500 items are selected. The objective value is: 0.0018210637184273445
Stopped at iteration 160. 500 items are selected. The objective value is: 0.0032136632888337285
Stopped at iteration 152. 500 items are selected. The objective value is: 0.0044061024707803525
Stopped at iteration 121. 500 items are selected. The objective value is: 0.0014340515920153731
Stopped at iteration 88. 500 items are selected. The objective value is: 0.001379845948833658
Stopped at iteration 101. 500 items are selected. The objective value is: 0.003998686822575318
Stopped at iteration 154. 500 items are selected. The objective value is: 0.002008326127222492
Stopped at iteration 116. 500 items are selected. The objective value is: 0.0020621769222793815
Stopped at iteration 102. 500 items are selected. The objective value is: 0.0016909144780004614
Stopped at iteration 140. 500 items are selected. The objective value is: 0.0015743754986655228
Stopped at iteration 85. 500 items are selected. The objective value is: 0.0020590056038904954
Stopped at iteration 110. 500 items are selected. The objective value is: 0.0032261133442307737
Stopped at iteration 121. 500 items are selected. The objective value is: 0.002811381438807857
Stopped at iteration 92. 500 items are selected. The objective value is: 0.0014876407276048795
Stopped at iteration 127. 500 items are selected. The objective value is: 0.002201259062834491
Stopped at iteration 131. 500 items are selected. The objective value is: 0.001713735220929167
Stopped at iteration 131. 500 items are selected. The objective value is: 0.002592622646526359
Stopped at iteration 120. 500 items are selected. The objective value is: 0.001885733921906876
rounds:  30%|███       | 12/40 [34:26<1:07:04, 143.74s/it][round  12] per_acc=0.5937 glob_acc=0.2003 train_acc=0.6291 train_loss=0.909 kl(q_w||q)=3.036
Stopped at iteration 131. 500 items are selected. The objective value is: 0.0021355581906487837
Stopped at iteration 121. 500 items are selected. The objective value is: 0.0023232040199676683
Stopped at iteration 116. 500 items are selected. The objective value is: 0.002164168164057143
Stopped at iteration 113. 500 items are selected. The objective value is: 0.0018874345970391548
Stopped at iteration 143. 500 items are selected. The objective value is: 0.0032503265173306757
Stopped at iteration 140. 500 items are selected. The objective value is: 0.0019812420204830556
Stopped at iteration 112. 500 items are selected. The objective value is: 0.003713272003739091
Stopped at iteration 105. 500 items are selected. The objective value is: 0.0012400976576163532
Stopped at iteration 111. 500 items are selected. The objective value is: 0.002276687407362002
Stopped at iteration 128. 500 items are selected. The objective value is: 0.0016955154254532593
Stopped at iteration 133. 500 items are selected. The objective value is: 0.0028068127598835173
Stopped at iteration 153. 500 items are selected. The objective value is: 0.0016387063380004319
Stopped at iteration 140. 500 items are selected. The objective value is: 0.001748817895799971
Stopped at iteration 111. 500 items are selected. The objective value is: 0.0008174774367204134
Stopped at iteration 155. 500 items are selected. The objective value is: 0.0020320105177743914
Stopped at iteration 104. 500 items are selected. The objective value is: 0.001667559396801502
Stopped at iteration 119. 500 items are selected. The objective value is: 0.0024353835501850466
Stopped at iteration 132. 500 items are selected. The objective value is: 0.0015003379625168982
Stopped at iteration 105. 500 items are selected. The objective value is: 0.0015892739659684775
Stopped at iteration 120. 500 items are selected. The objective value is: 0.003509142456151719
Stopped at iteration 117. 500 items are selected. The objective value is: 0.0012777298389992993
Stopped at iteration 97. 500 items are selected. The objective value is: 0.0024110681954455956
Stopped at iteration 113. 500 items are selected. The objective value is: 0.0017669413702396703
Stopped at iteration 104. 500 items are selected. The objective value is: 0.0017190862798685546
Stopped at iteration 98. 500 items are selected. The objective value is: 0.0009124723590888232
Stopped at iteration 132. 500 items are selected. The objective value is: 0.0029505542049919195
Stopped at iteration 140. 500 items are selected. The objective value is: 0.002142097285821499
Stopped at iteration 105. 500 items are selected. The objective value is: 0.0011116719558059347
rounds:  32%|███▎      | 13/40 [36:19<1:00:30, 134.46s/it][round  13] per_acc=0.6145 glob_acc=0.2138 train_acc=0.6561 train_loss=0.867 kl(q_w||q)=2.093
Stopped at iteration 115. 500 items are selected. The objective value is: 0.0014919170713546454
Stopped at iteration 146. 500 items are selected. The objective value is: 0.0014319808184075423
Stopped at iteration 103. 500 items are selected. The objective value is: 0.0017249858555701833
Stopped at iteration 131. 500 items are selected. The objective value is: 0.005317253984948608
Stopped at iteration 119. 500 items are selected. The objective value is: 0.0015185374555418466
Stopped at iteration 130. 500 items are selected. The objective value is: 0.0025552282399749493
Stopped at iteration 93. 500 items are selected. The objective value is: 0.0009947430309433514
Stopped at iteration 88. 500 items are selected. The objective value is: 0.0015982716830021102
Stopped at iteration 143. 500 items are selected. The objective value is: 0.0016918005141816136
Stopped at iteration 149. 500 items are selected. The objective value is: 0.0024690343117723637
Stopped at iteration 135. 500 items are selected. The objective value is: 0.0029854543658792755
Stopped at iteration 223. 500 items are selected. The objective value is: 0.0015845325481411805
Stopped at iteration 120. 500 items are selected. The objective value is: 0.0020737047425248597
Stopped at iteration 99. 500 items are selected. The objective value is: 0.0035817193211872917
Stopped at iteration 134. 500 items are selected. The objective value is: 0.0032982538411906025
Stopped at iteration 89. 500 items are selected. The objective value is: 0.0036895961016401484
Stopped at iteration 119. 500 items are selected. The objective value is: 0.0015870693792048476
Stopped at iteration 126. 500 items are selected. The objective value is: 0.003051459293312179
Stopped at iteration 133. 500 items are selected. The objective value is: 0.004462043218571505
Stopped at iteration 119. 500 items are selected. The objective value is: 0.001097823749894937
Stopped at iteration 151. 500 items are selected. The objective value is: 0.002107604467046126
Stopped at iteration 130. 500 items are selected. The objective value is: 0.0018475623650111455
Stopped at iteration 108. 500 items are selected. The objective value is: 0.0009391728739423779
Stopped at iteration 117. 500 items are selected. The objective value is: 0.0012887842749638024
Stopped at iteration 113. 500 items are selected. The objective value is: 0.003383336527623024
Stopped at iteration 103. 500 items are selected. The objective value is: 0.0011660770564767132
Stopped at iteration 131. 500 items are selected. The objective value is: 0.0009160471805791863
Stopped at iteration 118. 500 items are selected. The objective value is: 0.0019137928623363365
rounds:  35%|███▌      | 14/40 [37:44<51:44, 119.41s/it]  [round  14] per_acc=0.6098 glob_acc=0.2028 train_acc=0.6620 train_loss=0.879 kl(q_w||q)=2.114
Stopped at iteration 90. 500 items are selected. The objective value is: 0.002246374237959776
Stopped at iteration 150. 500 items are selected. The objective value is: 0.0045597406594837745
Stopped at iteration 120. 500 items are selected. The objective value is: 0.0010293354102645631
Stopped at iteration 95. 500 items are selected. The objective value is: 0.001483153847967805
Stopped at iteration 112. 500 items are selected. The objective value is: 0.0015533019046978143
Stopped at iteration 101. 500 items are selected. The objective value is: 0.0018564639075324297
Stopped at iteration 132. 500 items are selected. The objective value is: 0.0018292007822169863
Stopped at iteration 112. 500 items are selected. The objective value is: 0.001576967327821604
Stopped at iteration 82. 500 items are selected. The objective value is: 0.001818532649532993
Stopped at iteration 93. 500 items are selected. The objective value is: 0.002118530623302878
Stopped at iteration 100. 500 items are selected. The objective value is: 0.0016064862933658022
Stopped at iteration 163. 500 items are selected. The objective value is: 0.0019085500426813788
Stopped at iteration 99. 500 items are selected. The objective value is: 0.0029664643101366206
Stopped at iteration 121. 500 items are selected. The objective value is: 0.004388519284022002
Stopped at iteration 96. 500 items are selected. The objective value is: 0.0034683056246863075
Stopped at iteration 108. 500 items are selected. The objective value is: 0.0036919850851805146
Stopped at iteration 143. 500 items are selected. The objective value is: 0.0018401217997502995
Stopped at iteration 154. 500 items are selected. The objective value is: 0.0012202607804979882
Stopped at iteration 96. 500 items are selected. The objective value is: 0.0037181673047489905
Stopped at iteration 144. 500 items are selected. The objective value is: 0.001983286400336927
Stopped at iteration 141. 500 items are selected. The objective value is: 0.0029914831134280053
Stopped at iteration 144. 500 items are selected. The objective value is: 0.0015148540083638547
Stopped at iteration 126. 500 items are selected. The objective value is: 0.0019162684666394713
Stopped at iteration 102. 500 items are selected. The objective value is: 0.0032646244827638964
Stopped at iteration 156. 500 items are selected. The objective value is: 0.0031296791676280345
Stopped at iteration 136. 500 items are selected. The objective value is: 0.0029289091417676336
Stopped at iteration 100. 500 items are selected. The objective value is: 0.001981873208488265
Stopped at iteration 138. 500 items are selected. The objective value is: 0.0009851013710410984
Stopped at iteration 145. 500 items are selected. The objective value is: 0.0027601256723719094
Stopped at iteration 102. 500 items are selected. The objective value is: 0.0025252533802409965
rounds:  38%|███▊      | 15/40 [39:15<46:09, 110.79s/it][round  15] per_acc=0.6068 glob_acc=0.1855 train_acc=0.6365 train_loss=0.858 kl(q_w||q)=1.993
Stopped at iteration 131. 500 items are selected. The objective value is: 0.002089612861537359
Stopped at iteration 152. 500 items are selected. The objective value is: 0.00409278259246159
Stopped at iteration 122. 500 items are selected. The objective value is: 0.0012199938304563419
Stopped at iteration 115. 500 items are selected. The objective value is: 0.003437846363598053
Stopped at iteration 119. 500 items are selected. The objective value is: 0.002356097615340531
Stopped at iteration 105. 500 items are selected. The objective value is: 0.00146519214477688
Stopped at iteration 130. 500 items are selected. The objective value is: 0.0022463877126133592
Stopped at iteration 120. 500 items are selected. The objective value is: 0.0011347656284619945
Stopped at iteration 99. 500 items are selected. The objective value is: 0.0009786733877984503
Stopped at iteration 111. 500 items are selected. The objective value is: 0.0016503090904992168
Stopped at iteration 104. 500 items are selected. The objective value is: 0.0013123233862240753
Stopped at iteration 109. 500 items are selected. The objective value is: 0.002827006467655024
Stopped at iteration 117. 500 items are selected. The objective value is: 0.0024281334410637865
Stopped at iteration 114. 500 items are selected. The objective value is: 0.002961231551637071
Stopped at iteration 182. 500 items are selected. The objective value is: 0.0012964052099525651
Stopped at iteration 82. 500 items are selected. The objective value is: 0.0033322133116846938
Stopped at iteration 157. 500 items are selected. The objective value is: 0.0023852648523068837
Stopped at iteration 130. 500 items are selected. The objective value is: 0.002033926809737068
Stopped at iteration 132. 500 items are selected. The objective value is: 0.0020487482582470253
Stopped at iteration 160. 500 items are selected. The objective value is: 0.004666932208973712
Stopped at iteration 117. 500 items are selected. The objective value is: 0.0019399902271354545
Stopped at iteration 119. 500 items are selected. The objective value is: 0.0023014669034346243
Stopped at iteration 108. 500 items are selected. The objective value is: 0.0011958432104075985
Stopped at iteration 98. 500 items are selected. The objective value is: 0.001738066669617329
Stopped at iteration 84. 500 items are selected. The objective value is: 0.001914277272076093
Stopped at iteration 127. 500 items are selected. The objective value is: 0.002983715630793008
Stopped at iteration 106. 500 items are selected. The objective value is: 0.002665213534235623
Stopped at iteration 106. 500 items are selected. The objective value is: 0.0019073160173710452
rounds:  40%|████      | 16/40 [40:41<41:21, 103.38s/it][round  16] per_acc=0.6093 glob_acc=0.1837 train_acc=0.6614 train_loss=0.832 kl(q_w||q)=2.549
Stopped at iteration 137. 500 items are selected. The objective value is: 0.0015179940026111623
Stopped at iteration 102. 500 items are selected. The objective value is: 0.004630707031770496
Stopped at iteration 135. 500 items are selected. The objective value is: 0.0032024102935516888
Stopped at iteration 128. 500 items are selected. The objective value is: 0.002262265499569375
Stopped at iteration 121. 500 items are selected. The objective value is: 0.0023167182155991463
Stopped at iteration 97. 500 items are selected. The objective value is: 0.001170660835351484
Stopped at iteration 136. 500 items are selected. The objective value is: 0.0034287317978461533
Stopped at iteration 122. 500 items are selected. The objective value is: 0.0012445037611504132
Stopped at iteration 91. 500 items are selected. The objective value is: 0.0018929245649674463
Stopped at iteration 134. 500 items are selected. The objective value is: 0.0009101974512686422
Stopped at iteration 116. 500 items are selected. The objective value is: 0.0020006988559576927
Stopped at iteration 119. 500 items are selected. The objective value is: 0.0013614031329517433
Stopped at iteration 167. 500 items are selected. The objective value is: 0.002412091517884617
Stopped at iteration 107. 500 items are selected. The objective value is: 0.0014217135807180678
Stopped at iteration 123. 500 items are selected. The objective value is: 0.0017143324995559706
Stopped at iteration 104. 500 items are selected. The objective value is: 0.0014419226439304448
Stopped at iteration 107. 500 items are selected. The objective value is: 0.002792846307824894
Stopped at iteration 106. 500 items are selected. The objective value is: 0.002129010222023841
Stopped at iteration 138. 500 items are selected. The objective value is: 0.001824069542671289
Stopped at iteration 121. 500 items are selected. The objective value is: 0.002499088746417827
Stopped at iteration 165. 500 items are selected. The objective value is: 0.002334488176892955
Stopped at iteration 103. 500 items are selected. The objective value is: 0.0016591238945587777
Stopped at iteration 97. 500 items are selected. The objective value is: 0.003977373691660816
Stopped at iteration 103. 500 items are selected. The objective value is: 0.001780086495290244
Stopped at iteration 97. 500 items are selected. The objective value is: 0.0013408989832405756
Stopped at iteration 100. 500 items are selected. The objective value is: 0.00291073270534501
Stopped at iteration 129. 500 items are selected. The objective value is: 0.0014771652682307255
Stopped at iteration 128. 500 items are selected. The objective value is: 0.00199961284808614
Stopped at iteration 116. 500 items are selected. The objective value is: 0.0031247213161724493
Stopped at iteration 142. 500 items are selected. The objective value is: 0.0020223895429663983
rounds:  42%|████▎     | 17/40 [42:16<38:41, 100.92s/it][round  17] per_acc=0.6326 glob_acc=0.2098 train_acc=0.6770 train_loss=0.839 kl(q_w||q)=2.336
Stopped at iteration 130. 500 items are selected. The objective value is: 0.0028781218362780797
Stopped at iteration 105. 500 items are selected. The objective value is: 0.001178398058008587
Stopped at iteration 122. 500 items are selected. The objective value is: 0.000978224366832359
Stopped at iteration 130. 500 items are selected. The objective value is: 0.0018308305654228343
Stopped at iteration 122. 500 items are selected. The objective value is: 0.0018154011643855452
Stopped at iteration 88. 500 items are selected. The objective value is: 0.0016187620986550337
Stopped at iteration 144. 500 items are selected. The objective value is: 0.0012319973100025658
Stopped at iteration 146. 500 items are selected. The objective value is: 0.0013697697216018174
Stopped at iteration 126. 500 items are selected. The objective value is: 0.002741949307664572
Stopped at iteration 93. 500 items are selected. The objective value is: 0.0021041665568484395
Stopped at iteration 115. 500 items are selected. The objective value is: 0.0013422032219076927
Stopped at iteration 105. 500 items are selected. The objective value is: 0.001332716531441493
Stopped at iteration 142. 500 items are selected. The objective value is: 0.002114728514750583
Stopped at iteration 88. 500 items are selected. The objective value is: 0.002212301702973263
Stopped at iteration 87. 500 items are selected. The objective value is: 0.0025029476795100846
Stopped at iteration 127. 500 items are selected. The objective value is: 0.0011235685046206763
Stopped at iteration 111. 500 items are selected. The objective value is: 0.001342129469835386
Stopped at iteration 111. 500 items are selected. The objective value is: 0.001457563382443982
Stopped at iteration 165. 500 items are selected. The objective value is: 0.0016936802367748464
Stopped at iteration 129. 500 items are selected. The objective value is: 0.0012375516152803802
Stopped at iteration 103. 500 items are selected. The objective value is: 0.0024348510771021914
Stopped at iteration 103. 500 items are selected. The objective value is: 0.000836442608951428
Stopped at iteration 144. 500 items are selected. The objective value is: 0.002130002662348044
Stopped at iteration 105. 500 items are selected. The objective value is: 0.0018471005579317541
Stopped at iteration 114. 500 items are selected. The objective value is: 0.0018944416985557041
Stopped at iteration 102. 500 items are selected. The objective value is: 0.001294634001824317
Stopped at iteration 100. 500 items are selected. The objective value is: 0.0012686812342570747
Stopped at iteration 113. 500 items are selected. The objective value is: 0.0014291806025556783
rounds:  45%|████▌     | 18/40 [43:41<35:18, 96.30s/it] [round  18] per_acc=0.6115 glob_acc=0.2323 train_acc=0.6618 train_loss=0.835 kl(q_w||q)=2.255
Stopped at iteration 115. 500 items are selected. The objective value is: 0.0015470273795677742
Stopped at iteration 118. 500 items are selected. The objective value is: 0.000993647052254764
Stopped at iteration 117. 500 items are selected. The objective value is: 0.0008915672605976032
Stopped at iteration 102. 500 items are selected. The objective value is: 0.0012318611545990856
Stopped at iteration 124. 500 items are selected. The objective value is: 0.0013230212877436054
Stopped at iteration 119. 500 items are selected. The objective value is: 0.0012429494761946303
Stopped at iteration 97. 500 items are selected. The objective value is: 0.0023984465233345296
Stopped at iteration 94. 500 items are selected. The objective value is: 0.001900230130995727
Stopped at iteration 127. 500 items are selected. The objective value is: 0.0017443529789646884
Stopped at iteration 93. 500 items are selected. The objective value is: 0.002219041010337184
Stopped at iteration 131. 500 items are selected. The objective value is: 0.0037593791526270787
Stopped at iteration 107. 500 items are selected. The objective value is: 0.005752181311756129
Stopped at iteration 92. 500 items are selected. The objective value is: 0.0022122926772662394
Stopped at iteration 135. 500 items are selected. The objective value is: 0.0016440162115311562
Stopped at iteration 99. 500 items are selected. The objective value is: 0.0012199766223258488
Stopped at iteration 119. 500 items are selected. The objective value is: 0.002217153648385087
Stopped at iteration 111. 500 items are selected. The objective value is: 0.0061377575821522125
Stopped at iteration 114. 500 items are selected. The objective value is: 0.004059488940826528
Stopped at iteration 98. 500 items are selected. The objective value is: 0.0020605815557949822
Stopped at iteration 82. 500 items are selected. The objective value is: 0.002873594605703442
Stopped at iteration 142. 500 items are selected. The objective value is: 0.0015871272829802608
Stopped at iteration 135. 500 items are selected. The objective value is: 0.0017255377045217405
Stopped at iteration 98. 500 items are selected. The objective value is: 0.0015558868318573523
Stopped at iteration 101. 500 items are selected. The objective value is: 0.001573245375160661
Stopped at iteration 84. 500 items are selected. The objective value is: 0.0030752550215329072
Stopped at iteration 128. 500 items are selected. The objective value is: 0.0009479467851414288
Stopped at iteration 143. 500 items are selected. The objective value is: 0.0012953730792266078
Stopped at iteration 139. 500 items are selected. The objective value is: 0.0026681010382512984
Stopped at iteration 100. 500 items are selected. The objective value is: 0.0017228678197921646
Stopped at iteration 102. 500 items are selected. The objective value is: 0.0011090459908108935
rounds:  48%|████▊     | 19/40 [45:13<33:11, 94.83s/it][round  19] per_acc=0.6206 glob_acc=0.2449 train_acc=0.6741 train_loss=0.827 kl(q_w||q)=2.302
Stopped at iteration 109. 500 items are selected. The objective value is: 0.004817987481667843
Stopped at iteration 123. 500 items are selected. The objective value is: 0.0023348617456809342
Stopped at iteration 113. 500 items are selected. The objective value is: 0.002420458223960919
Stopped at iteration 131. 500 items are selected. The objective value is: 0.0016497502586671844
Stopped at iteration 128. 500 items are selected. The objective value is: 0.002851925262200174
Stopped at iteration 126. 500 items are selected. The objective value is: 0.0008871363467617176
Stopped at iteration 120. 500 items are selected. The objective value is: 0.0023659179176757647
Stopped at iteration 123. 500 items are selected. The objective value is: 0.003799552428095052
Stopped at iteration 126. 500 items are selected. The objective value is: 0.0016039215458576136
Stopped at iteration 108. 500 items are selected. The objective value is: 0.0025880929719668596
Stopped at iteration 112. 500 items are selected. The objective value is: 0.0016961930770054764
Stopped at iteration 101. 500 items are selected. The objective value is: 0.002885876088140496
Stopped at iteration 115. 500 items are selected. The objective value is: 0.0021771967188428942
Stopped at iteration 98. 500 items are selected. The objective value is: 0.0016964308172174448
Stopped at iteration 138. 500 items are selected. The objective value is: 0.0013705460772279086
Stopped at iteration 119. 500 items are selected. The objective value is: 0.0018485168766715192
Stopped at iteration 101. 500 items are selected. The objective value is: 0.0016378959496268209
Stopped at iteration 121. 500 items are selected. The objective value is: 0.0017262266994180276
Stopped at iteration 137. 500 items are selected. The objective value is: 0.0021169233106747907
Stopped at iteration 83. 500 items are selected. The objective value is: 0.0016025158781586963
Stopped at iteration 158. 500 items are selected. The objective value is: 0.0019385506722275074
Stopped at iteration 108. 500 items are selected. The objective value is: 0.0007110790443106809
Stopped at iteration 105. 500 items are selected. The objective value is: 0.0021330793325490633
Stopped at iteration 90. 500 items are selected. The objective value is: 0.0005505119639998111
Stopped at iteration 121. 500 items are selected. The objective value is: 0.0020869072087093365
Stopped at iteration 92. 500 items are selected. The objective value is: 0.0021929013096286835
Stopped at iteration 103. 500 items are selected. The objective value is: 0.0022455822316138963
Stopped at iteration 124. 500 items are selected. The objective value is: 0.0012513543115228686
Stopped at iteration 86. 500 items are selected. The objective value is: 0.0025357844917778226
Stopped at iteration 98. 500 items are selected. The objective value is: 0.0010305210914952582
rounds:  50%|█████     | 20/40 [46:45<31:17, 93.90s/it][round  20] per_acc=0.6160 glob_acc=0.2361 train_acc=0.6547 train_loss=0.828 kl(q_w||q)=2.402
Stopped at iteration 129. 500 items are selected. The objective value is: 0.0034516006118270894
Stopped at iteration 121. 500 items are selected. The objective value is: 0.0019359443562103023
Stopped at iteration 131. 500 items are selected. The objective value is: 0.001414347876446377
Stopped at iteration 76. 500 items are selected. The objective value is: 0.0032872124971146605
Stopped at iteration 128. 500 items are selected. The objective value is: 0.002342577414088292
Stopped at iteration 96. 500 items are selected. The objective value is: 0.0021532525945685416
Stopped at iteration 89. 500 items are selected. The objective value is: 0.00175892141176839
Stopped at iteration 111. 500 items are selected. The objective value is: 0.0013184347222781557
Stopped at iteration 82. 500 items are selected. The objective value is: 0.0028491610484717004
Stopped at iteration 93. 500 items are selected. The objective value is: 0.001336375813251984
Stopped at iteration 104. 500 items are selected. The objective value is: 0.0018547320129792763
Stopped at iteration 100. 500 items are selected. The objective value is: 0.001053725446004412
Stopped at iteration 126. 500 items are selected. The objective value is: 0.0015400507869683154
Stopped at iteration 111. 500 items are selected. The objective value is: 0.0038707591228336734
Stopped at iteration 112. 500 items are selected. The objective value is: 0.0015578704039975987
Stopped at iteration 100. 500 items are selected. The objective value is: 0.00125141795242386
Stopped at iteration 118. 500 items are selected. The objective value is: 0.0009618040650301429
Stopped at iteration 130. 500 items are selected. The objective value is: 0.002279546433666075
Stopped at iteration 135. 500 items are selected. The objective value is: 0.001998582271658204
Stopped at iteration 98. 500 items are selected. The objective value is: 0.0020524627796584725
Stopped at iteration 94. 500 items are selected. The objective value is: 0.0020054671840807185
Stopped at iteration 76. 500 items are selected. The objective value is: 0.001405990477487375
Stopped at iteration 117. 500 items are selected. The objective value is: 0.0020736411561308936
Stopped at iteration 94. 500 items are selected. The objective value is: 0.0010690038091309044
Stopped at iteration 120. 500 items are selected. The objective value is: 0.003041585485809147
Stopped at iteration 158. 500 items are selected. The objective value is: 0.0028850920494008685
Stopped at iteration 80. 500 items are selected. The objective value is: 0.001883900047366752
rounds:  52%|█████▎    | 21/40 [48:10<28:56, 91.38s/it][round  21] per_acc=0.6153 glob_acc=0.2296 train_acc=0.6778 train_loss=0.831 kl(q_w||q)=2.258
Stopped at iteration 124. 500 items are selected. The objective value is: 0.0013071569399989136
Stopped at iteration 122. 500 items are selected. The objective value is: 0.0016412469004447423
Stopped at iteration 104. 500 items are selected. The objective value is: 0.0009727442586737142
Stopped at iteration 98. 500 items are selected. The objective value is: 0.0011395320903634047
Stopped at iteration 104. 500 items are selected. The objective value is: 0.0037565557255567227
Stopped at iteration 129. 500 items are selected. The objective value is: 0.00271374527797691
Stopped at iteration 93. 500 items are selected. The objective value is: 0.0012049358941653846
Stopped at iteration 128. 500 items are selected. The objective value is: 0.0014340750636664663
Stopped at iteration 110. 500 items are selected. The objective value is: 0.004398208097910019
Stopped at iteration 134. 500 items are selected. The objective value is: 0.0021651733687628174
Stopped at iteration 101. 500 items are selected. The objective value is: 0.001984852012298505
Stopped at iteration 158. 500 items are selected. The objective value is: 0.00236803673737873
Stopped at iteration 84. 500 items are selected. The objective value is: 0.0015074313652443335
Stopped at iteration 111. 500 items are selected. The objective value is: 0.0012228856459146821
Stopped at iteration 122. 500 items are selected. The objective value is: 0.001094615961635671
Stopped at iteration 134. 500 items are selected. The objective value is: 0.0014741694465157263
Stopped at iteration 90. 500 items are selected. The objective value is: 0.001444040390931851
Stopped at iteration 122. 500 items are selected. The objective value is: 0.0014473416831928645
Stopped at iteration 110. 500 items are selected. The objective value is: 0.002397371447160292
Stopped at iteration 111. 500 items are selected. The objective value is: 0.0022077851665626767
Stopped at iteration 125. 500 items are selected. The objective value is: 0.001551275420304976
Stopped at iteration 107. 500 items are selected. The objective value is: 0.0017933514611652745
Stopped at iteration 114. 500 items are selected. The objective value is: 0.0015490792466448982
Stopped at iteration 111. 500 items are selected. The objective value is: 0.0006737323869543595
Stopped at iteration 123. 500 items are selected. The objective value is: 0.0015442977833395478
Stopped at iteration 109. 500 items are selected. The objective value is: 0.0008655726494102332
Stopped at iteration 91. 500 items are selected. The objective value is: 0.0009372660615437506
Stopped at iteration 83. 500 items are selected. The objective value is: 0.0015661912058585262
Stopped at iteration 91. 500 items are selected. The objective value is: 0.0007525852113115249
Stopped at iteration 101. 500 items are selected. The objective value is: 0.0011523277485369291
rounds:  55%|█████▌    | 22/40 [49:45<27:42, 92.35s/it][round  22] per_acc=0.6233 glob_acc=0.2140 train_acc=0.6799 train_loss=0.800 kl(q_w||q)=2.286
Stopped at iteration 128. 500 items are selected. The objective value is: 0.0017009587982863676
Stopped at iteration 118. 500 items are selected. The objective value is: 0.0010600316917312143
Stopped at iteration 116. 500 items are selected. The objective value is: 0.0015510299074219297
Stopped at iteration 105. 500 items are selected. The objective value is: 0.002267357339984733
Stopped at iteration 89. 500 items are selected. The objective value is: 0.0030257972613291985
Stopped at iteration 84. 500 items are selected. The objective value is: 0.003015913286347094
Stopped at iteration 129. 500 items are selected. The objective value is: 0.004353112934319204
Stopped at iteration 142. 500 items are selected. The objective value is: 0.0015963933062223858
Stopped at iteration 148. 500 items are selected. The objective value is: 0.001402924259336782
Stopped at iteration 101. 500 items are selected. The objective value is: 0.0018059995335790089
Stopped at iteration 96. 500 items are selected. The objective value is: 0.0014558989699300258
Stopped at iteration 109. 500 items are selected. The objective value is: 0.0013471173296315162
Stopped at iteration 100. 500 items are selected. The objective value is: 0.0018642763700437597
Stopped at iteration 92. 500 items are selected. The objective value is: 0.002108771844497803
Stopped at iteration 115. 500 items are selected. The objective value is: 0.0006400850500241185
Stopped at iteration 129. 500 items are selected. The objective value is: 0.0017517452452166197
Stopped at iteration 102. 500 items are selected. The objective value is: 0.0014521731828037521
Stopped at iteration 115. 500 items are selected. The objective value is: 0.0018758504195472512
Stopped at iteration 157. 500 items are selected. The objective value is: 0.0031379805329281372
Stopped at iteration 113. 500 items are selected. The objective value is: 0.002671099286589126
Stopped at iteration 97. 500 items are selected. The objective value is: 0.001843245632294714
Stopped at iteration 124. 500 items are selected. The objective value is: 0.0012819902155875539
Stopped at iteration 90. 500 items are selected. The objective value is: 0.0012215592788509756
Stopped at iteration 93. 500 items are selected. The objective value is: 0.0012396215631722879
Stopped at iteration 127. 500 items are selected. The objective value is: 0.003870238071586026
Stopped at iteration 120. 500 items are selected. The objective value is: 0.0013218459936894349
Stopped at iteration 95. 500 items are selected. The objective value is: 0.0012176395433318703
Stopped at iteration 118. 500 items are selected. The objective value is: 0.0018767506740349973
Stopped at iteration 151. 500 items are selected. The objective value is: 0.001833839338915165
Stopped at iteration 105. 500 items are selected. The objective value is: 0.0011985011783256546
rounds:  57%|█████▊    | 23/40 [51:17<26:08, 92.25s/it][round  23] per_acc=0.6278 glob_acc=0.2188 train_acc=0.6754 train_loss=0.790 kl(q_w||q)=2.837
Stopped at iteration 118. 500 items are selected. The objective value is: 0.003399495546413973
Stopped at iteration 119. 500 items are selected. The objective value is: 0.0037149167302941
Stopped at iteration 130. 500 items are selected. The objective value is: 0.0012247828707310981
Stopped at iteration 135. 500 items are selected. The objective value is: 0.001859144992347939
Stopped at iteration 124. 500 items are selected. The objective value is: 0.002291109934476606
Stopped at iteration 106. 500 items are selected. The objective value is: 0.0012905524682144769
Stopped at iteration 109. 500 items are selected. The objective value is: 0.0016651355606361565
Stopped at iteration 137. 500 items are selected. The objective value is: 0.0009162763840910649
Stopped at iteration 122. 500 items are selected. The objective value is: 0.0015553434150084905
Stopped at iteration 112. 500 items are selected. The objective value is: 0.0012014643063268727
Stopped at iteration 100. 500 items are selected. The objective value is: 0.000922054388308805
Stopped at iteration 104. 500 items are selected. The objective value is: 0.003970570858907298
Stopped at iteration 120. 500 items are selected. The objective value is: 0.0012222951405748174
Stopped at iteration 112. 500 items are selected. The objective value is: 0.001420544310531893
Stopped at iteration 80. 500 items are selected. The objective value is: 0.0029838828162787627
Stopped at iteration 91. 500 items are selected. The objective value is: 0.0023897273487347233
Stopped at iteration 103. 500 items are selected. The objective value is: 0.001936866502014342
Stopped at iteration 102. 500 items are selected. The objective value is: 0.002695868850128326
Stopped at iteration 108. 500 items are selected. The objective value is: 0.0027985391081326205
Stopped at iteration 116. 500 items are selected. The objective value is: 0.0014517546853696443
Stopped at iteration 111. 500 items are selected. The objective value is: 0.002121479885792294
Stopped at iteration 117. 500 items are selected. The objective value is: 0.0012321268910693145
Stopped at iteration 77. 500 items are selected. The objective value is: 0.0015738832008604243
Stopped at iteration 85. 500 items are selected. The objective value is: 0.0012460867965649826
Stopped at iteration 110. 500 items are selected. The objective value is: 0.0021522630413608216
Stopped at iteration 110. 500 items are selected. The objective value is: 0.0012555668375274622
Stopped at iteration 95. 500 items are selected. The objective value is: 0.002031208829573923
Stopped at iteration 101. 500 items are selected. The objective value is: 0.001798690980017356
Stopped at iteration 102. 500 items are selected. The objective value is: 0.0013125963277132175
Stopped at iteration 122. 500 items are selected. The objective value is: 0.0016590403879950416
rounds:  60%|██████    | 24/40 [52:49<24:36, 92.27s/it][round  24] per_acc=0.6165 glob_acc=0.2185 train_acc=0.6775 train_loss=0.806 kl(q_w||q)=2.151
Stopped at iteration 140. 500 items are selected. The objective value is: 0.0026122229472266972
Stopped at iteration 109. 500 items are selected. The objective value is: 0.0013410761666543193
Stopped at iteration 119. 500 items are selected. The objective value is: 0.0025112988406197118
Stopped at iteration 84. 500 items are selected. The objective value is: 0.0020589063495729107
Stopped at iteration 109. 500 items are selected. The objective value is: 0.001492591439722505
Stopped at iteration 144. 500 items are selected. The objective value is: 0.001211191506513638
Stopped at iteration 128. 500 items are selected. The objective value is: 0.0014225614051849014
Stopped at iteration 103. 500 items are selected. The objective value is: 0.002058828348278969
Stopped at iteration 100. 500 items are selected. The objective value is: 0.0013102742363391053
Stopped at iteration 147. 500 items are selected. The objective value is: 0.0015264499671803898
Stopped at iteration 82. 500 items are selected. The objective value is: 0.001619097621922323
Stopped at iteration 106. 500 items are selected. The objective value is: 0.001244170165889643
Stopped at iteration 82. 500 items are selected. The objective value is: 0.002507222349580574
Stopped at iteration 98. 500 items are selected. The objective value is: 0.0010622818447459546
Stopped at iteration 115. 500 items are selected. The objective value is: 0.003002111673772679
Stopped at iteration 99. 500 items are selected. The objective value is: 0.00223593834337058
Stopped at iteration 81. 500 items are selected. The objective value is: 0.0022518943811713796
Stopped at iteration 144. 500 items are selected. The objective value is: 0.001519840588219127
Stopped at iteration 107. 500 items are selected. The objective value is: 0.001842450707805089
Stopped at iteration 110. 500 items are selected. The objective value is: 0.0020307385631880724
Stopped at iteration 77. 500 items are selected. The objective value is: 0.0012409329529437397
Stopped at iteration 92. 500 items are selected. The objective value is: 0.0013598618284074377
Stopped at iteration 78. 500 items are selected. The objective value is: 0.0026297207155621476
Stopped at iteration 94. 500 items are selected. The objective value is: 0.0011071072563107883
Stopped at iteration 97. 500 items are selected. The objective value is: 0.0010635475794689815
Stopped at iteration 88. 500 items are selected. The objective value is: 0.001081140915439004
Stopped at iteration 140. 500 items are selected. The objective value is: 0.002816862751384066
Stopped at iteration 108. 500 items are selected. The objective value is: 0.002488778363839851
Stopped at iteration 101. 500 items are selected. The objective value is: 0.0025866437790255273
rounds:  62%|██████▎   | 25/40 [54:18<22:49, 91.32s/it][round  25] per_acc=0.6118 glob_acc=0.2070 train_acc=0.6799 train_loss=0.795 kl(q_w||q)=2.094
Stopped at iteration 135. 500 items are selected. The objective value is: 0.0024272965355384814
Stopped at iteration 126. 500 items are selected. The objective value is: 0.0012166606128854625
Stopped at iteration 118. 500 items are selected. The objective value is: 0.0014989581656337679
Stopped at iteration 113. 500 items are selected. The objective value is: 0.0012405110172471069
Stopped at iteration 120. 500 items are selected. The objective value is: 0.0023479799612143013
Stopped at iteration 107. 500 items are selected. The objective value is: 0.0010176880008470452
Stopped at iteration 89. 500 items are selected. The objective value is: 0.0013555910527485325
Stopped at iteration 131. 500 items are selected. The objective value is: 0.004527221809526289
Stopped at iteration 111. 500 items are selected. The objective value is: 0.0011615986645885366
Stopped at iteration 93. 500 items are selected. The objective value is: 0.0013685123571474025
Stopped at iteration 101. 500 items are selected. The objective value is: 0.002327560199239704
Stopped at iteration 90. 500 items are selected. The objective value is: 0.0030099809857885994
Stopped at iteration 104. 500 items are selected. The objective value is: 0.002571205537939328
Stopped at iteration 100. 500 items are selected. The objective value is: 0.0007579934572306514
Stopped at iteration 86. 500 items are selected. The objective value is: 0.0014004166874051155
Stopped at iteration 153. 500 items are selected. The objective value is: 0.0026905106317328398
Stopped at iteration 103. 500 items are selected. The objective value is: 0.0011510997616485615
Stopped at iteration 112. 500 items are selected. The objective value is: 0.0029695278167827625
Stopped at iteration 135. 500 items are selected. The objective value is: 0.0014400635192421908
Stopped at iteration 108. 500 items are selected. The objective value is: 0.0017966780970302154
Stopped at iteration 123. 500 items are selected. The objective value is: 0.002725002153372048
Stopped at iteration 100. 500 items are selected. The objective value is: 0.0012464418185887012
Stopped at iteration 120. 500 items are selected. The objective value is: 0.0007952436763257183
Stopped at iteration 104. 500 items are selected. The objective value is: 0.0005628116342209093
Stopped at iteration 116. 500 items are selected. The objective value is: 0.0013916466276479766
Stopped at iteration 83. 500 items are selected. The objective value is: 0.003920762074276209
Stopped at iteration 101. 500 items are selected. The objective value is: 0.0007704883041376761
Stopped at iteration 116. 500 items are selected. The objective value is: 0.0012723932129887513
Stopped at iteration 118. 500 items are selected. The objective value is: 0.0011838752494113863
rounds:  65%|██████▌   | 26/40 [55:47<21:08, 90.61s/it][round  26] per_acc=0.6271 glob_acc=0.2506 train_acc=0.6900 train_loss=0.800 kl(q_w||q)=1.644
Stopped at iteration 114. 500 items are selected. The objective value is: 0.003322783354128426
Stopped at iteration 120. 500 items are selected. The objective value is: 0.0015339319798686874
Stopped at iteration 133. 500 items are selected. The objective value is: 0.0011533451456174218
Stopped at iteration 115. 500 items are selected. The objective value is: 0.001550051389861829
Stopped at iteration 91. 500 items are selected. The objective value is: 0.0009127154389810951
Stopped at iteration 101. 500 items are selected. The objective value is: 0.002438909463209676
Stopped at iteration 86. 500 items are selected. The objective value is: 0.001967932057051891
Stopped at iteration 104. 500 items are selected. The objective value is: 0.0016603579964953583
Stopped at iteration 81. 500 items are selected. The objective value is: 0.0019073021549739588
Stopped at iteration 107. 500 items are selected. The objective value is: 0.001430615050383103
Stopped at iteration 82. 500 items are selected. The objective value is: 0.0018524939131137868
Stopped at iteration 122. 500 items are selected. The objective value is: 0.002636771486425865
Stopped at iteration 149. 500 items are selected. The objective value is: 0.0017069642249767688
Stopped at iteration 91. 500 items are selected. The objective value is: 0.0008828485278294818
Stopped at iteration 108. 500 items are selected. The objective value is: 0.0016487316939950646
Stopped at iteration 126. 500 items are selected. The objective value is: 0.0024961062683984928
Stopped at iteration 102. 500 items are selected. The objective value is: 0.0019182523120855036
Stopped at iteration 118. 500 items are selected. The objective value is: 0.0025017881269702546
Stopped at iteration 157. 500 items are selected. The objective value is: 0.001411075493701679
Stopped at iteration 121. 500 items are selected. The objective value is: 0.001538916554715171
Stopped at iteration 113. 500 items are selected. The objective value is: 0.0012741637319193312
Stopped at iteration 86. 500 items are selected. The objective value is: 0.0011848610258140464
Stopped at iteration 89. 500 items are selected. The objective value is: 0.0008919727807289847
Stopped at iteration 106. 500 items are selected. The objective value is: 0.001242837855033668
Stopped at iteration 95. 500 items are selected. The objective value is: 0.00229043899145802
Stopped at iteration 100. 500 items are selected. The objective value is: 0.0020998200708432363
Stopped at iteration 83. 500 items are selected. The objective value is: 0.0016709831110906432
Stopped at iteration 111. 500 items are selected. The objective value is: 0.0013567076720734383
Stopped at iteration 101. 500 items are selected. The objective value is: 0.001424247741051637
Stopped at iteration 97. 500 items are selected. The objective value is: 0.0005771648814245984
rounds:  68%|██████▊   | 27/40 [57:22<19:56, 92.02s/it][round  27] per_acc=0.6261 glob_acc=0.2411 train_acc=0.6889 train_loss=0.800 kl(q_w||q)=2.378
Stopped at iteration 121. 500 items are selected. The objective value is: 0.0014835057415125772
Stopped at iteration 85. 500 items are selected. The objective value is: 0.0021237809409914783
Stopped at iteration 111. 500 items are selected. The objective value is: 0.001016081228744425
Stopped at iteration 91. 500 items are selected. The objective value is: 0.0015273993612013729
Stopped at iteration 122. 500 items are selected. The objective value is: 0.000982680956326456
Stopped at iteration 113. 500 items are selected. The objective value is: 0.00160022549861151
Stopped at iteration 116. 500 items are selected. The objective value is: 0.0009208272855426516
Stopped at iteration 107. 500 items are selected. The objective value is: 0.001128943726949116
Stopped at iteration 114. 500 items are selected. The objective value is: 0.0009267576512704877
Stopped at iteration 90. 500 items are selected. The objective value is: 0.0037248526305620304
Stopped at iteration 96. 500 items are selected. The objective value is: 0.0017373810566712678
Stopped at iteration 100. 500 items are selected. The objective value is: 0.001691732749855951
Stopped at iteration 93. 500 items are selected. The objective value is: 0.0017420419187687479
Stopped at iteration 98. 500 items are selected. The objective value is: 0.001485046021053513
Stopped at iteration 106. 500 items are selected. The objective value is: 0.0015274693250198555
Stopped at iteration 124. 500 items are selected. The objective value is: 0.002371233041299958
Stopped at iteration 101. 500 items are selected. The objective value is: 0.0008452010851096929
Stopped at iteration 90. 500 items are selected. The objective value is: 0.0020832611932132972
Stopped at iteration 99. 500 items are selected. The objective value is: 0.0023078646260262545
Stopped at iteration 107. 500 items are selected. The objective value is: 0.0030703413656203247
Stopped at iteration 135. 500 items are selected. The objective value is: 0.001797689097503709
Stopped at iteration 93. 500 items are selected. The objective value is: 0.002389188150943773
Stopped at iteration 94. 500 items are selected. The objective value is: 0.0013599348126639987
Stopped at iteration 92. 500 items are selected. The objective value is: 0.001617904141411658
Stopped at iteration 94. 500 items are selected. The objective value is: 0.0023058313671165402
Stopped at iteration 87. 500 items are selected. The objective value is: 0.0013126455588116871
Stopped at iteration 106. 500 items are selected. The objective value is: 0.0009381025532434646
Stopped at iteration 98. 500 items are selected. The objective value is: 0.0023361419998983307
Stopped at iteration 76. 500 items are selected. The objective value is: 0.0008032871200074993
Stopped at iteration 93. 500 items are selected. The objective value is: 0.0009653529417165962
rounds:  70%|███████   | 28/40 [58:59<18:39, 93.29s/it][round  28] per_acc=0.6276 glob_acc=0.2404 train_acc=0.7023 train_loss=0.779 kl(q_w||q)=1.766
Stopped at iteration 111. 500 items are selected. The objective value is: 0.0015047528993542495
Stopped at iteration 102. 500 items are selected. The objective value is: 0.0011348674915914905
Stopped at iteration 99. 500 items are selected. The objective value is: 0.001518221551594655
Stopped at iteration 109. 500 items are selected. The objective value is: 0.0021930513739655817
Stopped at iteration 95. 500 items are selected. The objective value is: 0.0011554565178077203
Stopped at iteration 106. 500 items are selected. The objective value is: 0.0005757349376899453
Stopped at iteration 112. 500 items are selected. The objective value is: 0.0008555874948223468
Stopped at iteration 109. 500 items are selected. The objective value is: 0.0019872374357682433
Stopped at iteration 103. 500 items are selected. The objective value is: 0.0009470652256481139
Stopped at iteration 82. 500 items are selected. The objective value is: 0.001595314949215202
Stopped at iteration 89. 500 items are selected. The objective value is: 0.00198957312985912
Stopped at iteration 83. 500 items are selected. The objective value is: 0.001862044695526894
Stopped at iteration 99. 500 items are selected. The objective value is: 0.0018323971863656839
Stopped at iteration 109. 500 items are selected. The objective value is: 0.0011896422225241862
Stopped at iteration 97. 500 items are selected. The objective value is: 0.0024032641400610144
Stopped at iteration 122. 500 items are selected. The objective value is: 0.002883408868194128
Stopped at iteration 121. 500 items are selected. The objective value is: 0.001029513102005684
Stopped at iteration 93. 500 items are selected. The objective value is: 0.0023184742267259397
Stopped at iteration 108. 500 items are selected. The objective value is: 0.001957057480515298
Stopped at iteration 106. 500 items are selected. The objective value is: 0.0011127509185076348
Stopped at iteration 122. 500 items are selected. The objective value is: 0.0015869297333803486
Stopped at iteration 88. 500 items are selected. The objective value is: 0.002331783372133643
Stopped at iteration 101. 500 items are selected. The objective value is: 0.0009698833029052732
Stopped at iteration 139. 500 items are selected. The objective value is: 0.0018338980724054868
Stopped at iteration 114. 500 items are selected. The objective value is: 0.0010816496372153743
Stopped at iteration 95. 500 items are selected. The objective value is: 0.002106548987992971
Stopped at iteration 101. 500 items are selected. The objective value is: 0.001319946716610245
Stopped at iteration 122. 500 items are selected. The objective value is: 0.0030349034895133763
Stopped at iteration 86. 500 items are selected. The objective value is: 0.0006889757478400158
Stopped at iteration 103. 500 items are selected. The objective value is: 0.0012881947507121668
rounds:  72%|███████▎  | 29/40 [1:00:32<17:06, 93.29s/it][round  29] per_acc=0.6185 glob_acc=0.2263 train_acc=0.6926 train_loss=0.778 kl(q_w||q)=2.226
Stopped at iteration 121. 500 items are selected. The objective value is: 0.002448059868160064
Stopped at iteration 96. 500 items are selected. The objective value is: 0.0010318085659778698
Stopped at iteration 107. 500 items are selected. The objective value is: 0.0016976718061768093
Stopped at iteration 114. 500 items are selected. The objective value is: 0.0019213116576379562
Stopped at iteration 85. 500 items are selected. The objective value is: 0.0011475461836114404
Stopped at iteration 111. 500 items are selected. The objective value is: 0.0014128954464814175
Stopped at iteration 101. 500 items are selected. The objective value is: 0.0017184250703488745
Stopped at iteration 118. 500 items are selected. The objective value is: 0.0011911764575517569
Stopped at iteration 138. 500 items are selected. The objective value is: 0.0020161847345528485
Stopped at iteration 82. 500 items are selected. The objective value is: 0.0020390905850124763
Stopped at iteration 114. 500 items are selected. The objective value is: 0.0013000399085487712
Stopped at iteration 107. 500 items are selected. The objective value is: 0.0015650428530550136
Stopped at iteration 118. 500 items are selected. The objective value is: 0.003166612587239603
Stopped at iteration 148. 500 items are selected. The objective value is: 0.001436790468458804
Stopped at iteration 144. 500 items are selected. The objective value is: 0.001967417267818033
Stopped at iteration 111. 500 items are selected. The objective value is: 0.0018852877787983832
Stopped at iteration 99. 500 items are selected. The objective value is: 0.0019225069202247155
Stopped at iteration 91. 500 items are selected. The objective value is: 0.002139620350442251
Stopped at iteration 147. 500 items are selected. The objective value is: 0.0013868746409867916
Stopped at iteration 131. 500 items are selected. The objective value is: 0.0031034261356585103
Stopped at iteration 101. 500 items are selected. The objective value is: 0.00203982922509712
Stopped at iteration 123. 500 items are selected. The objective value is: 0.0023392531122583154
Stopped at iteration 126. 500 items are selected. The objective value is: 0.00529357503573899
Stopped at iteration 116. 500 items are selected. The objective value is: 0.0014662785671951928
Stopped at iteration 88. 500 items are selected. The objective value is: 0.000970365879687961
Stopped at iteration 115. 500 items are selected. The objective value is: 0.000701579081919636
Stopped at iteration 112. 500 items are selected. The objective value is: 0.001573730196799987
Stopped at iteration 98. 500 items are selected. The objective value is: 0.0010985005041396617
rounds:  75%|███████▌  | 30/40 [1:01:58<15:12, 91.24s/it][round  30] per_acc=0.6276 glob_acc=0.2551 train_acc=0.7048 train_loss=0.779 kl(q_w||q)=2.377
Stopped at iteration 95. 500 items are selected. The objective value is: 0.0012697609917634363
Stopped at iteration 109. 500 items are selected. The objective value is: 0.0008411240936396528
Stopped at iteration 98. 500 items are selected. The objective value is: 0.0018823174636220649
Stopped at iteration 116. 500 items are selected. The objective value is: 0.0011348119302553052
Stopped at iteration 138. 500 items are selected. The objective value is: 0.0020430806259498116
Stopped at iteration 101. 500 items are selected. The objective value is: 0.003273320600421079
Stopped at iteration 113. 500 items are selected. The objective value is: 0.0018969190528707138
Stopped at iteration 108. 500 items are selected. The objective value is: 0.0014467948588265075
Stopped at iteration 87. 500 items are selected. The objective value is: 0.001187129053091836
Stopped at iteration 141. 500 items are selected. The objective value is: 0.0019044348355939903
Stopped at iteration 98. 500 items are selected. The objective value is: 0.00381262210678831
Stopped at iteration 121. 500 items are selected. The objective value is: 0.0020192748468465375
Stopped at iteration 99. 500 items are selected. The objective value is: 0.0007672712416807646
Stopped at iteration 123. 500 items are selected. The objective value is: 0.0015139137653882636
Stopped at iteration 129. 500 items are selected. The objective value is: 0.001307655163315759
Stopped at iteration 106. 500 items are selected. The objective value is: 0.0011078425664195958
Stopped at iteration 99. 500 items are selected. The objective value is: 0.001472968039441123
Stopped at iteration 111. 500 items are selected. The objective value is: 0.0007364407327853763
Stopped at iteration 95. 500 items are selected. The objective value is: 0.0023588907051201734
Stopped at iteration 97. 500 items are selected. The objective value is: 0.0020716542782261856
Stopped at iteration 106. 500 items are selected. The objective value is: 0.0008356882746579641
Stopped at iteration 94. 500 items are selected. The objective value is: 0.0014919721942423054
Stopped at iteration 96. 500 items are selected. The objective value is: 0.0008229035976511022
Stopped at iteration 85. 500 items are selected. The objective value is: 0.0011888587601707173
Stopped at iteration 117. 500 items are selected. The objective value is: 0.0018413265755422594
Stopped at iteration 90. 500 items are selected. The objective value is: 0.002092075887851163
Stopped at iteration 85. 500 items are selected. The objective value is: 0.0011951733353546008
Stopped at iteration 135. 500 items are selected. The objective value is: 0.0014133372351889312
Stopped at iteration 91. 500 items are selected. The objective value is: 0.0009344349978674888
Stopped at iteration 97. 500 items are selected. The objective value is: 0.0012190939166323977
rounds:  78%|███████▊  | 31/40 [1:03:29<13:40, 91.16s/it][round  31] per_acc=0.6241 glob_acc=0.2306 train_acc=0.6934 train_loss=0.762 kl(q_w||q)=2.226
Stopped at iteration 107. 500 items are selected. The objective value is: 0.0015795490692061868
Stopped at iteration 101. 500 items are selected. The objective value is: 0.0008126230666106592
Stopped at iteration 93. 500 items are selected. The objective value is: 0.0021393139877647783
Stopped at iteration 110. 500 items are selected. The objective value is: 0.0023650901103212585
Stopped at iteration 119. 500 items are selected. The objective value is: 0.0008440253819944034
Stopped at iteration 98. 500 items are selected. The objective value is: 0.0033047470127376922
Stopped at iteration 80. 500 items are selected. The objective value is: 0.003678772883694966
Stopped at iteration 93. 500 items are selected. The objective value is: 0.000800091011502657
Stopped at iteration 97. 500 items are selected. The objective value is: 0.0007091198117774845
Stopped at iteration 144. 500 items are selected. The objective value is: 0.0022186347218324863
Stopped at iteration 111. 500 items are selected. The objective value is: 0.000751113590348645
Stopped at iteration 107. 500 items are selected. The objective value is: 0.0013767909141024707
Stopped at iteration 116. 500 items are selected. The objective value is: 0.0014952573222695427
Stopped at iteration 107. 500 items are selected. The objective value is: 0.001441567925898191
Stopped at iteration 102. 500 items are selected. The objective value is: 0.0012116229960425877
Stopped at iteration 122. 500 items are selected. The objective value is: 0.0008581688836294969
Stopped at iteration 125. 500 items are selected. The objective value is: 0.001616252383150339
Stopped at iteration 97. 500 items are selected. The objective value is: 0.000960934901267693
Stopped at iteration 105. 500 items are selected. The objective value is: 0.0015535456175160664
Stopped at iteration 81. 500 items are selected. The objective value is: 0.0022208961185511814
Stopped at iteration 134. 500 items are selected. The objective value is: 0.0016108602228765275
Stopped at iteration 92. 500 items are selected. The objective value is: 0.0006678394741234257
Stopped at iteration 97. 500 items are selected. The objective value is: 0.0013447198174833096
Stopped at iteration 86. 500 items are selected. The objective value is: 0.0018930395209208457
Stopped at iteration 75. 500 items are selected. The objective value is: 0.0013321803092004897
Stopped at iteration 91. 500 items are selected. The objective value is: 0.0016999352988757142
Stopped at iteration 99. 500 items are selected. The objective value is: 0.004454917609480328
Stopped at iteration 109. 500 items are selected. The objective value is: 0.0025005955195871237
Stopped at iteration 108. 500 items are selected. The objective value is: 0.0014285745413018468
Stopped at iteration 84. 500 items are selected. The objective value is: 0.0007553191205810701
rounds:  80%|████████  | 32/40 [1:05:03<12:14, 91.83s/it][round  32] per_acc=0.6213 glob_acc=0.2882 train_acc=0.6886 train_loss=0.766 kl(q_w||q)=2.115
Stopped at iteration 102. 500 items are selected. The objective value is: 0.0017220576800029122
Stopped at iteration 80. 500 items are selected. The objective value is: 0.0028928624424842666
Stopped at iteration 103. 500 items are selected. The objective value is: 0.0007855874649811514
Stopped at iteration 100. 500 items are selected. The objective value is: 0.0029311301792885134
Stopped at iteration 122. 500 items are selected. The objective value is: 0.0013483473297383841
Stopped at iteration 110. 500 items are selected. The objective value is: 0.0010830828547632213
Stopped at iteration 141. 500 items are selected. The objective value is: 0.0010427876043603854
Stopped at iteration 111. 500 items are selected. The objective value is: 0.0016038154956537608
Stopped at iteration 73. 500 items are selected. The objective value is: 0.0014805894663574312
Stopped at iteration 88. 500 items are selected. The objective value is: 0.0006648068978700375
Stopped at iteration 100. 500 items are selected. The objective value is: 0.002482732131638834
Stopped at iteration 94. 500 items are selected. The objective value is: 0.0014109749526595844
Stopped at iteration 143. 500 items are selected. The objective value is: 0.0011469353527054596
Stopped at iteration 112. 500 items are selected. The objective value is: 0.001965642079033304
Stopped at iteration 100. 500 items are selected. The objective value is: 0.0010088227380219777
Stopped at iteration 109. 500 items are selected. The objective value is: 0.0011096682450996238
Stopped at iteration 112. 500 items are selected. The objective value is: 0.001627364702917683
Stopped at iteration 100. 500 items are selected. The objective value is: 0.0013707561345638378
Stopped at iteration 112. 500 items are selected. The objective value is: 0.001214762741446043
Stopped at iteration 126. 500 items are selected. The objective value is: 0.0044696031844028376
Stopped at iteration 106. 500 items are selected. The objective value is: 0.0035319333293153464
Stopped at iteration 88. 500 items are selected. The objective value is: 0.0024900165913996465
Stopped at iteration 92. 500 items are selected. The objective value is: 0.001112723445197399
Stopped at iteration 114. 500 items are selected. The objective value is: 0.000919680911523858
Stopped at iteration 98. 500 items are selected. The objective value is: 0.0019226278175098774
Stopped at iteration 96. 500 items are selected. The objective value is: 0.002474495184423046
Stopped at iteration 76. 500 items are selected. The objective value is: 0.0017984443382722374
Stopped at iteration 71. 500 items are selected. The objective value is: 0.0014824325657435578
Stopped at iteration 87. 500 items are selected. The objective value is: 0.0021624201328194832
Stopped at iteration 95. 500 items are selected. The objective value is: 0.0008904095328646042
rounds:  82%|████████▎ | 33/40 [1:06:37<10:48, 92.64s/it][round  33] per_acc=0.6178 glob_acc=0.2504 train_acc=0.6979 train_loss=0.776 kl(q_w||q)=2.278
Stopped at iteration 81. 500 items are selected. The objective value is: 0.0015997410975262594
Stopped at iteration 99. 500 items are selected. The objective value is: 0.001040583566283581
Stopped at iteration 103. 500 items are selected. The objective value is: 0.0017839236069895556
Stopped at iteration 110. 500 items are selected. The objective value is: 0.0017836560862471184
Stopped at iteration 122. 500 items are selected. The objective value is: 0.001976447800626031
Stopped at iteration 118. 500 items are selected. The objective value is: 0.0010033731586898934
Stopped at iteration 120. 500 items are selected. The objective value is: 0.0024074351803884874
Stopped at iteration 111. 500 items are selected. The objective value is: 0.0020975176524899173
Stopped at iteration 101. 500 items are selected. The objective value is: 0.0008363028100406585
Stopped at iteration 95. 500 items are selected. The objective value is: 0.0012397852879319688
Stopped at iteration 101. 500 items are selected. The objective value is: 0.00133593549135768
Stopped at iteration 115. 500 items are selected. The objective value is: 0.001531563134291356
Stopped at iteration 127. 500 items are selected. The objective value is: 0.0029871289006571343
Stopped at iteration 109. 500 items are selected. The objective value is: 0.002002806480058264
Stopped at iteration 111. 500 items are selected. The objective value is: 0.0006058391316826924
Stopped at iteration 111. 500 items are selected. The objective value is: 0.0012387312504286365
Stopped at iteration 91. 500 items are selected. The objective value is: 0.0045954759940996055
Stopped at iteration 107. 500 items are selected. The objective value is: 0.0006146572149676475
Stopped at iteration 111. 500 items are selected. The objective value is: 0.0012491284372009887
Stopped at iteration 118. 500 items are selected. The objective value is: 0.0019570620701075655
Stopped at iteration 94. 500 items are selected. The objective value is: 0.0009613171285322018
Stopped at iteration 109. 500 items are selected. The objective value is: 0.0010086472906312928
Stopped at iteration 96. 500 items are selected. The objective value is: 0.0021022139999746095
Stopped at iteration 82. 500 items are selected. The objective value is: 0.0009269096192125365
Stopped at iteration 78. 500 items are selected. The objective value is: 0.0012181542145376064
Stopped at iteration 135. 500 items are selected. The objective value is: 0.0008625372016833119
Stopped at iteration 85. 500 items are selected. The objective value is: 0.0010994575097404318
Stopped at iteration 93. 500 items are selected. The objective value is: 0.001607398913219262
Stopped at iteration 80. 500 items are selected. The objective value is: 0.00122465176594724
Stopped at iteration 107. 500 items are selected. The objective value is: 0.0010174440596574
rounds:  85%|████████▌ | 34/40 [1:08:13<09:21, 93.65s/it][round  34] per_acc=0.6236 glob_acc=0.2311 train_acc=0.6913 train_loss=0.790 kl(q_w||q)=2.663
Stopped at iteration 108. 500 items are selected. The objective value is: 0.0018441282720089913
Stopped at iteration 81. 500 items are selected. The objective value is: 0.001929642195294259
Stopped at iteration 112. 500 items are selected. The objective value is: 0.00212051377116482
Stopped at iteration 118. 500 items are selected. The objective value is: 0.0014838413893316004
Stopped at iteration 93. 500 items are selected. The objective value is: 0.001411190947984104
Stopped at iteration 87. 500 items are selected. The objective value is: 0.0013926489765737704
Stopped at iteration 83. 500 items are selected. The objective value is: 0.0018794133985828984
Stopped at iteration 82. 500 items are selected. The objective value is: 0.0011557661302097639
Stopped at iteration 111. 500 items are selected. The objective value is: 0.0011199990680053494
Stopped at iteration 93. 500 items are selected. The objective value is: 0.0014977299538956569
Stopped at iteration 76. 500 items are selected. The objective value is: 0.0007439887324611297
Stopped at iteration 128. 500 items are selected. The objective value is: 0.0021498400532692233
Stopped at iteration 116. 500 items are selected. The objective value is: 0.0020830254088463262
Stopped at iteration 132. 500 items are selected. The objective value is: 0.0012066595197369225
Stopped at iteration 111. 500 items are selected. The objective value is: 0.000884823037486843
Stopped at iteration 92. 500 items are selected. The objective value is: 0.0012455191861201747
Stopped at iteration 122. 500 items are selected. The objective value is: 0.001863817337115689
Stopped at iteration 87. 500 items are selected. The objective value is: 0.001965756821683515
Stopped at iteration 137. 500 items are selected. The objective value is: 0.002942693050966745
Stopped at iteration 110. 500 items are selected. The objective value is: 0.0015953549494435015
Stopped at iteration 105. 500 items are selected. The objective value is: 0.0015190021502136796
Stopped at iteration 85. 500 items are selected. The objective value is: 0.0016111214462424508
Stopped at iteration 90. 500 items are selected. The objective value is: 0.002916399243537114
Stopped at iteration 96. 500 items are selected. The objective value is: 0.00280514279256979
Stopped at iteration 110. 500 items are selected. The objective value is: 0.0006909173283928604
Stopped at iteration 99. 500 items are selected. The objective value is: 0.0010771787178270134
Stopped at iteration 88. 500 items are selected. The objective value is: 0.0026981020207321195
Stopped at iteration 93. 500 items are selected. The objective value is: 0.0021893631171765455
Stopped at iteration 117. 500 items are selected. The objective value is: 0.0014247243128017904
Stopped at iteration 119. 500 items are selected. The objective value is: 0.004160880568064146
rounds:  88%|████████▊ | 35/40 [1:09:49<07:50, 94.17s/it][round  35] per_acc=0.6213 glob_acc=0.2221 train_acc=0.7015 train_loss=0.752 kl(q_w||q)=2.447
Stopped at iteration 128. 500 items are selected. The objective value is: 0.0013694926504787394
Stopped at iteration 94. 500 items are selected. The objective value is: 0.0009826857805589546
Stopped at iteration 114. 500 items are selected. The objective value is: 0.0025656372449532373
Stopped at iteration 84. 500 items are selected. The objective value is: 0.002143575230694957
Stopped at iteration 123. 500 items are selected. The objective value is: 0.0009270792676334083
Stopped at iteration 114. 500 items are selected. The objective value is: 0.0013949084820192772
Stopped at iteration 117. 500 items are selected. The objective value is: 0.0016650905276978983
Stopped at iteration 106. 500 items are selected. The objective value is: 0.001387774824611885
Stopped at iteration 93. 500 items are selected. The objective value is: 0.0011683560482268912
Stopped at iteration 135. 500 items are selected. The objective value is: 0.0008148520959121484
Stopped at iteration 97. 500 items are selected. The objective value is: 0.00179487700417717
Stopped at iteration 106. 500 items are selected. The objective value is: 0.0010372109368009558
Stopped at iteration 137. 500 items are selected. The objective value is: 0.001528034255266647
Stopped at iteration 133. 500 items are selected. The objective value is: 0.0011699780784126196
Stopped at iteration 90. 500 items are selected. The objective value is: 0.0015550040506859587
Stopped at iteration 105. 500 items are selected. The objective value is: 0.0015576961667005513
Stopped at iteration 108. 500 items are selected. The objective value is: 0.0019223183107155272
Stopped at iteration 112. 500 items are selected. The objective value is: 0.0020488341551220366
Stopped at iteration 82. 500 items are selected. The objective value is: 0.001069420776357496
Stopped at iteration 83. 500 items are selected. The objective value is: 0.0020857025385939785
Stopped at iteration 111. 500 items are selected. The objective value is: 0.0009894244088298498
Stopped at iteration 97. 500 items are selected. The objective value is: 0.0012847644115751649
Stopped at iteration 109. 500 items are selected. The objective value is: 0.0009131476584788458
Stopped at iteration 88. 500 items are selected. The objective value is: 0.000912376897455941
Stopped at iteration 96. 500 items are selected. The objective value is: 0.0035696876166875077
Stopped at iteration 104. 500 items are selected. The objective value is: 0.0012055815498084185
rounds:  90%|█████████ | 36/40 [1:11:09<06:00, 90.13s/it][round  36] per_acc=0.6236 glob_acc=0.2649 train_acc=0.7067 train_loss=0.762 kl(q_w||q)=2.832
Stopped at iteration 89. 500 items are selected. The objective value is: 0.0030073541504476733
Stopped at iteration 103. 500 items are selected. The objective value is: 0.0008080843152571064
Stopped at iteration 101. 500 items are selected. The objective value is: 0.0012903235751132163
Stopped at iteration 101. 500 items are selected. The objective value is: 0.002460191536839185
Stopped at iteration 112. 500 items are selected. The objective value is: 0.0014478454917507596
Stopped at iteration 100. 500 items are selected. The objective value is: 0.0019316072901331494
Stopped at iteration 121. 500 items are selected. The objective value is: 0.0016926334111245132
Stopped at iteration 104. 500 items are selected. The objective value is: 0.001155817186236688
Stopped at iteration 106. 500 items are selected. The objective value is: 0.0067450724791521454
Stopped at iteration 101. 500 items are selected. The objective value is: 0.0018957639267181586
Stopped at iteration 115. 500 items are selected. The objective value is: 0.0012146815376143398
Stopped at iteration 142. 500 items are selected. The objective value is: 0.001959104746098503
Stopped at iteration 90. 500 items are selected. The objective value is: 0.0019458234519996833
Stopped at iteration 120. 500 items are selected. The objective value is: 0.0019644521196970745
Stopped at iteration 93. 500 items are selected. The objective value is: 0.0021288079519561185
Stopped at iteration 78. 500 items are selected. The objective value is: 0.0010139643031903168
Stopped at iteration 91. 500 items are selected. The objective value is: 0.0014172520709853198
Stopped at iteration 102. 500 items are selected. The objective value is: 0.0014117584138074234
Stopped at iteration 106. 500 items are selected. The objective value is: 0.0017690060405497563
Stopped at iteration 95. 500 items are selected. The objective value is: 0.00196147606221286
Stopped at iteration 80. 500 items are selected. The objective value is: 0.0014220594208362034
Stopped at iteration 98. 500 items are selected. The objective value is: 0.0012398692627774647
Stopped at iteration 85. 500 items are selected. The objective value is: 0.0007986199686502554
Stopped at iteration 93. 500 items are selected. The objective value is: 0.0018904375344481006
Stopped at iteration 109. 500 items are selected. The objective value is: 0.0012616670097089467
Stopped at iteration 107. 500 items are selected. The objective value is: 0.0009293725601348106
Stopped at iteration 92. 500 items are selected. The objective value is: 0.0020432094690347163
Stopped at iteration 110. 500 items are selected. The objective value is: 0.0010466925506161452
Stopped at iteration 106. 500 items are selected. The objective value is: 0.0009392764397249116
Stopped at iteration 101. 500 items are selected. The objective value is: 0.001384818774858505
rounds:  92%|█████████▎| 37/40 [1:12:45<04:35, 91.90s/it][round  37] per_acc=0.6276 glob_acc=0.2286 train_acc=0.6993 train_loss=0.752 kl(q_w||q)=2.211
Stopped at iteration 92. 500 items are selected. The objective value is: 0.001364608498720554
Stopped at iteration 107. 500 items are selected. The objective value is: 0.0014172381485603007
Stopped at iteration 97. 500 items are selected. The objective value is: 0.0010976112065604977
Stopped at iteration 91. 500 items are selected. The objective value is: 0.0010323171965490666
Stopped at iteration 92. 500 items are selected. The objective value is: 0.001803810002596769
Stopped at iteration 80. 500 items are selected. The objective value is: 0.001000328046681417
Stopped at iteration 112. 500 items are selected. The objective value is: 0.0016090756838983181
Stopped at iteration 115. 500 items are selected. The objective value is: 0.001247517649109495
Stopped at iteration 92. 500 items are selected. The objective value is: 0.002613806944139588
Stopped at iteration 122. 500 items are selected. The objective value is: 0.001528487958799141
Stopped at iteration 76. 500 items are selected. The objective value is: 0.0020255798470228147
Stopped at iteration 85. 500 items are selected. The objective value is: 0.001164488839768543
Stopped at iteration 134. 500 items are selected. The objective value is: 0.0010881794342759267
Stopped at iteration 98. 500 items are selected. The objective value is: 0.0016327282558245254
Stopped at iteration 87. 500 items are selected. The objective value is: 0.0011205787050439697
Stopped at iteration 82. 500 items are selected. The objective value is: 0.0006573806130195839
Stopped at iteration 88. 500 items are selected. The objective value is: 0.001928962257250097
Stopped at iteration 80. 500 items are selected. The objective value is: 0.0009417001518831087
Stopped at iteration 91. 500 items are selected. The objective value is: 0.002234634121094837
Stopped at iteration 112. 500 items are selected. The objective value is: 0.0013204184075955843
Stopped at iteration 85. 500 items are selected. The objective value is: 0.0033382042194170566
Stopped at iteration 89. 500 items are selected. The objective value is: 0.0033342784612660796
Stopped at iteration 104. 500 items are selected. The objective value is: 0.0012325899171444056
Stopped at iteration 85. 500 items are selected. The objective value is: 0.0011684704338392876
Stopped at iteration 109. 500 items are selected. The objective value is: 0.0007289425134165219
Stopped at iteration 101. 500 items are selected. The objective value is: 0.002158981130448101
Stopped at iteration 92. 500 items are selected. The objective value is: 0.00113811958908345
Stopped at iteration 101. 500 items are selected. The objective value is: 0.0014482870128332116
Stopped at iteration 90. 500 items are selected. The objective value is: 0.0009750155349416433
Stopped at iteration 98. 500 items are selected. The objective value is: 0.0012488535181800365
rounds:  95%|█████████▌| 38/40 [1:14:19<03:05, 92.52s/it][round  38] per_acc=0.6381 glob_acc=0.2576 train_acc=0.7109 train_loss=0.762 kl(q_w||q)=1.933
Stopped at iteration 115. 500 items are selected. The objective value is: 0.002305323907201192
Stopped at iteration 103. 500 items are selected. The objective value is: 0.0008099983188114378
Stopped at iteration 126. 500 items are selected. The objective value is: 0.0017906593220761511
Stopped at iteration 90. 500 items are selected. The objective value is: 0.001857311313438327
Stopped at iteration 111. 500 items are selected. The objective value is: 0.001917036242422166
Stopped at iteration 113. 500 items are selected. The objective value is: 0.0014294065776938045
Stopped at iteration 86. 500 items are selected. The objective value is: 0.001150762427103618
Stopped at iteration 121. 500 items are selected. The objective value is: 0.002636726962531712
Stopped at iteration 91. 500 items are selected. The objective value is: 0.00043194031924669913
Stopped at iteration 118. 500 items are selected. The objective value is: 0.0007664005153619543
Stopped at iteration 115. 500 items are selected. The objective value is: 0.002156662694694122
Stopped at iteration 92. 500 items are selected. The objective value is: 0.0013156595241246378
Stopped at iteration 136. 500 items are selected. The objective value is: 0.001804030343447783
Stopped at iteration 95. 500 items are selected. The objective value is: 0.002038434046549796
Stopped at iteration 117. 500 items are selected. The objective value is: 0.0016468535904164124
Stopped at iteration 119. 500 items are selected. The objective value is: 0.0016634960080212534
Stopped at iteration 89. 500 items are selected. The objective value is: 0.0008836030596943693
Stopped at iteration 104. 500 items are selected. The objective value is: 0.001303336893283857
Stopped at iteration 98. 500 items are selected. The objective value is: 0.0015424586003089848
Stopped at iteration 107. 500 items are selected. The objective value is: 0.0011750141291700885
Stopped at iteration 92. 500 items are selected. The objective value is: 0.001122571497398977
Stopped at iteration 99. 500 items are selected. The objective value is: 0.00042396657684644123
Stopped at iteration 110. 500 items are selected. The objective value is: 0.000968815535476753
Stopped at iteration 105. 500 items are selected. The objective value is: 0.0007281937780991224
Stopped at iteration 109. 500 items are selected. The objective value is: 0.0020292245452298535
Stopped at iteration 100. 500 items are selected. The objective value is: 0.0034282664886171998
Stopped at iteration 93. 500 items are selected. The objective value is: 0.0012839782765296241
Stopped at iteration 94. 500 items are selected. The objective value is: 0.00205128586094317
Stopped at iteration 90. 500 items are selected. The objective value is: 0.0007987432092695682
Stopped at iteration 94. 500 items are selected. The objective value is: 0.0009530328113030434
rounds:  98%|█████████▊| 39/40 [1:15:50<01:32, 92.04s/it][round  39] per_acc=0.6138 glob_acc=0.2201 train_acc=0.7101 train_loss=0.772 kl(q_w||q)=2.564
Stopped at iteration 113. 500 items are selected. The objective value is: 0.002776784733747906
Stopped at iteration 122. 500 items are selected. The objective value is: 0.001536979934727564
Stopped at iteration 97. 500 items are selected. The objective value is: 0.001660028156127799
Stopped at iteration 98. 500 items are selected. The objective value is: 0.0023471247062164806
Stopped at iteration 133. 500 items are selected. The objective value is: 0.001183611640755707
Stopped at iteration 116. 500 items are selected. The objective value is: 0.0025276901785648
Stopped at iteration 71. 500 items are selected. The objective value is: 0.0014975596666250452
Stopped at iteration 107. 500 items are selected. The objective value is: 0.0017297638130391061
Stopped at iteration 124. 500 items are selected. The objective value is: 0.003407197352721711
Stopped at iteration 76. 500 items are selected. The objective value is: 0.001528970955084079
Stopped at iteration 106. 500 items are selected. The objective value is: 0.0014852859770326599
Stopped at iteration 129. 500 items are selected. The objective value is: 0.0009455010355440166
Stopped at iteration 108. 500 items are selected. The objective value is: 0.001350173113426823
Stopped at iteration 107. 500 items are selected. The objective value is: 0.0017437594691504805
Stopped at iteration 106. 500 items are selected. The objective value is: 0.0020175576727662153
Stopped at iteration 92. 500 items are selected. The objective value is: 0.0010876070389381181
Stopped at iteration 86. 500 items are selected. The objective value is: 0.0009138547777498642
Stopped at iteration 107. 500 items are selected. The objective value is: 0.0012131174305117635
Stopped at iteration 115. 500 items are selected. The objective value is: 0.0019241691712241333
Stopped at iteration 102. 500 items are selected. The objective value is: 0.0019975523686288563
Stopped at iteration 100. 500 items are selected. The objective value is: 0.002581602184254104
Stopped at iteration 83. 500 items are selected. The objective value is: 0.002491988413169034
Stopped at iteration 85. 500 items are selected. The objective value is: 0.0008031946467150202
Stopped at iteration 95. 500 items are selected. The objective value is: 0.0005893949418464095
Stopped at iteration 95. 500 items are selected. The objective value is: 0.0018675246102189424
Stopped at iteration 91. 500 items are selected. The objective value is: 0.0004740599523780064
Stopped at iteration 84. 500 items are selected. The objective value is: 0.0011548380811264823
Stopped at iteration 96. 500 items are selected. The objective value is: 0.0016890617684601375
Stopped at iteration 96. 500 items are selected. The objective value is: 0.001519337685288727
Stopped at iteration 92. 500 items are selected. The objective value is: 0.0009727144837126245
rounds: 100%|██████████| 40/40 [1:17:21<00:00, 91.75s/it]rounds: 100%|██████████| 40/40 [1:17:21<00:00, 116.05s/it]
[round  40] per_acc=0.6138 glob_acc=0.5900 train_acc=0.7124 train_loss=0.754 kl(q_w||q)=3.178
[server] results -> results/Cifar_coreset_frac0.5_z10.0_u10_b100_seed1.h5
done -> results/Cifar_coreset_frac0.5_z10.0_u10_b100_seed1.h5
