========================================================================
  dataset             : Mnist
  method              : coreset
  num_users           : 10
  clients_per_round   : 10
  num_glob_iters      : 40
  local_rounds        : 5
  batch_size          : 100
  mc                  : 3
  lr                  : 0.001
  personal_lr         : 0.001
  beta                : 1.0
  zeta                : 10.0
  coreset_frac        : 0.3
  coreset_S           : 50
  coreset_outer_steps : 3
  coreset_iters       : 300
  coreset_tol         : 0.01
  output_dim          : 10
  hidden_dim          : 100
  seed                : 1
  device              : cpu
  tag                 : Mnist_coreset_frac0.3_z10.0_u10_b100_seed1
========================================================================
train data dist:
 [999, 999, 999, 999, 999, 999, 999, 999, 999, 999]
/Library/Frameworks/Python.framework/Versions/3.10/lib/python3.10/site-packages/transformers/utils/generic.py:482: UserWarning: torch.utils._pytree._register_pytree_node is deprecated. Please use torch.utils._pytree.register_pytree_node instead.
  _torch_pytree._register_pytree_node(
[server] 10 clients | method=coreset | coreset_frac=0.3
rounds:   0%|          | 0/40 [00:00<?, ?it/s][round   0] per_acc=0.1226 glob_acc=0.0977 train_acc=0.0816 train_loss=2.533 kl(q_w||q)=nan
Stopped at iteration 216. 300 items are selected. The objective value is: 0.0005418899378097981
Stopped at iteration 301. 300 items are selected. The objective value is: 0.0035341519504898146
Stopped at iteration 301. 300 items are selected. The objective value is: 0.010521821000666776
Stopped at iteration 128. 300 items are selected. The objective value is: 0.001053248016457401
Stopped at iteration 157. 300 items are selected. The objective value is: 0.00029743832519745996
Stopped at iteration 180. 300 items are selected. The objective value is: 0.0002047448314401644
Stopped at iteration 194. 300 items are selected. The objective value is: 0.0011462246435978427
Stopped at iteration 232. 300 items are selected. The objective value is: 0.00021080480718918413
Stopped at iteration 241. 300 items are selected. The objective value is: 0.00021471599060780375
Stopped at iteration 301. 300 items are selected. The objective value is: 0.0016225204325584716
Stopped at iteration 301. 300 items are selected. The objective value is: 0.01655290765582389
Stopped at iteration 301. 300 items are selected. The objective value is: 0.006664170530043021
Stopped at iteration 117. 300 items are selected. The objective value is: 0.0008651503243484107
Stopped at iteration 149. 300 items are selected. The objective value is: 0.0007184430455885165
Stopped at iteration 198. 300 items are selected. The objective value is: 0.0003655480787204476
Stopped at iteration 183. 300 items are selected. The objective value is: 0.000851936921451623
Stopped at iteration 301. 300 items are selected. The objective value is: 0.0007402935247727029
Stopped at iteration 274. 300 items are selected. The objective value is: 0.0001990224512140822
Stopped at iteration 159. 300 items are selected. The objective value is: 0.0004424039701230747
Stopped at iteration 192. 300 items are selected. The objective value is: 0.0007163752518093711
Stopped at iteration 209. 300 items are selected. The objective value is: 0.0006214990231202197
Stopped at iteration 139. 300 items are selected. The objective value is: 0.0008439656307858537
Stopped at iteration 202. 300 items are selected. The objective value is: 0.0005880704265266923
Stopped at iteration 195. 300 items are selected. The objective value is: 0.0005233604461453572
Stopped at iteration 106. 300 items are selected. The objective value is: 0.00042796105263775806
Stopped at iteration 128. 300 items are selected. The objective value is: 0.0005662909883851958
Stopped at iteration 171. 300 items are selected. The objective value is: 0.00032167048614385795
Stopped at iteration 139. 300 items are selected. The objective value is: 0.0006724342743765074
Stopped at iteration 105. 300 items are selected. The objective value is: 0.0004694790353635059
Stopped at iteration 131. 300 items are selected. The objective value is: 0.00046302567259682724
rounds:   2%|▎         | 1/40 [03:07<2:01:33, 187.02s/it][round   1] per_acc=0.9689 glob_acc=0.4233 train_acc=0.9892 train_loss=0.047 kl(q_w||q)=3.487
Stopped at iteration 116. 300 items are selected. The objective value is: 0.0005439540258089558
Stopped at iteration 129. 300 items are selected. The objective value is: 0.0002486254436463763
Stopped at iteration 165. 300 items are selected. The objective value is: 0.00028156217765902043
Stopped at iteration 134. 300 items are selected. The objective value is: 0.0003136123789178091
Stopped at iteration 96. 300 items are selected. The objective value is: 0.0003476675810255336
Stopped at iteration 105. 300 items are selected. The objective value is: 0.0003715391501420236
Stopped at iteration 89. 300 items are selected. The objective value is: 0.0004208591077205203
Stopped at iteration 110. 300 items are selected. The objective value is: 0.0003245667492078451
Stopped at iteration 150. 300 items are selected. The objective value is: 0.0003447832725881891
Stopped at iteration 233. 300 items are selected. The objective value is: 0.00031324264663884537
Stopped at iteration 201. 300 items are selected. The objective value is: 0.00021310946000622884
Stopped at iteration 301. 300 items are selected. The objective value is: 0.0009978590583134062
Stopped at iteration 105. 300 items are selected. The objective value is: 0.00038103605957547033
Stopped at iteration 98. 300 items are selected. The objective value is: 0.0003521523386432242
Stopped at iteration 114. 300 items are selected. The objective value is: 0.0002571786268144476
Stopped at iteration 112. 300 items are selected. The objective value is: 0.00024957043265684184
Stopped at iteration 117. 300 items are selected. The objective value is: 0.00019941210636492484
Stopped at iteration 108. 300 items are selected. The objective value is: 0.00017714017354407476
Stopped at iteration 120. 300 items are selected. The objective value is: 0.0004002146962797083
Stopped at iteration 104. 300 items are selected. The objective value is: 0.00021921395517187413
Stopped at iteration 150. 300 items are selected. The objective value is: 0.00037194418066099536
Stopped at iteration 83. 300 items are selected. The objective value is: 0.00023038846062105225
Stopped at iteration 116. 300 items are selected. The objective value is: 0.0004067665005496155
Stopped at iteration 110. 300 items are selected. The objective value is: 0.0003381747479695771
Stopped at iteration 77. 300 items are selected. The objective value is: 0.0004520252625689197
Stopped at iteration 77. 300 items are selected. The objective value is: 0.00023246051216977944
Stopped at iteration 105. 300 items are selected. The objective value is: 0.0004972784960991654
Stopped at iteration 82. 300 items are selected. The objective value is: 0.0004878415298069643
Stopped at iteration 123. 300 items are selected. The objective value is: 0.0010151741728049452
Stopped at iteration 100. 300 items are selected. The objective value is: 0.0003465192956794811
rounds:   5%|▌         | 2/40 [05:30<1:42:20, 161.58s/it][round   2] per_acc=0.9722 glob_acc=0.5549 train_acc=0.9883 train_loss=0.075 kl(q_w||q)=0.371
Stopped at iteration 132. 300 items are selected. The objective value is: 0.0008293102690745625
Stopped at iteration 113. 300 items are selected. The objective value is: 0.0004477600725619892
Stopped at iteration 177. 300 items are selected. The objective value is: 0.0002602013348754999
Stopped at iteration 98. 300 items are selected. The objective value is: 0.0006593410072903308
Stopped at iteration 99. 300 items are selected. The objective value is: 0.0005791056829750663
Stopped at iteration 85. 300 items are selected. The objective value is: 0.00042779746983056274
Stopped at iteration 96. 300 items are selected. The objective value is: 0.00036060508807791877
Stopped at iteration 106. 300 items are selected. The objective value is: 0.00033113674701359404
Stopped at iteration 118. 300 items are selected. The objective value is: 0.00015260922384756112
Stopped at iteration 123. 300 items are selected. The objective value is: 0.000389733371184251
Stopped at iteration 223. 300 items are selected. The objective value is: 0.00048631910387102276
Stopped at iteration 231. 300 items are selected. The objective value is: 0.00018794149163158249
Stopped at iteration 96. 300 items are selected. The objective value is: 0.00040401519072281284
Stopped at iteration 111. 300 items are selected. The objective value is: 0.00028429102868378104
Stopped at iteration 93. 300 items are selected. The objective value is: 0.00030481094172290515
Stopped at iteration 94. 300 items are selected. The objective value is: 0.0003788492851584677
Stopped at iteration 100. 300 items are selected. The objective value is: 0.00029453165202079435
Stopped at iteration 110. 300 items are selected. The objective value is: 0.00015261456216419703
Stopped at iteration 83. 300 items are selected. The objective value is: 0.0006897857059928793
Stopped at iteration 130. 300 items are selected. The objective value is: 0.0007580598974016688
Stopped at iteration 113. 300 items are selected. The objective value is: 0.0005299497651485044
Stopped at iteration 84. 300 items are selected. The objective value is: 0.0006822141453833582
Stopped at iteration 152. 300 items are selected. The objective value is: 0.0005411645488579981
Stopped at iteration 122. 300 items are selected. The objective value is: 0.000567485811507306
Stopped at iteration 78. 300 items are selected. The objective value is: 0.0006212251879903824
Stopped at iteration 73. 300 items are selected. The objective value is: 0.000418458024198607
Stopped at iteration 90. 300 items are selected. The objective value is: 0.0003098298678920298
Stopped at iteration 115. 300 items are selected. The objective value is: 0.0008430394279249943
Stopped at iteration 93. 300 items are selected. The objective value is: 0.0004429509861090255
Stopped at iteration 87. 300 items are selected. The objective value is: 0.00038406302873058765
rounds:   8%|▊         | 3/40 [07:38<1:29:59, 145.95s/it][round   3] per_acc=0.9692 glob_acc=0.6165 train_acc=0.9834 train_loss=0.101 kl(q_w||q)=0.508
Stopped at iteration 125. 300 items are selected. The objective value is: 0.0010955018476915721
Stopped at iteration 128. 300 items are selected. The objective value is: 0.00045360704693829095
Stopped at iteration 142. 300 items are selected. The objective value is: 0.0003044449847765252
Stopped at iteration 94. 300 items are selected. The objective value is: 0.0005416156958099013
Stopped at iteration 108. 300 items are selected. The objective value is: 0.0009367427944404148
Stopped at iteration 116. 300 items are selected. The objective value is: 0.0006375614460101747
Stopped at iteration 78. 300 items are selected. The objective value is: 0.00033756404232412543
Stopped at iteration 134. 300 items are selected. The objective value is: 0.00044053700642582375
Stopped at iteration 94. 300 items are selected. The objective value is: 0.00014074423059161226
Stopped at iteration 147. 300 items are selected. The objective value is: 0.0004620948383340226
Stopped at iteration 160. 300 items are selected. The objective value is: 0.0004663138483210927
Stopped at iteration 244. 300 items are selected. The objective value is: 0.00023800257622359232
Stopped at iteration 90. 300 items are selected. The objective value is: 0.0009691702373908444
Stopped at iteration 115. 300 items are selected. The objective value is: 0.00043265583157446087
Stopped at iteration 112. 300 items are selected. The objective value is: 0.0002449197439338943
Stopped at iteration 114. 300 items are selected. The objective value is: 0.0002878037209478235
Stopped at iteration 100. 300 items are selected. The objective value is: 0.00018659956254052221
Stopped at iteration 93. 300 items are selected. The objective value is: 0.00038496147837335906
Stopped at iteration 107. 300 items are selected. The objective value is: 0.0002656005430212775
Stopped at iteration 138. 300 items are selected. The objective value is: 0.0002799851397212328
Stopped at iteration 126. 300 items are selected. The objective value is: 0.00033893449665018603
Stopped at iteration 105. 300 items are selected. The objective value is: 0.0002774296752056538
Stopped at iteration 142. 300 items are selected. The objective value is: 0.0010938716571405101
Stopped at iteration 91. 300 items are selected. The objective value is: 0.0003792893344769811
Stopped at iteration 78. 300 items are selected. The objective value is: 0.00022369311117383247
Stopped at iteration 80. 300 items are selected. The objective value is: 0.0006831073758374441
Stopped at iteration 122. 300 items are selected. The objective value is: 0.000939382615890524
Stopped at iteration 98. 300 items are selected. The objective value is: 0.0012338244437845847
Stopped at iteration 84. 300 items are selected. The objective value is: 0.0003487920740890353
rounds:  10%|█         | 4/40 [09:32<1:20:07, 133.54s/it][round   4] per_acc=0.9709 glob_acc=0.7378 train_acc=0.9824 train_loss=0.104 kl(q_w||q)=0.582
Stopped at iteration 128. 300 items are selected. The objective value is: 0.00033597957501893495
Stopped at iteration 109. 300 items are selected. The objective value is: 0.0011514474174511619
Stopped at iteration 126. 300 items are selected. The objective value is: 0.0004370167726970104
Stopped at iteration 109. 300 items are selected. The objective value is: 0.0011055656474071754
Stopped at iteration 119. 300 items are selected. The objective value is: 0.0013453510558093895
Stopped at iteration 88. 300 items are selected. The objective value is: 0.0006618258136788236
Stopped at iteration 103. 300 items are selected. The objective value is: 0.0001924496741077429
Stopped at iteration 160. 300 items are selected. The objective value is: 0.0004008689868048212
Stopped at iteration 130. 300 items are selected. The objective value is: 0.0005680667565509421
Stopped at iteration 183. 300 items are selected. The objective value is: 0.0002761434118165688
Stopped at iteration 241. 300 items are selected. The objective value is: 0.0002378411866405103
Stopped at iteration 233. 300 items are selected. The objective value is: 0.00031147828188640513
Stopped at iteration 96. 300 items are selected. The objective value is: 0.0005601291320132363
Stopped at iteration 118. 300 items are selected. The objective value is: 0.0009205112693900145
Stopped at iteration 131. 300 items are selected. The objective value is: 0.000268876259079006
Stopped at iteration 97. 300 items are selected. The objective value is: 0.00038736117014226456
Stopped at iteration 99. 300 items are selected. The objective value is: 0.0004268003966941066
Stopped at iteration 103. 300 items are selected. The objective value is: 0.0004532554379903581
Stopped at iteration 142. 300 items are selected. The objective value is: 0.0005913854377965459
Stopped at iteration 131. 300 items are selected. The objective value is: 0.000606400961635144
Stopped at iteration 172. 300 items are selected. The objective value is: 0.0010912500906389091
Stopped at iteration 126. 300 items are selected. The objective value is: 0.0007708941528271615
Stopped at iteration 110. 300 items are selected. The objective value is: 0.0002549661900040396
Stopped at iteration 118. 300 items are selected. The objective value is: 0.0005839345969815671
Stopped at iteration 80. 300 items are selected. The objective value is: 0.00044765181411938294
Stopped at iteration 95. 300 items are selected. The objective value is: 0.0003799257772979872
Stopped at iteration 97. 300 items are selected. The objective value is: 0.0003003624346861277
Stopped at iteration 65. 300 items are selected. The objective value is: 0.000497729521150487
Stopped at iteration 92. 300 items are selected. The objective value is: 0.0003544136541426466
Stopped at iteration 100. 300 items are selected. The objective value is: 0.0003253029662692161
rounds:  12%|█▎        | 5/40 [11:25<1:13:29, 126.00s/it][round   5] per_acc=0.9684 glob_acc=0.7158 train_acc=0.9820 train_loss=0.108 kl(q_w||q)=0.710
Stopped at iteration 135. 300 items are selected. The objective value is: 0.0005832611679284758
Stopped at iteration 124. 300 items are selected. The objective value is: 0.00023340919885835008
Stopped at iteration 145. 300 items are selected. The objective value is: 0.0001736827369981963
Stopped at iteration 100. 300 items are selected. The objective value is: 0.0003072971021831963
Stopped at iteration 82. 300 items are selected. The objective value is: 0.0003889714194676654
Stopped at iteration 107. 300 items are selected. The objective value is: 0.0005523541531683884
Stopped at iteration 91. 300 items are selected. The objective value is: 0.00025867220854354126
Stopped at iteration 97. 300 items are selected. The objective value is: 0.00039938239871149675
Stopped at iteration 142. 300 items are selected. The objective value is: 0.0004102833303657839
Stopped at iteration 190. 300 items are selected. The objective value is: 0.00040555113529589773
Stopped at iteration 179. 300 items are selected. The objective value is: 0.00035187895340171263
Stopped at iteration 290. 300 items are selected. The objective value is: 0.0002436819819990926
Stopped at iteration 90. 300 items are selected. The objective value is: 0.0005115657037292574
Stopped at iteration 118. 300 items are selected. The objective value is: 0.0004474814224748381
Stopped at iteration 114. 300 items are selected. The objective value is: 0.0005949286020257896
Stopped at iteration 118. 300 items are selected. The objective value is: 0.00044338761830322096
Stopped at iteration 89. 300 items are selected. The objective value is: 0.0005137757196079195
Stopped at iteration 123. 300 items are selected. The objective value is: 0.0005869782967472747
Stopped at iteration 142. 300 items are selected. The objective value is: 0.0005687212701194471
Stopped at iteration 172. 300 items are selected. The objective value is: 0.0005642571808559438
Stopped at iteration 150. 300 items are selected. The objective value is: 0.000950741148048314
Stopped at iteration 145. 300 items are selected. The objective value is: 0.000501052451914077
Stopped at iteration 90. 300 items are selected. The objective value is: 0.00018679567505846425
Stopped at iteration 106. 300 items are selected. The objective value is: 0.0005360480068012008
Stopped at iteration 81. 300 items are selected. The objective value is: 0.0007887986843672903
Stopped at iteration 131. 300 items are selected. The objective value is: 0.0005811790164033166
Stopped at iteration 128. 300 items are selected. The objective value is: 0.0005984717291339459
Stopped at iteration 104. 300 items are selected. The objective value is: 0.0007628418195102565
Stopped at iteration 68. 300 items are selected. The objective value is: 0.00041252041878665736
rounds:  15%|█▌        | 6/40 [13:23<1:09:49, 123.22s/it][round   6] per_acc=0.9702 glob_acc=0.7649 train_acc=0.9847 train_loss=0.094 kl(q_w||q)=0.853
Stopped at iteration 125. 300 items are selected. The objective value is: 0.0004597744616741379
Stopped at iteration 126. 300 items are selected. The objective value is: 0.0002864831929672349
Stopped at iteration 166. 300 items are selected. The objective value is: 0.00034322458565180336
Stopped at iteration 103. 300 items are selected. The objective value is: 0.0008037189150316088
Stopped at iteration 83. 300 items are selected. The objective value is: 0.0005216239424893162
Stopped at iteration 108. 300 items are selected. The objective value is: 0.00030989449905091405
Stopped at iteration 116. 300 items are selected. The objective value is: 0.0002988291330071541
Stopped at iteration 245. 300 items are selected. The objective value is: 0.00035850201862239114
Stopped at iteration 246. 300 items are selected. The objective value is: 0.0007173413865525735
Stopped at iteration 301. 300 items are selected. The objective value is: 0.0006751587841260325
Stopped at iteration 107. 300 items are selected. The objective value is: 0.0002651320740642325
Stopped at iteration 139. 300 items are selected. The objective value is: 0.0006906010239505438
Stopped at iteration 95. 300 items are selected. The objective value is: 0.0002884847187176027
Stopped at iteration 98. 300 items are selected. The objective value is: 0.00025212617020396716
Stopped at iteration 121. 300 items are selected. The objective value is: 0.00027050104896915943
Stopped at iteration 105. 300 items are selected. The objective value is: 0.0001876665281657406
Stopped at iteration 119. 300 items are selected. The objective value is: 0.0006152197333493153
Stopped at iteration 144. 300 items are selected. The objective value is: 0.0006088534454517582
Stopped at iteration 96. 300 items are selected. The objective value is: 0.0005177610589087109
Stopped at iteration 105. 300 items are selected. The objective value is: 0.0014234653715742486
Stopped at iteration 107. 300 items are selected. The objective value is: 0.0002845691258438498
Stopped at iteration 121. 300 items are selected. The objective value is: 0.0007838797105399705
Stopped at iteration 100. 300 items are selected. The objective value is: 0.0005335033034411632
Stopped at iteration 86. 300 items are selected. The objective value is: 0.00041226479608222523
Stopped at iteration 143. 300 items are selected. The objective value is: 0.00023795315970322173
Stopped at iteration 88. 300 items are selected. The objective value is: 0.0004071241920681423
Stopped at iteration 136. 300 items are selected. The objective value is: 0.0004280045277201501
Stopped at iteration 127. 300 items are selected. The objective value is: 0.0002954403521076327
rounds:  18%|█▊        | 7/40 [15:09<1:04:48, 117.84s/it][round   7] per_acc=0.9694 glob_acc=0.7581 train_acc=0.9849 train_loss=0.088 kl(q_w||q)=0.704
Stopped at iteration 122. 300 items are selected. The objective value is: 0.00029936224030801606
Stopped at iteration 137. 300 items are selected. The objective value is: 0.0005221025002079805
Stopped at iteration 112. 300 items are selected. The objective value is: 0.00022015837596767358
Stopped at iteration 106. 300 items are selected. The objective value is: 0.0007270202912503217
Stopped at iteration 94. 300 items are selected. The objective value is: 0.0003180691280035793
Stopped at iteration 121. 300 items are selected. The objective value is: 0.0008565620646187025
Stopped at iteration 144. 300 items are selected. The objective value is: 0.0006897925590694846
Stopped at iteration 109. 300 items are selected. The objective value is: 0.0002449760835189282
Stopped at iteration 124. 300 items are selected. The objective value is: 0.0003463324846544097
Stopped at iteration 203. 300 items are selected. The objective value is: 0.0005365493958116062
Stopped at iteration 301. 300 items are selected. The objective value is: 0.0008927650971355889
Stopped at iteration 208. 300 items are selected. The objective value is: 0.00042136483916722266
Stopped at iteration 122. 300 items are selected. The objective value is: 0.0003990555903752069
Stopped at iteration 125. 300 items are selected. The objective value is: 0.0003530433547310366
Stopped at iteration 103. 300 items are selected. The objective value is: 0.0003818245868673079
Stopped at iteration 134. 300 items are selected. The objective value is: 0.0005016752601197122
Stopped at iteration 97. 300 items are selected. The objective value is: 0.000507493601968412
Stopped at iteration 120. 300 items are selected. The objective value is: 0.00020593930255968876
Stopped at iteration 129. 300 items are selected. The objective value is: 0.0006063847392293909
Stopped at iteration 180. 300 items are selected. The objective value is: 0.00046808188297455265
Stopped at iteration 152. 300 items are selected. The objective value is: 0.00043751061724852237
Stopped at iteration 128. 300 items are selected. The objective value is: 0.0007014886202252067
Stopped at iteration 107. 300 items are selected. The objective value is: 0.0003507894734121967
Stopped at iteration 112. 300 items are selected. The objective value is: 0.0008193041479830374
Stopped at iteration 104. 300 items are selected. The objective value is: 0.0007597625192461702
Stopped at iteration 104. 300 items are selected. The objective value is: 0.0005561436060166674
Stopped at iteration 109. 300 items are selected. The objective value is: 0.0003888517055137403
Stopped at iteration 84. 300 items are selected. The objective value is: 0.0004959467230510331
Stopped at iteration 95. 300 items are selected. The objective value is: 0.00025048091723024046
Stopped at iteration 88. 300 items are selected. The objective value is: 0.0007473915517688236
rounds:  20%|██        | 8/40 [17:38<1:08:02, 127.57s/it][round   8] per_acc=0.9707 glob_acc=0.8038 train_acc=0.9869 train_loss=0.077 kl(q_w||q)=0.908
Stopped at iteration 144. 300 items are selected. The objective value is: 0.000584019753386635
Stopped at iteration 128. 300 items are selected. The objective value is: 0.0008689372964699713
Stopped at iteration 129. 300 items are selected. The objective value is: 0.0005007537748338134
Stopped at iteration 84. 300 items are selected. The objective value is: 0.0005455040579666881
Stopped at iteration 101. 300 items are selected. The objective value is: 0.0005420275198590529
Stopped at iteration 98. 300 items are selected. The objective value is: 0.0006036169922000889
Stopped at iteration 137. 300 items are selected. The objective value is: 0.0002762321209925069
Stopped at iteration 163. 300 items are selected. The objective value is: 0.0002004730120916905
Stopped at iteration 109. 300 items are selected. The objective value is: 0.0001803066564655053
Stopped at iteration 191. 300 items are selected. The objective value is: 0.001007876961215734
Stopped at iteration 260. 300 items are selected. The objective value is: 0.00034086500187712756
Stopped at iteration 301. 300 items are selected. The objective value is: 0.0018180814798427999
Stopped at iteration 109. 300 items are selected. The objective value is: 0.0006567454886037612
Stopped at iteration 127. 300 items are selected. The objective value is: 0.00055108906595071
Stopped at iteration 120. 300 items are selected. The objective value is: 0.00017039720559131158
Stopped at iteration 92. 300 items are selected. The objective value is: 0.0003886501770105113
Stopped at iteration 119. 300 items are selected. The objective value is: 0.00018559700862763232
Stopped at iteration 104. 300 items are selected. The objective value is: 0.0003355938315075171
Stopped at iteration 140. 300 items are selected. The objective value is: 0.0005672923287034684
Stopped at iteration 176. 300 items are selected. The objective value is: 0.0008285282831350285
Stopped at iteration 128. 300 items are selected. The objective value is: 0.0008161003152551484
Stopped at iteration 104. 300 items are selected. The objective value is: 0.0010773308715715025
Stopped at iteration 147. 300 items are selected. The objective value is: 0.0004501687180848944
Stopped at iteration 134. 300 items are selected. The objective value is: 0.0008047372644037412
Stopped at iteration 82. 300 items are selected. The objective value is: 0.00040490155397596297
Stopped at iteration 115. 300 items are selected. The objective value is: 0.0001948978476687469
Stopped at iteration 120. 300 items are selected. The objective value is: 0.0003149635403253863
Stopped at iteration 105. 300 items are selected. The objective value is: 0.0008564690560356821
Stopped at iteration 122. 300 items are selected. The objective value is: 0.0008387720995407618
Stopped at iteration 112. 300 items are selected. The objective value is: 0.0003884717442596789
rounds:  22%|██▎       | 9/40 [19:33<1:03:51, 123.60s/it][round   9] per_acc=0.9754 glob_acc=0.8058 train_acc=0.9886 train_loss=0.071 kl(q_w||q)=0.751
Stopped at iteration 170. 300 items are selected. The objective value is: 0.0003868187911512187
Stopped at iteration 166. 300 items are selected. The objective value is: 0.00023645863462797196
Stopped at iteration 215. 300 items are selected. The objective value is: 0.00016268448805774726
Stopped at iteration 98. 300 items are selected. The objective value is: 0.00036619557794666317
Stopped at iteration 67. 300 items are selected. The objective value is: 0.0003937564819735575
Stopped at iteration 125. 300 items are selected. The objective value is: 0.00112885017044528
Stopped at iteration 126. 300 items are selected. The objective value is: 0.00044932305222739055
Stopped at iteration 121. 300 items are selected. The objective value is: 0.00016839105703153663
Stopped at iteration 185. 300 items are selected. The objective value is: 0.0004097274237353209
Stopped at iteration 242. 300 items are selected. The objective value is: 0.0002855420704789316
Stopped at iteration 238. 300 items are selected. The objective value is: 0.0003425564898451403
Stopped at iteration 287. 300 items are selected. The objective value is: 0.0001804621459013767
Stopped at iteration 177. 300 items are selected. The objective value is: 0.0005692005586440144
Stopped at iteration 119. 300 items are selected. The objective value is: 0.0004171865072138234
Stopped at iteration 120. 300 items are selected. The objective value is: 0.00041656092732391266
Stopped at iteration 89. 300 items are selected. The objective value is: 0.0005331701961786238
Stopped at iteration 95. 300 items are selected. The objective value is: 0.00014588470913473066
Stopped at iteration 117. 300 items are selected. The objective value is: 0.00018575080541970214
Stopped at iteration 140. 300 items are selected. The objective value is: 0.0007047029635606617
Stopped at iteration 168. 300 items are selected. The objective value is: 0.0009544589787942713
Stopped at iteration 132. 300 items are selected. The objective value is: 0.0002306335956280902
Stopped at iteration 107. 300 items are selected. The objective value is: 0.00038848558590895774
Stopped at iteration 124. 300 items are selected. The objective value is: 0.0003913515811437554
Stopped at iteration 192. 300 items are selected. The objective value is: 0.0003050579210349099
Stopped at iteration 81. 300 items are selected. The objective value is: 0.0004043200402240908
Stopped at iteration 149. 300 items are selected. The objective value is: 0.000605910564384347
Stopped at iteration 123. 300 items are selected. The objective value is: 0.00033903168599751574
Stopped at iteration 90. 300 items are selected. The objective value is: 0.00034126720582841266
Stopped at iteration 87. 300 items are selected. The objective value is: 0.0002681122297550076
Stopped at iteration 127. 300 items are selected. The objective value is: 0.0006371694015252427
rounds:  25%|██▌       | 10/40 [21:28<1:00:35, 121.19s/it][round  10] per_acc=0.9744 glob_acc=0.8251 train_acc=0.9911 train_loss=0.070 kl(q_w||q)=0.732
Stopped at iteration 177. 300 items are selected. The objective value is: 0.0001851411823923583
Stopped at iteration 143. 300 items are selected. The objective value is: 0.0003510619713695297
Stopped at iteration 191. 300 items are selected. The objective value is: 0.0002802300296023008
Stopped at iteration 94. 300 items are selected. The objective value is: 0.0005673595663034403
Stopped at iteration 109. 300 items are selected. The objective value is: 0.0009952325700128737
Stopped at iteration 106. 300 items are selected. The objective value is: 0.0002874000177960019
Stopped at iteration 121. 300 items are selected. The objective value is: 0.0002722103175184305
Stopped at iteration 163. 300 items are selected. The objective value is: 0.0001971546834934043
Stopped at iteration 230. 300 items are selected. The objective value is: 0.0004232566633369762
Stopped at iteration 301. 300 items are selected. The objective value is: 0.00036204712615505656
Stopped at iteration 301. 300 items are selected. The objective value is: 0.00020537589769238453
Stopped at iteration 128. 300 items are selected. The objective value is: 0.00033883238149950783
Stopped at iteration 111. 300 items are selected. The objective value is: 0.0006207759838217533
Stopped at iteration 94. 300 items are selected. The objective value is: 0.0002983100021384935
Stopped at iteration 111. 300 items are selected. The objective value is: 0.00022961582905330592
Stopped at iteration 145. 300 items are selected. The objective value is: 0.0003360047158628453
Stopped at iteration 110. 300 items are selected. The objective value is: 0.00010418728401727291
Stopped at iteration 167. 300 items are selected. The objective value is: 0.000674318406157748
Stopped at iteration 120. 300 items are selected. The objective value is: 0.0005910781709740461
Stopped at iteration 191. 300 items are selected. The objective value is: 0.0002849838430552758
Stopped at iteration 143. 300 items are selected. The objective value is: 0.0003548763952067716
Stopped at iteration 137. 300 items are selected. The objective value is: 0.0004152875178925311
Stopped at iteration 130. 300 items are selected. The objective value is: 0.0003536962182435349
Stopped at iteration 87. 300 items are selected. The objective value is: 0.000540855285245118
Stopped at iteration 139. 300 items are selected. The objective value is: 0.0005673592734774786
Stopped at iteration 127. 300 items are selected. The objective value is: 0.00013720563546604952
Stopped at iteration 93. 300 items are selected. The objective value is: 0.001233653456967574
Stopped at iteration 117. 300 items are selected. The objective value is: 0.0002249775282259146
Stopped at iteration 92. 300 items are selected. The objective value is: 0.0006346704345537918
rounds:  28%|██▊       | 11/40 [23:21<57:16, 118.51s/it]  [round  11] per_acc=0.9744 glob_acc=0.8306 train_acc=0.9909 train_loss=0.057 kl(q_w||q)=0.766
Stopped at iteration 116. 300 items are selected. The objective value is: 0.0003070581773976015
Stopped at iteration 193. 300 items are selected. The objective value is: 0.0003501706043142878
Stopped at iteration 138. 300 items are selected. The objective value is: 0.00012104290610136863
Stopped at iteration 112. 300 items are selected. The objective value is: 0.0012219366194703514
Stopped at iteration 120. 300 items are selected. The objective value is: 0.0005582851226795557
Stopped at iteration 108. 300 items are selected. The objective value is: 0.0003705496583415803
Stopped at iteration 117. 300 items are selected. The objective value is: 0.00023340003080207962
Stopped at iteration 163. 300 items are selected. The objective value is: 0.00021049397387552974
Stopped at iteration 166. 300 items are selected. The objective value is: 0.00016687942348904026
Stopped at iteration 205. 300 items are selected. The objective value is: 0.0008666911147686995
Stopped at iteration 301. 300 items are selected. The objective value is: 0.0015784738818206928
Stopped at iteration 301. 300 items are selected. The objective value is: 0.00031940459673333936
Stopped at iteration 95. 300 items are selected. The objective value is: 0.00016556886982313108
Stopped at iteration 87. 300 items are selected. The objective value is: 0.0003441835431024833
Stopped at iteration 94. 300 items are selected. The objective value is: 0.0002644287199621406
Stopped at iteration 100. 300 items are selected. The objective value is: 0.0005689196907990415
Stopped at iteration 107. 300 items are selected. The objective value is: 0.00016950850136811984
Stopped at iteration 161. 300 items are selected. The objective value is: 0.00023971595695178002
Stopped at iteration 169. 300 items are selected. The objective value is: 0.0004851735084680362
Stopped at iteration 213. 300 items are selected. The objective value is: 0.00046941999289395965
Stopped at iteration 231. 300 items are selected. The objective value is: 0.0005026817825173285
Stopped at iteration 142. 300 items are selected. The objective value is: 0.0004416429176499466
Stopped at iteration 129. 300 items are selected. The objective value is: 0.00018446113999329432
Stopped at iteration 156. 300 items are selected. The objective value is: 0.00035014445470205914
Stopped at iteration 96. 300 items are selected. The objective value is: 0.0007482202722161777
Stopped at iteration 139. 300 items are selected. The objective value is: 0.0003161605703793985
Stopped at iteration 110. 300 items are selected. The objective value is: 0.0001766763796303432
Stopped at iteration 73. 300 items are selected. The objective value is: 0.0003924357461787909
Stopped at iteration 102. 300 items are selected. The objective value is: 0.00027305824119597456
rounds:  30%|███       | 12/40 [25:12<54:18, 116.36s/it][round  12] per_acc=0.9762 glob_acc=0.8481 train_acc=0.9920 train_loss=0.056 kl(q_w||q)=0.821
Stopped at iteration 150. 300 items are selected. The objective value is: 9.38956406860835e-05
Stopped at iteration 138. 300 items are selected. The objective value is: 0.00021839928169929712
Stopped at iteration 131. 300 items are selected. The objective value is: 0.00032324314512040324
Stopped at iteration 128. 300 items are selected. The objective value is: 0.0007178658861697668
Stopped at iteration 89. 300 items are selected. The objective value is: 0.0002691508116741129
Stopped at iteration 89. 300 items are selected. The objective value is: 0.00016837527535090013
Stopped at iteration 109. 300 items are selected. The objective value is: 0.0003890641744293153
Stopped at iteration 150. 300 items are selected. The objective value is: 0.00015955925413947274
Stopped at iteration 124. 300 items are selected. The objective value is: 0.00018403257895294273
Stopped at iteration 250. 300 items are selected. The objective value is: 0.0003264513590590663
Stopped at iteration 282. 300 items are selected. The objective value is: 0.00044802245941480726
Stopped at iteration 297. 300 items are selected. The objective value is: 0.00018385296338421154
Stopped at iteration 74. 300 items are selected. The objective value is: 0.0002493530427825774
Stopped at iteration 121. 300 items are selected. The objective value is: 0.0005134054120383224
Stopped at iteration 129. 300 items are selected. The objective value is: 0.000554549570066759
Stopped at iteration 109. 300 items are selected. The objective value is: 0.0001691436050178571
Stopped at iteration 102. 300 items are selected. The objective value is: 0.00022411377737617937
Stopped at iteration 126. 300 items are selected. The objective value is: 0.00021375407247501883
Stopped at iteration 126. 300 items are selected. The objective value is: 0.00038843944772120654
Stopped at iteration 137. 300 items are selected. The objective value is: 0.0004982172006343996
Stopped at iteration 155. 300 items are selected. The objective value is: 0.00026889698294962027
Stopped at iteration 107. 300 items are selected. The objective value is: 0.0005128164988730551
Stopped at iteration 142. 300 items are selected. The objective value is: 0.0003296483015325047
Stopped at iteration 137. 300 items are selected. The objective value is: 0.00023771402808495071
Stopped at iteration 126. 300 items are selected. The objective value is: 0.0003684423559575042
Stopped at iteration 93. 300 items are selected. The objective value is: 0.00046908983035529094
Stopped at iteration 120. 300 items are selected. The objective value is: 0.00021140604601746716
Stopped at iteration 132. 300 items are selected. The objective value is: 0.00045725748913155197
Stopped at iteration 119. 300 items are selected. The objective value is: 0.0008374656980809471
Stopped at iteration 82. 300 items are selected. The objective value is: 0.00027498368133055845
rounds:  32%|███▎      | 13/40 [27:08<52:12, 116.04s/it][round  13] per_acc=0.9784 glob_acc=0.8709 train_acc=0.9932 train_loss=0.048 kl(q_w||q)=0.790
Stopped at iteration 153. 300 items are selected. The objective value is: 0.00037560342920554005
Stopped at iteration 153. 300 items are selected. The objective value is: 0.0001483586500852881
Stopped at iteration 151. 300 items are selected. The objective value is: 0.0003109836204555642
Stopped at iteration 93. 300 items are selected. The objective value is: 0.00025507894630642845
Stopped at iteration 109. 300 items are selected. The objective value is: 0.00018886576116485757
Stopped at iteration 107. 300 items are selected. The objective value is: 0.0005194814535834272
Stopped at iteration 134. 300 items are selected. The objective value is: 0.00029176543819940833
Stopped at iteration 173. 300 items are selected. The objective value is: 0.000341058137960723
Stopped at iteration 147. 300 items are selected. The objective value is: 0.00022522390801332198
Stopped at iteration 301. 300 items are selected. The objective value is: 0.000613000788932641
Stopped at iteration 274. 300 items are selected. The objective value is: 0.00029331365195939355
Stopped at iteration 296. 300 items are selected. The objective value is: 0.00025516278815023975
Stopped at iteration 98. 300 items are selected. The objective value is: 0.00020867325929276528
Stopped at iteration 114. 300 items are selected. The objective value is: 0.0001751978889196032
Stopped at iteration 109. 300 items are selected. The objective value is: 0.000370719852704317
Stopped at iteration 134. 300 items are selected. The objective value is: 0.00018276438999661703
Stopped at iteration 128. 300 items are selected. The objective value is: 0.0001659453411312503
Stopped at iteration 110. 300 items are selected. The objective value is: 7.441019751633441e-05
Stopped at iteration 107. 300 items are selected. The objective value is: 0.0002642529456089905
Stopped at iteration 172. 300 items are selected. The objective value is: 0.0002711520405136979
Stopped at iteration 184. 300 items are selected. The objective value is: 0.0003133702040792256
Stopped at iteration 117. 300 items are selected. The objective value is: 0.00037120083574894766
Stopped at iteration 155. 300 items are selected. The objective value is: 0.0002893307395496678
Stopped at iteration 145. 300 items are selected. The objective value is: 0.0002694161136579827
Stopped at iteration 97. 300 items are selected. The objective value is: 0.00014263512305144442
Stopped at iteration 99. 300 items are selected. The objective value is: 0.0002529519055803798
Stopped at iteration 85. 300 items are selected. The objective value is: 0.00015307544893015742
Stopped at iteration 101. 300 items are selected. The objective value is: 0.0005271855869364403
Stopped at iteration 99. 300 items are selected. The objective value is: 0.0002626614748058703
Stopped at iteration 81. 300 items are selected. The objective value is: 0.00033940060917228234
rounds:  35%|███▌      | 14/40 [29:03<50:13, 115.89s/it][round  14] per_acc=0.9787 glob_acc=0.8539 train_acc=0.9946 train_loss=0.044 kl(q_w||q)=0.748
Stopped at iteration 158. 300 items are selected. The objective value is: 0.00021081350226036572
Stopped at iteration 160. 300 items are selected. The objective value is: 0.00014042042924648174
Stopped at iteration 145. 300 items are selected. The objective value is: 0.00012732237293429447
Stopped at iteration 81. 300 items are selected. The objective value is: 0.00013762113962279013
Stopped at iteration 76. 300 items are selected. The objective value is: 0.0003546611446870272
Stopped at iteration 95. 300 items are selected. The objective value is: 0.00021602994449332986
Stopped at iteration 101. 300 items are selected. The objective value is: 0.00020333910615163325
Stopped at iteration 127. 300 items are selected. The objective value is: 0.00016637151884062794
Stopped at iteration 152. 300 items are selected. The objective value is: 0.00021666118879314943
Stopped at iteration 301. 300 items are selected. The objective value is: 0.0013603398864736036
Stopped at iteration 301. 300 items are selected. The objective value is: 0.0005929817609467758
Stopped at iteration 301. 300 items are selected. The objective value is: 0.0009804552897342382
Stopped at iteration 135. 300 items are selected. The objective value is: 0.00024078112164634206
Stopped at iteration 145. 300 items are selected. The objective value is: 0.0003494960792307882
Stopped at iteration 79. 300 items are selected. The objective value is: 0.0003253996195570556
Stopped at iteration 101. 300 items are selected. The objective value is: 0.000223393929045768
Stopped at iteration 135. 300 items are selected. The objective value is: 0.0002959463708983027
Stopped at iteration 121. 300 items are selected. The objective value is: 7.829815864145508e-05
Stopped at iteration 134. 300 items are selected. The objective value is: 0.0003260027697545
Stopped at iteration 125. 300 items are selected. The objective value is: 0.00034082721400239993
Stopped at iteration 158. 300 items are selected. The objective value is: 0.0002940641070352583
Stopped at iteration 142. 300 items are selected. The objective value is: 0.00014752714703305663
Stopped at iteration 120. 300 items are selected. The objective value is: 0.0002909236977952372
Stopped at iteration 157. 300 items are selected. The objective value is: 0.00022083563113550669
Stopped at iteration 88. 300 items are selected. The objective value is: 0.00023411307936176107
Stopped at iteration 100. 300 items are selected. The objective value is: 0.00016277398586163255
Stopped at iteration 111. 300 items are selected. The objective value is: 0.00016653027100364473
Stopped at iteration 95. 300 items are selected. The objective value is: 0.00034971342204431955
Stopped at iteration 113. 300 items are selected. The objective value is: 0.0004076503116778449
Stopped at iteration 110. 300 items are selected. The objective value is: 0.0004496666297005292
rounds:  38%|███▊      | 15/40 [30:58<48:06, 115.46s/it][round  15] per_acc=0.9774 glob_acc=0.8494 train_acc=0.9950 train_loss=0.043 kl(q_w||q)=0.685
Stopped at iteration 164. 300 items are selected. The objective value is: 0.00011617277039213645
Stopped at iteration 179. 300 items are selected. The objective value is: 0.00021315364994656109
Stopped at iteration 181. 300 items are selected. The objective value is: 0.00015501423883738027
Stopped at iteration 100. 300 items are selected. The objective value is: 0.0005515395960988065
Stopped at iteration 132. 300 items are selected. The objective value is: 0.0003992870139071682
Stopped at iteration 99. 300 items are selected. The objective value is: 0.00042055122159496104
Stopped at iteration 129. 300 items are selected. The objective value is: 0.00031216211654640593
Stopped at iteration 171. 300 items are selected. The objective value is: 9.878491758190851e-05
Stopped at iteration 135. 300 items are selected. The objective value is: 0.00024011492487762266
Stopped at iteration 245. 300 items are selected. The objective value is: 0.00019406529433029656
Stopped at iteration 301. 300 items are selected. The objective value is: 0.0002792946166772301
Stopped at iteration 301. 300 items are selected. The objective value is: 0.0011393363208317226
Stopped at iteration 139. 300 items are selected. The objective value is: 0.0010417691981383594
Stopped at iteration 108. 300 items are selected. The objective value is: 0.00018871445750247897
Stopped at iteration 136. 300 items are selected. The objective value is: 0.0002001216644666073
Stopped at iteration 123. 300 items are selected. The objective value is: 0.00015971854227432987
Stopped at iteration 130. 300 items are selected. The objective value is: 0.00013885223398927548
Stopped at iteration 100. 300 items are selected. The objective value is: 0.0002502580613074897
Stopped at iteration 136. 300 items are selected. The objective value is: 0.00030880655404629274
Stopped at iteration 146. 300 items are selected. The objective value is: 0.00039181938137259785
Stopped at iteration 149. 300 items are selected. The objective value is: 0.00015047196294575016
Stopped at iteration 129. 300 items are selected. The objective value is: 0.00024258640404510107
Stopped at iteration 191. 300 items are selected. The objective value is: 0.00040571623027904196
Stopped at iteration 146. 300 items are selected. The objective value is: 0.0003042199774782759
Stopped at iteration 146. 300 items are selected. The objective value is: 0.00027197540419087395
Stopped at iteration 97. 300 items are selected. The objective value is: 0.00011160005902503482
Stopped at iteration 93. 300 items are selected. The objective value is: 0.00010815429849968842
Stopped at iteration 107. 300 items are selected. The objective value is: 0.0003116164749493229
Stopped at iteration 77. 300 items are selected. The objective value is: 0.0008303486974678622
Stopped at iteration 136. 300 items are selected. The objective value is: 0.0003893404726036757
rounds:  40%|████      | 16/40 [32:53<46:11, 115.46s/it][round  16] per_acc=0.9772 glob_acc=0.8772 train_acc=0.9963 train_loss=0.038 kl(q_w||q)=0.768
Stopped at iteration 124. 300 items are selected. The objective value is: 0.0001888640419425163
Stopped at iteration 218. 300 items are selected. The objective value is: 0.00030168695631100696
Stopped at iteration 168. 300 items are selected. The objective value is: 0.0001592163682471213
Stopped at iteration 110. 300 items are selected. The objective value is: 0.0004357710983100983
Stopped at iteration 89. 300 items are selected. The objective value is: 0.0002504804782707729
Stopped at iteration 112. 300 items are selected. The objective value is: 0.0003220892849086724
Stopped at iteration 110. 300 items are selected. The objective value is: 0.00016734885017602615
Stopped at iteration 185. 300 items are selected. The objective value is: 0.0003685130467201297
Stopped at iteration 164. 300 items are selected. The objective value is: 0.0001049505792885879
Stopped at iteration 301. 300 items are selected. The objective value is: 0.0010370632324476544
Stopped at iteration 301. 300 items are selected. The objective value is: 0.0005332993444164806
Stopped at iteration 301. 300 items are selected. The objective value is: 0.00048809674806310775
Stopped at iteration 88. 300 items are selected. The objective value is: 0.00046345105770514766
Stopped at iteration 90. 300 items are selected. The objective value is: 0.0001311337976477102
Stopped at iteration 93. 300 items are selected. The objective value is: 0.00013708546851954017
Stopped at iteration 141. 300 items are selected. The objective value is: 0.00015489951821044836
Stopped at iteration 98. 300 items are selected. The objective value is: 8.444984295132337e-05
Stopped at iteration 146. 300 items are selected. The objective value is: 0.00016028595640071587
Stopped at iteration 131. 300 items are selected. The objective value is: 0.0004159926680845849
Stopped at iteration 166. 300 items are selected. The objective value is: 0.0004160280387626195
Stopped at iteration 125. 300 items are selected. The objective value is: 0.00015868106867418852
Stopped at iteration 179. 300 items are selected. The objective value is: 0.00037546221894356815
Stopped at iteration 132. 300 items are selected. The objective value is: 0.00024130902044120246
Stopped at iteration 206. 300 items are selected. The objective value is: 0.0001523522446927885
Stopped at iteration 97. 300 items are selected. The objective value is: 0.0003221578168380104
Stopped at iteration 110. 300 items are selected. The objective value is: 0.00024092872503314735
Stopped at iteration 133. 300 items are selected. The objective value is: 0.00024379417142598937
Stopped at iteration 97. 300 items are selected. The objective value is: 0.00015595881781901386
Stopped at iteration 95. 300 items are selected. The objective value is: 0.0002994924044095516
Stopped at iteration 114. 300 items are selected. The objective value is: 0.0001293665227686291
rounds:  42%|████▎     | 17/40 [34:47<44:03, 114.94s/it][round  17] per_acc=0.9787 glob_acc=0.8737 train_acc=0.9968 train_loss=0.035 kl(q_w||q)=0.861
Stopped at iteration 182. 300 items are selected. The objective value is: 0.0002558185177019604
Stopped at iteration 123. 300 items are selected. The objective value is: 0.00010160694210532106
Stopped at iteration 209. 300 items are selected. The objective value is: 0.00011630285694527719
Stopped at iteration 97. 300 items are selected. The objective value is: 0.00023404270141654454
Stopped at iteration 102. 300 items are selected. The objective value is: 0.00015969859939168676
Stopped at iteration 78. 300 items are selected. The objective value is: 0.0005514202568640043
Stopped at iteration 130. 300 items are selected. The objective value is: 0.00014667548325225703
Stopped at iteration 170. 300 items are selected. The objective value is: 0.00012673916630091502
Stopped at iteration 125. 300 items are selected. The objective value is: 0.00013642652492189443
Stopped at iteration 264. 300 items are selected. The objective value is: 0.000234819166921667
Stopped at iteration 301. 300 items are selected. The objective value is: 0.0024851641709461966
Stopped at iteration 301. 300 items are selected. The objective value is: 0.0026974243745680644
Stopped at iteration 113. 300 items are selected. The objective value is: 0.000329703667502932
Stopped at iteration 113. 300 items are selected. The objective value is: 0.00018242085453668236
Stopped at iteration 117. 300 items are selected. The objective value is: 0.00020275805660365445
Stopped at iteration 106. 300 items are selected. The objective value is: 0.00042959376602486065
Stopped at iteration 114. 300 items are selected. The objective value is: 0.00037459941850325135
Stopped at iteration 97. 300 items are selected. The objective value is: 0.00012628834550893855
Stopped at iteration 145. 300 items are selected. The objective value is: 0.0004275115321077107
Stopped at iteration 175. 300 items are selected. The objective value is: 0.0005137269462824013
Stopped at iteration 181. 300 items are selected. The objective value is: 0.0002657498061539449
Stopped at iteration 139. 300 items are selected. The objective value is: 0.00014794795720566933
Stopped at iteration 117. 300 items are selected. The objective value is: 0.0002854565534788415
Stopped at iteration 149. 300 items are selected. The objective value is: 0.00027246283165577713
Stopped at iteration 127. 300 items are selected. The objective value is: 0.0002460539843757048
Stopped at iteration 118. 300 items are selected. The objective value is: 0.0003255302649861852
Stopped at iteration 143. 300 items are selected. The objective value is: 0.00025443756196209013
Stopped at iteration 92. 300 items are selected. The objective value is: 0.00072852656839267
Stopped at iteration 132. 300 items are selected. The objective value is: 0.0004841712078803352
Stopped at iteration 118. 300 items are selected. The objective value is: 0.00029251196144820183
rounds:  45%|████▌     | 18/40 [36:41<42:06, 114.85s/it][round  18] per_acc=0.9792 glob_acc=0.8769 train_acc=0.9968 train_loss=0.035 kl(q_w||q)=0.741
Stopped at iteration 161. 300 items are selected. The objective value is: 0.00016154535995786522
Stopped at iteration 165. 300 items are selected. The objective value is: 0.00020547654475510892
Stopped at iteration 136. 300 items are selected. The objective value is: 0.0002218018512921626
Stopped at iteration 113. 300 items are selected. The objective value is: 0.0002697575838608205
Stopped at iteration 85. 300 items are selected. The objective value is: 0.00044241633996160347
Stopped at iteration 95. 300 items are selected. The objective value is: 0.0002219058127606174
Stopped at iteration 145. 300 items are selected. The objective value is: 0.000542396901130113
Stopped at iteration 128. 300 items are selected. The objective value is: 0.00013810114943227006
Stopped at iteration 121. 300 items are selected. The objective value is: 0.00015997011555882068
Stopped at iteration 277. 300 items are selected. The objective value is: 0.0002983371626579991
Stopped at iteration 301. 300 items are selected. The objective value is: 0.0021534541892882313
Stopped at iteration 301. 300 items are selected. The objective value is: 0.001362184629249549
Stopped at iteration 98. 300 items are selected. The objective value is: 0.0003702761911215039
Stopped at iteration 81. 300 items are selected. The objective value is: 9.846955580529154e-05
Stopped at iteration 135. 300 items are selected. The objective value is: 0.0002786158213363906
Stopped at iteration 94. 300 items are selected. The objective value is: 8.586569508201318e-05
Stopped at iteration 122. 300 items are selected. The objective value is: 8.156948604446102e-05
Stopped at iteration 147. 300 items are selected. The objective value is: 8.947011924248115e-05
Stopped at iteration 112. 300 items are selected. The objective value is: 0.0002840780391813908
Stopped at iteration 178. 300 items are selected. The objective value is: 0.00015970921977354033
Stopped at iteration 142. 300 items are selected. The objective value is: 0.0002394412278246542
Stopped at iteration 120. 300 items are selected. The objective value is: 0.00011868079259664134
Stopped at iteration 100. 300 items are selected. The objective value is: 0.00011659134071402037
Stopped at iteration 182. 300 items are selected. The objective value is: 0.0005286353013443319
Stopped at iteration 93. 300 items are selected. The objective value is: 0.00011733283268296974
Stopped at iteration 118. 300 items are selected. The objective value is: 0.00024757426574137267
Stopped at iteration 118. 300 items are selected. The objective value is: 0.00011267329934136808
Stopped at iteration 94. 300 items are selected. The objective value is: 0.0007412241064451151
Stopped at iteration 81. 300 items are selected. The objective value is: 0.00010326119953334696
Stopped at iteration 98. 300 items are selected. The objective value is: 0.00033736566969786797
rounds:  48%|████▊     | 19/40 [38:37<40:16, 115.07s/it][round  19] per_acc=0.9794 glob_acc=0.8702 train_acc=0.9963 train_loss=0.033 kl(q_w||q)=0.698
Stopped at iteration 152. 300 items are selected. The objective value is: 0.00023128057554555937
Stopped at iteration 195. 300 items are selected. The objective value is: 0.00013494491646248204
Stopped at iteration 171. 300 items are selected. The objective value is: 0.00012048698280693216
Stopped at iteration 113. 300 items are selected. The objective value is: 0.0004864707898292473
Stopped at iteration 115. 300 items are selected. The objective value is: 0.0003256376458988401
Stopped at iteration 76. 300 items are selected. The objective value is: 0.0003935724175300033
Stopped at iteration 107. 300 items are selected. The objective value is: 0.00010811164761292221
Stopped at iteration 147. 300 items are selected. The objective value is: 0.00022041997872884332
Stopped at iteration 165. 300 items are selected. The objective value is: 9.438638861615877e-05
Stopped at iteration 262. 300 items are selected. The objective value is: 0.00016815744566285061
Stopped at iteration 283. 300 items are selected. The objective value is: 0.0001926274095665125
Stopped at iteration 301. 300 items are selected. The objective value is: 0.0001581987048490447
Stopped at iteration 114. 300 items are selected. The objective value is: 0.00021042198420213713
Stopped at iteration 104. 300 items are selected. The objective value is: 0.0001908646912489575
Stopped at iteration 91. 300 items are selected. The objective value is: 0.00025209963159107007
Stopped at iteration 113. 300 items are selected. The objective value is: 0.00013284833061121709
Stopped at iteration 112. 300 items are selected. The objective value is: 8.438710556985513e-05
Stopped at iteration 145. 300 items are selected. The objective value is: 0.00015883502065260622
Stopped at iteration 133. 300 items are selected. The objective value is: 0.00019194349651701481
Stopped at iteration 176. 300 items are selected. The objective value is: 0.0001505640002412602
Stopped at iteration 122. 300 items are selected. The objective value is: 0.00021737956300429574
Stopped at iteration 113. 300 items are selected. The objective value is: 0.0002347180771729174
Stopped at iteration 146. 300 items are selected. The objective value is: 0.00023516973135964317
Stopped at iteration 123. 300 items are selected. The objective value is: 0.000128336824409453
Stopped at iteration 92. 300 items are selected. The objective value is: 0.0003888902405309098
Stopped at iteration 93. 300 items are selected. The objective value is: 0.00017308306107044136
Stopped at iteration 147. 300 items are selected. The objective value is: 0.00037270959033803473
Stopped at iteration 102. 300 items are selected. The objective value is: 0.00039682667806132906
Stopped at iteration 125. 300 items are selected. The objective value is: 0.0002727353694674885
Stopped at iteration 105. 300 items are selected. The objective value is: 0.00039826359370528816
rounds:  50%|█████     | 20/40 [40:58<40:57, 122.90s/it][round  20] per_acc=0.9799 glob_acc=0.8757 train_acc=0.9978 train_loss=0.030 kl(q_w||q)=0.681
Stopped at iteration 114. 300 items are selected. The objective value is: 0.0002148737912657039
Stopped at iteration 217. 300 items are selected. The objective value is: 0.00015197725245231827
Stopped at iteration 204. 300 items are selected. The objective value is: 0.00010759613503008823
Stopped at iteration 96. 300 items are selected. The objective value is: 0.00022041607598400522
Stopped at iteration 81. 300 items are selected. The objective value is: 0.00016676857780927346
Stopped at iteration 82. 300 items are selected. The objective value is: 0.0001771217658016036
Stopped at iteration 139. 300 items are selected. The objective value is: 9.740393620090782e-05
Stopped at iteration 106. 300 items are selected. The objective value is: 0.00012782373594413414
Stopped at iteration 193. 300 items are selected. The objective value is: 8.06592319943302e-05
Stopped at iteration 301. 300 items are selected. The objective value is: 0.0008513073657342792
Stopped at iteration 301. 300 items are selected. The objective value is: 0.0016984512955367829
Stopped at iteration 301. 300 items are selected. The objective value is: 0.0001778853749821096
Stopped at iteration 114. 300 items are selected. The objective value is: 0.00012789024987216037
Stopped at iteration 108. 300 items are selected. The objective value is: 0.00016854907088431376
Stopped at iteration 102. 300 items are selected. The objective value is: 0.0001297041332715169
Stopped at iteration 101. 300 items are selected. The objective value is: 0.00018174233699752123
Stopped at iteration 98. 300 items are selected. The objective value is: 0.00013389025482338912
Stopped at iteration 137. 300 items are selected. The objective value is: 7.777067719456722e-05
Stopped at iteration 152. 300 items are selected. The objective value is: 0.00033876805383081706
Stopped at iteration 176. 300 items are selected. The objective value is: 0.0002456298784857655
Stopped at iteration 177. 300 items are selected. The objective value is: 0.0001321221538990216
Stopped at iteration 159. 300 items are selected. The objective value is: 0.0004745844014914774
Stopped at iteration 126. 300 items are selected. The objective value is: 0.0003316271870715884
Stopped at iteration 105. 300 items are selected. The objective value is: 0.00015135498351344595
Stopped at iteration 113. 300 items are selected. The objective value is: 0.00022485681983789148
Stopped at iteration 122. 300 items are selected. The objective value is: 0.00010836965324823553
Stopped at iteration 129. 300 items are selected. The objective value is: 0.00025285679978772263
Stopped at iteration 120. 300 items are selected. The objective value is: 0.0002090585151536456
Stopped at iteration 114. 300 items are selected. The objective value is: 0.0003359859969457923
Stopped at iteration 83. 300 items are selected. The objective value is: 0.00028733264230407853
rounds:  52%|█████▎    | 21/40 [43:12<39:58, 126.22s/it][round  21] per_acc=0.9830 glob_acc=0.8867 train_acc=0.9984 train_loss=0.025 kl(q_w||q)=0.693
Stopped at iteration 207. 300 items are selected. The objective value is: 0.00019592562443558826
Stopped at iteration 169. 300 items are selected. The objective value is: 0.0003127047429282027
Stopped at iteration 161. 300 items are selected. The objective value is: 5.33841728702108e-05
Stopped at iteration 94. 300 items are selected. The objective value is: 0.0002821011061304263
Stopped at iteration 91. 300 items are selected. The objective value is: 0.0003050568720134719
Stopped at iteration 103. 300 items are selected. The objective value is: 0.00014048041457967057
Stopped at iteration 170. 300 items are selected. The objective value is: 0.0003834705234610967
Stopped at iteration 125. 300 items are selected. The objective value is: 0.00019694909042610131
Stopped at iteration 132. 300 items are selected. The objective value is: 0.00010830859469636094
Stopped at iteration 236. 300 items are selected. The objective value is: 0.00015007977197320087
Stopped at iteration 301. 300 items are selected. The objective value is: 0.0011527469875052968
Stopped at iteration 250. 300 items are selected. The objective value is: 0.00011283264762975135
Stopped at iteration 95. 300 items are selected. The objective value is: 0.00010080916039210618
Stopped at iteration 106. 300 items are selected. The objective value is: 0.00023317377314667416
Stopped at iteration 75. 300 items are selected. The objective value is: 0.0001894582780549587
Stopped at iteration 144. 300 items are selected. The objective value is: 0.00012357348082103992
Stopped at iteration 150. 300 items are selected. The objective value is: 6.941023098040802e-05
Stopped at iteration 110. 300 items are selected. The objective value is: 4.570733484285638e-05
Stopped at iteration 158. 300 items are selected. The objective value is: 0.000282944191212246
Stopped at iteration 132. 300 items are selected. The objective value is: 8.496813375474991e-05
Stopped at iteration 150. 300 items are selected. The objective value is: 0.00017839434922207664
Stopped at iteration 162. 300 items are selected. The objective value is: 0.00021415975511217345
Stopped at iteration 150. 300 items are selected. The objective value is: 0.00033269624143991884
Stopped at iteration 86. 300 items are selected. The objective value is: 0.00016366760550743834
Stopped at iteration 76. 300 items are selected. The objective value is: 0.0006458047853260373
Stopped at iteration 109. 300 items are selected. The objective value is: 0.00014584828467746613
Stopped at iteration 97. 300 items are selected. The objective value is: 0.0002740297353459202
Stopped at iteration 88. 300 items are selected. The objective value is: 0.0002108854161965134
Stopped at iteration 107. 300 items are selected. The objective value is: 0.0002174285910582925
rounds:  55%|█████▌    | 22/40 [45:35<39:21, 131.17s/it][round  22] per_acc=0.9797 glob_acc=0.8882 train_acc=0.9985 train_loss=0.025 kl(q_w||q)=0.648
Stopped at iteration 141. 300 items are selected. The objective value is: 0.0001217166063518335
Stopped at iteration 171. 300 items are selected. The objective value is: 8.198663578975217e-05
Stopped at iteration 199. 300 items are selected. The objective value is: 0.00014155014533487608
Stopped at iteration 127. 300 items are selected. The objective value is: 0.00029832114967930594
Stopped at iteration 108. 300 items are selected. The objective value is: 0.00027421984607049407
Stopped at iteration 146. 300 items are selected. The objective value is: 0.000291973688251546
Stopped at iteration 148. 300 items are selected. The objective value is: 0.00026471104504408944
Stopped at iteration 155. 300 items are selected. The objective value is: 0.00021444277556852674
Stopped at iteration 208. 300 items are selected. The objective value is: 0.00011485371451730495
Stopped at iteration 301. 300 items are selected. The objective value is: 0.00046316070805006953
Stopped at iteration 301. 300 items are selected. The objective value is: 0.0016851177129249928
Stopped at iteration 99. 300 items are selected. The objective value is: 0.0005111178778226513
Stopped at iteration 97. 300 items are selected. The objective value is: 0.00013720159254225112
Stopped at iteration 161. 300 items are selected. The objective value is: 0.00022425361616633025
Stopped at iteration 118. 300 items are selected. The objective value is: 0.00010544124797088286
Stopped at iteration 129. 300 items are selected. The objective value is: 8.290334361841277e-05
Stopped at iteration 122. 300 items are selected. The objective value is: 7.179504134769832e-05
Stopped at iteration 134. 300 items are selected. The objective value is: 0.00011543465702716696
Stopped at iteration 134. 300 items are selected. The objective value is: 0.00010859626587156728
Stopped at iteration 261. 300 items are selected. The objective value is: 0.0001669442784790683
Stopped at iteration 105. 300 items are selected. The objective value is: 0.00012455724094030362
Stopped at iteration 125. 300 items are selected. The objective value is: 0.00015036406059507437
Stopped at iteration 189. 300 items are selected. The objective value is: 0.00017756443318298488
Stopped at iteration 92. 300 items are selected. The objective value is: 0.00020983430186701654
Stopped at iteration 97. 300 items are selected. The objective value is: 0.00026144623623908925
Stopped at iteration 120. 300 items are selected. The objective value is: 0.00022592942294632525
Stopped at iteration 120. 300 items are selected. The objective value is: 0.00022617308102498368
Stopped at iteration 88. 300 items are selected. The objective value is: 0.00023801192747221792
Stopped at iteration 111. 300 items are selected. The objective value is: 0.0002346221055976551
rounds:  57%|█████▊    | 23/40 [47:59<38:15, 135.01s/it][round  23] per_acc=0.9812 glob_acc=0.8847 train_acc=0.9987 train_loss=0.023 kl(q_w||q)=0.794
Stopped at iteration 170. 300 items are selected. The objective value is: 0.0001471059038692094
Stopped at iteration 191. 300 items are selected. The objective value is: 0.00011823680565109743
Stopped at iteration 223. 300 items are selected. The objective value is: 0.00015708220490557684
Stopped at iteration 115. 300 items are selected. The objective value is: 0.00027808883890082035
Stopped at iteration 101. 300 items are selected. The objective value is: 0.0005559052046108387
Stopped at iteration 84. 300 items are selected. The objective value is: 0.000139089681331287
Stopped at iteration 168. 300 items are selected. The objective value is: 0.00012036038977363167
Stopped at iteration 175. 300 items are selected. The objective value is: 9.480519029266491e-05
Stopped at iteration 129. 300 items are selected. The objective value is: 8.799860750671009e-05
Stopped at iteration 275. 300 items are selected. The objective value is: 0.00030391167541525223
Stopped at iteration 295. 300 items are selected. The objective value is: 0.00015781116070192212
Stopped at iteration 301. 300 items are selected. The objective value is: 0.0006599906253747526
Stopped at iteration 93. 300 items are selected. The objective value is: 0.00016978905595305553
Stopped at iteration 144. 300 items are selected. The objective value is: 0.000262078514288826
Stopped at iteration 142. 300 items are selected. The objective value is: 0.00018632677816305415
Stopped at iteration 134. 300 items are selected. The objective value is: 6.083902583481543e-05
Stopped at iteration 147. 300 items are selected. The objective value is: 0.0002674951829902143
Stopped at iteration 146. 300 items are selected. The objective value is: 4.4137473067462225e-05
Stopped at iteration 175. 300 items are selected. The objective value is: 0.00021033315143729523
Stopped at iteration 133. 300 items are selected. The objective value is: 0.0001520216483130044
Stopped at iteration 154. 300 items are selected. The objective value is: 8.224549342010765e-05
Stopped at iteration 104. 300 items are selected. The objective value is: 0.00016580242940667143
Stopped at iteration 143. 300 items are selected. The objective value is: 0.00018580751137635727
Stopped at iteration 109. 300 items are selected. The objective value is: 7.324956908084271e-05
Stopped at iteration 115. 300 items are selected. The objective value is: 0.0003138274171882092
Stopped at iteration 101. 300 items are selected. The objective value is: 0.0002773205605507151
Stopped at iteration 136. 300 items are selected. The objective value is: 7.43355589451575e-05
Stopped at iteration 117. 300 items are selected. The objective value is: 0.000400793763373155
Stopped at iteration 145. 300 items are selected. The objective value is: 0.00035603158283251525
Stopped at iteration 94. 300 items are selected. The objective value is: 0.00014637116525868942
rounds:  60%|██████    | 24/40 [50:03<35:06, 131.63s/it][round  24] per_acc=0.9787 glob_acc=0.8965 train_acc=0.9987 train_loss=0.023 kl(q_w||q)=0.624
Stopped at iteration 106. 300 items are selected. The objective value is: 9.827242894486456e-05
Stopped at iteration 178. 300 items are selected. The objective value is: 0.00027214274850040126
Stopped at iteration 157. 300 items are selected. The objective value is: 5.6308243855251974e-05
Stopped at iteration 75. 300 items are selected. The objective value is: 0.0003185456377625827
Stopped at iteration 106. 300 items are selected. The objective value is: 0.0002265763954157874
Stopped at iteration 87. 300 items are selected. The objective value is: 0.0002804965918375778
Stopped at iteration 131. 300 items are selected. The objective value is: 0.00014360854125760074
Stopped at iteration 153. 300 items are selected. The objective value is: 0.00015555828327975586
Stopped at iteration 143. 300 items are selected. The objective value is: 0.0001398415043324625
Stopped at iteration 301. 300 items are selected. The objective value is: 0.0002473015497436964
Stopped at iteration 301. 300 items are selected. The objective value is: 0.001436420896992383
Stopped at iteration 301. 300 items are selected. The objective value is: 0.0022109328091854735
Stopped at iteration 117. 300 items are selected. The objective value is: 0.00015230903228875356
Stopped at iteration 111. 300 items are selected. The objective value is: 0.0001251574870583781
Stopped at iteration 89. 300 items are selected. The objective value is: 4.9380842912072326e-05
Stopped at iteration 90. 300 items are selected. The objective value is: 2.631089308743379e-05
Stopped at iteration 149. 300 items are selected. The objective value is: 9.560075320146891e-05
Stopped at iteration 163. 300 items are selected. The objective value is: 5.5841180594002e-05
Stopped at iteration 168. 300 items are selected. The objective value is: 0.00017888113757894846
Stopped at iteration 196. 300 items are selected. The objective value is: 0.00012328979679334637
Stopped at iteration 149. 300 items are selected. The objective value is: 9.931785582912045e-05
Stopped at iteration 155. 300 items are selected. The objective value is: 0.00042688345328676037
Stopped at iteration 158. 300 items are selected. The objective value is: 0.00020691403841788684
Stopped at iteration 158. 300 items are selected. The objective value is: 0.00010702029091149207
Stopped at iteration 138. 300 items are selected. The objective value is: 0.00014312733138308376
Stopped at iteration 110. 300 items are selected. The objective value is: 0.00038799159490383834
Stopped at iteration 146. 300 items are selected. The objective value is: 0.00022165256166453576
Stopped at iteration 106. 300 items are selected. The objective value is: 0.00024632940785456777
Stopped at iteration 105. 300 items are selected. The objective value is: 0.0002561212024918568
Stopped at iteration 92. 300 items are selected. The objective value is: 0.0006748116344266331
rounds:  62%|██████▎   | 25/40 [52:03<32:02, 128.19s/it][round  25] per_acc=0.9794 glob_acc=0.9073 train_acc=0.9990 train_loss=0.019 kl(q_w||q)=0.822
Stopped at iteration 145. 300 items are selected. The objective value is: 7.114421887168776e-05
Stopped at iteration 188. 300 items are selected. The objective value is: 6.770343057920003e-05
Stopped at iteration 169. 300 items are selected. The objective value is: 6.480090171507053e-05
Stopped at iteration 100. 300 items are selected. The objective value is: 0.00017500364880951384
Stopped at iteration 95. 300 items are selected. The objective value is: 0.0001287400079431087
Stopped at iteration 65. 300 items are selected. The objective value is: 0.0001489897563270343
Stopped at iteration 125. 300 items are selected. The objective value is: 0.0001044227700361264
Stopped at iteration 151. 300 items are selected. The objective value is: 3.9422687730965516e-05
Stopped at iteration 159. 300 items are selected. The objective value is: 9.530242859551488e-05
Stopped at iteration 292. 300 items are selected. The objective value is: 0.00041170946531771764
Stopped at iteration 301. 300 items are selected. The objective value is: 0.0004196730137769357
Stopped at iteration 301. 300 items are selected. The objective value is: 0.0006507540125048876
Stopped at iteration 74. 300 items are selected. The objective value is: 0.0002282647717792275
Stopped at iteration 127. 300 items are selected. The objective value is: 0.00013525847515365007
Stopped at iteration 102. 300 items are selected. The objective value is: 7.396925161599015e-05
Stopped at iteration 126. 300 items are selected. The objective value is: 6.743898574705014e-05
Stopped at iteration 157. 300 items are selected. The objective value is: 0.00024557928315605774
Stopped at iteration 194. 300 items are selected. The objective value is: 8.775104863332027e-05
Stopped at iteration 122. 300 items are selected. The objective value is: 0.00018673077196681065
Stopped at iteration 136. 300 items are selected. The objective value is: 0.00014166644431376277
Stopped at iteration 208. 300 items are selected. The objective value is: 0.00016401168773106444
Stopped at iteration 129. 300 items are selected. The objective value is: 0.00010505423454860692
Stopped at iteration 111. 300 items are selected. The objective value is: 0.0001589586550322231
Stopped at iteration 123. 300 items are selected. The objective value is: 8.156562514811865e-05
Stopped at iteration 136. 300 items are selected. The objective value is: 0.000357583461085895
Stopped at iteration 81. 300 items are selected. The objective value is: 0.00018862517969947434
Stopped at iteration 95. 300 items are selected. The objective value is: 0.00013623979401609015
Stopped at iteration 100. 300 items are selected. The objective value is: 0.00016146637501136086
Stopped at iteration 99. 300 items are selected. The objective value is: 0.0002019347611637004
Stopped at iteration 157. 300 items are selected. The objective value is: 0.00021773309493517727
rounds:  65%|██████▌   | 26/40 [54:02<29:17, 125.51s/it][round  26] per_acc=0.9810 glob_acc=0.9003 train_acc=0.9993 train_loss=0.022 kl(q_w||q)=0.889
Stopped at iteration 194. 300 items are selected. The objective value is: 0.00018330575054557836
Stopped at iteration 165. 300 items are selected. The objective value is: 7.516477026309734e-05
Stopped at iteration 217. 300 items are selected. The objective value is: 0.00012829355508630404
Stopped at iteration 80. 300 items are selected. The objective value is: 0.00023487245433100992
Stopped at iteration 75. 300 items are selected. The objective value is: 0.00010709676002526667
Stopped at iteration 80. 300 items are selected. The objective value is: 0.0001034091726121263
Stopped at iteration 92. 300 items are selected. The objective value is: 0.0001295773316800541
Stopped at iteration 147. 300 items are selected. The objective value is: 7.918598853773948e-05
Stopped at iteration 127. 300 items are selected. The objective value is: 8.385889119967194e-05
Stopped at iteration 301. 300 items are selected. The objective value is: 0.0003770753745817357
Stopped at iteration 301. 300 items are selected. The objective value is: 0.00014263866326112338
Stopped at iteration 301. 300 items are selected. The objective value is: 0.00014110091448181987
Stopped at iteration 127. 300 items are selected. The objective value is: 0.00016185620928274734
Stopped at iteration 102. 300 items are selected. The objective value is: 0.0001607366202137075
Stopped at iteration 91. 300 items are selected. The objective value is: 0.00010266798875393455
Stopped at iteration 100. 300 items are selected. The objective value is: 5.608999879836264e-05
Stopped at iteration 116. 300 items are selected. The objective value is: 0.00014248611003984973
Stopped at iteration 171. 300 items are selected. The objective value is: 9.27567138999274e-05
Stopped at iteration 182. 300 items are selected. The objective value is: 0.0001818350554543879
Stopped at iteration 162. 300 items are selected. The objective value is: 0.000127312940188322
Stopped at iteration 191. 300 items are selected. The objective value is: 0.00020678512366879801
Stopped at iteration 145. 300 items are selected. The objective value is: 0.00014594813765116663
Stopped at iteration 132. 300 items are selected. The objective value is: 0.0001713091943022262
Stopped at iteration 94. 300 items are selected. The objective value is: 0.00016451772365997953
Stopped at iteration 90. 300 items are selected. The objective value is: 0.0002800495295888375
Stopped at iteration 126. 300 items are selected. The objective value is: 0.00028359820202865116
Stopped at iteration 157. 300 items are selected. The objective value is: 7.96308701792087e-05
Stopped at iteration 83. 300 items are selected. The objective value is: 0.0002026711356737953
Stopped at iteration 120. 300 items are selected. The objective value is: 0.00025731814756968074
Stopped at iteration 117. 300 items are selected. The objective value is: 0.0006355098986142704
rounds:  68%|██████▊   | 27/40 [55:58<26:33, 122.60s/it][round  27] per_acc=0.9812 glob_acc=0.9033 train_acc=0.9997 train_loss=0.015 kl(q_w||q)=0.578
Stopped at iteration 190. 300 items are selected. The objective value is: 0.00013175660723355905
Stopped at iteration 199. 300 items are selected. The objective value is: 5.3069308514263334e-05
Stopped at iteration 231. 300 items are selected. The objective value is: 9.993845347984019e-05
Stopped at iteration 143. 300 items are selected. The objective value is: 0.00018175688042710816
Stopped at iteration 94. 300 items are selected. The objective value is: 0.00018072848633254564
Stopped at iteration 124. 300 items are selected. The objective value is: 0.00017691568853880584
Stopped at iteration 101. 300 items are selected. The objective value is: 4.49232405889356e-05
Stopped at iteration 131. 300 items are selected. The objective value is: 6.627094292766434e-05
Stopped at iteration 161. 300 items are selected. The objective value is: 6.066232166863042e-05
Stopped at iteration 301. 300 items are selected. The objective value is: 0.00029582685846121483
Stopped at iteration 301. 300 items are selected. The objective value is: 0.0007046107860139294
Stopped at iteration 284. 300 items are selected. The objective value is: 0.0002552729517893637
Stopped at iteration 89. 300 items are selected. The objective value is: 0.00016521919224277433
Stopped at iteration 119. 300 items are selected. The objective value is: 0.00028266680869609874
Stopped at iteration 127. 300 items are selected. The objective value is: 5.268393278074242e-05
Stopped at iteration 126. 300 items are selected. The objective value is: 5.57485281074351e-05
Stopped at iteration 167. 300 items are selected. The objective value is: 5.8084104367114365e-05
Stopped at iteration 108. 300 items are selected. The objective value is: 3.733222535167493e-05
Stopped at iteration 109. 300 items are selected. The objective value is: 0.00028333190020367284
Stopped at iteration 169. 300 items are selected. The objective value is: 0.00016609066902712114
Stopped at iteration 106. 300 items are selected. The objective value is: 7.57332853518222e-05
Stopped at iteration 101. 300 items are selected. The objective value is: 7.077531889219076e-05
Stopped at iteration 119. 300 items are selected. The objective value is: 0.0003011247094890734
Stopped at iteration 87. 300 items are selected. The objective value is: 8.150546344200819e-05
Stopped at iteration 137. 300 items are selected. The objective value is: 0.00018433493716781948
Stopped at iteration 108. 300 items are selected. The objective value is: 0.0001920667069565077
Stopped at iteration 106. 300 items are selected. The objective value is: 0.00010695456927561828
Stopped at iteration 128. 300 items are selected. The objective value is: 0.00022638439504594856
Stopped at iteration 87. 300 items are selected. The objective value is: 7.213448295179666e-05
Stopped at iteration 120. 300 items are selected. The objective value is: 0.00034318978202226214
rounds:  70%|███████   | 28/40 [57:53<24:04, 120.41s/it][round  28] per_acc=0.9827 glob_acc=0.9060 train_acc=0.9994 train_loss=0.015 kl(q_w||q)=0.514
Stopped at iteration 163. 300 items are selected. The objective value is: 0.00011866761936982804
Stopped at iteration 167. 300 items are selected. The objective value is: 0.00010478335907308948
Stopped at iteration 208. 300 items are selected. The objective value is: 8.18597585682164e-05
Stopped at iteration 91. 300 items are selected. The objective value is: 0.00042721283624728794
Stopped at iteration 79. 300 items are selected. The objective value is: 0.00022852668801217463
Stopped at iteration 133. 300 items are selected. The objective value is: 0.00022401134612488158
Stopped at iteration 170. 300 items are selected. The objective value is: 8.223942592764542e-05
Stopped at iteration 144. 300 items are selected. The objective value is: 0.0001950965404292902
Stopped at iteration 301. 300 items are selected. The objective value is: 8.503480796879515e-05
Stopped at iteration 301. 300 items are selected. The objective value is: 0.0001649417202726089
Stopped at iteration 301. 300 items are selected. The objective value is: 0.0012631560002382566
Stopped at iteration 301. 300 items are selected. The objective value is: 0.000172367923246505
Stopped at iteration 96. 300 items are selected. The objective value is: 0.00029343377265954936
Stopped at iteration 84. 300 items are selected. The objective value is: 6.347970602325651e-05
Stopped at iteration 139. 300 items are selected. The objective value is: 0.0001302990504437339
Stopped at iteration 99. 300 items are selected. The objective value is: 4.924757078864018e-05
Stopped at iteration 165. 300 items are selected. The objective value is: 7.045255994194079e-05
Stopped at iteration 191. 300 items are selected. The objective value is: 4.56974175897075e-05
Stopped at iteration 175. 300 items are selected. The objective value is: 0.00015797225637981726
Stopped at iteration 276. 300 items are selected. The objective value is: 0.00024236802349262345
Stopped at iteration 187. 300 items are selected. The objective value is: 8.686081611587446e-05
Stopped at iteration 120. 300 items are selected. The objective value is: 0.0001301872996665965
Stopped at iteration 151. 300 items are selected. The objective value is: 0.0001319006289701454
Stopped at iteration 99. 300 items are selected. The objective value is: 5.56161276617189e-05
Stopped at iteration 104. 300 items are selected. The objective value is: 0.00018048045741765877
Stopped at iteration 79. 300 items are selected. The objective value is: 7.918909221826006e-05
Stopped at iteration 149. 300 items are selected. The objective value is: 0.00010233738203319245
Stopped at iteration 86. 300 items are selected. The objective value is: 0.00037669456302259204
Stopped at iteration 80. 300 items are selected. The objective value is: 0.0002834208801340505
Stopped at iteration 92. 300 items are selected. The objective value is: 0.00017295559357828364
rounds:  72%|███████▎  | 29/40 [59:50<21:53, 119.37s/it][round  29] per_acc=0.9827 glob_acc=0.9068 train_acc=0.9995 train_loss=0.014 kl(q_w||q)=0.549
Stopped at iteration 186. 300 items are selected. The objective value is: 0.0001300456301662269
Stopped at iteration 219. 300 items are selected. The objective value is: 8.192759549829093e-05
Stopped at iteration 254. 300 items are selected. The objective value is: 3.718883824870951e-05
Stopped at iteration 126. 300 items are selected. The objective value is: 0.0004896782690810988
Stopped at iteration 101. 300 items are selected. The objective value is: 0.0005337923218645233
Stopped at iteration 90. 300 items are selected. The objective value is: 0.00022642672885274677
Stopped at iteration 162. 300 items are selected. The objective value is: 7.38481849214324e-05
Stopped at iteration 171. 300 items are selected. The objective value is: 5.247710998674905e-05
Stopped at iteration 164. 300 items are selected. The objective value is: 7.425087580213516e-05
Stopped at iteration 301. 300 items are selected. The objective value is: 0.0011992265843778654
Stopped at iteration 280. 300 items are selected. The objective value is: 6.508373514421703e-05
Stopped at iteration 284. 300 items are selected. The objective value is: 4.776790557654248e-05
Stopped at iteration 93. 300 items are selected. The objective value is: 8.586869998136809e-05
Stopped at iteration 109. 300 items are selected. The objective value is: 9.15855082051998e-05
Stopped at iteration 140. 300 items are selected. The objective value is: 0.0002511783534884501
Stopped at iteration 110. 300 items are selected. The objective value is: 3.310012411982828e-05
Stopped at iteration 140. 300 items are selected. The objective value is: 4.256199146677804e-05
Stopped at iteration 108. 300 items are selected. The objective value is: 4.0472904372185905e-05
Stopped at iteration 144. 300 items are selected. The objective value is: 0.00031963425154566007
Stopped at iteration 205. 300 items are selected. The objective value is: 7.407490461903317e-05
Stopped at iteration 203. 300 items are selected. The objective value is: 7.452134269037272e-05
Stopped at iteration 94. 300 items are selected. The objective value is: 8.512117531807686e-05
Stopped at iteration 103. 300 items are selected. The objective value is: 8.161728736458994e-05
Stopped at iteration 99. 300 items are selected. The objective value is: 8.901302206623745e-05
Stopped at iteration 158. 300 items are selected. The objective value is: 0.00010556316119846745
Stopped at iteration 145. 300 items are selected. The objective value is: 0.0001389852804004956
Stopped at iteration 190. 300 items are selected. The objective value is: 0.00017037974593902408
Stopped at iteration 78. 300 items are selected. The objective value is: 0.00016921663360870085
Stopped at iteration 88. 300 items are selected. The objective value is: 0.0003082224761087902
Stopped at iteration 124. 300 items are selected. The objective value is: 0.00017936009693177843
rounds:  75%|███████▌  | 30/40 [1:01:56<20:14, 121.48s/it][round  30] per_acc=0.9820 glob_acc=0.9093 train_acc=0.9997 train_loss=0.013 kl(q_w||q)=0.573
Stopped at iteration 128. 300 items are selected. The objective value is: 8.504788228722132e-05
Stopped at iteration 143. 300 items are selected. The objective value is: 7.862333820279241e-05
Stopped at iteration 228. 300 items are selected. The objective value is: 4.7628392075142344e-05
Stopped at iteration 95. 300 items are selected. The objective value is: 0.00013222857734995853
Stopped at iteration 69. 300 items are selected. The objective value is: 0.00021108530416816276
Stopped at iteration 79. 300 items are selected. The objective value is: 0.00015627822181414917
Stopped at iteration 158. 300 items are selected. The objective value is: 0.0001707981295490635
Stopped at iteration 165. 300 items are selected. The objective value is: 8.572490814498546e-05
Stopped at iteration 239. 300 items are selected. The objective value is: 5.262287183616995e-05
Stopped at iteration 293. 300 items are selected. The objective value is: 7.899989842736634e-05
Stopped at iteration 301. 300 items are selected. The objective value is: 0.00022494016727421588
Stopped at iteration 301. 300 items are selected. The objective value is: 0.00011981247582349733
Stopped at iteration 134. 300 items are selected. The objective value is: 7.925435144388079e-05
Stopped at iteration 107. 300 items are selected. The objective value is: 0.00019986595184243703
Stopped at iteration 149. 300 items are selected. The objective value is: 9.513069829007822e-05
Stopped at iteration 134. 300 items are selected. The objective value is: 4.1776340125827596e-05
Stopped at iteration 161. 300 items are selected. The objective value is: 6.020823067888085e-05
Stopped at iteration 120. 300 items are selected. The objective value is: 3.248518790621099e-05
Stopped at iteration 133. 300 items are selected. The objective value is: 6.67394640027098e-05
Stopped at iteration 170. 300 items are selected. The objective value is: 0.00016517694215753954
Stopped at iteration 153. 300 items are selected. The objective value is: 8.677811668681986e-05
Stopped at iteration 181. 300 items are selected. The objective value is: 0.0001154058201497102
Stopped at iteration 112. 300 items are selected. The objective value is: 9.181631012017644e-05
Stopped at iteration 142. 300 items are selected. The objective value is: 0.00015116698096076026
Stopped at iteration 82. 300 items are selected. The objective value is: 8.895364706605342e-05
Stopped at iteration 131. 300 items are selected. The objective value is: 0.00012428245816096322
Stopped at iteration 119. 300 items are selected. The objective value is: 5.228546938509084e-05
Stopped at iteration 102. 300 items are selected. The objective value is: 0.00021632211082691865
Stopped at iteration 142. 300 items are selected. The objective value is: 0.00026092013383450656
rounds:  78%|███████▊  | 31/40 [1:03:54<18:02, 120.33s/it][round  31] per_acc=0.9835 glob_acc=0.9038 train_acc=0.9998 train_loss=0.014 kl(q_w||q)=0.585
Stopped at iteration 193. 300 items are selected. The objective value is: 8.749862374464873e-05
Stopped at iteration 166. 300 items are selected. The objective value is: 0.00012845846064279024
Stopped at iteration 229. 300 items are selected. The objective value is: 0.00019101660532665663
Stopped at iteration 98. 300 items are selected. The objective value is: 0.0001617103107055952
Stopped at iteration 98. 300 items are selected. The objective value is: 0.00011267357029233497
Stopped at iteration 179. 300 items are selected. The objective value is: 0.0002589575808188952
Stopped at iteration 182. 300 items are selected. The objective value is: 0.00011816413342777935
Stopped at iteration 124. 300 items are selected. The objective value is: 3.267516931042232e-05
Stopped at iteration 151. 300 items are selected. The objective value is: 5.1605338318221506e-05
Stopped at iteration 301. 300 items are selected. The objective value is: 0.0009794094243691003
Stopped at iteration 273. 300 items are selected. The objective value is: 8.351824977542812e-05
Stopped at iteration 301. 300 items are selected. The objective value is: 0.000485735742676077
Stopped at iteration 87. 300 items are selected. The objective value is: 4.1669454938232774e-05
Stopped at iteration 100. 300 items are selected. The objective value is: 0.00011297088732541734
Stopped at iteration 113. 300 items are selected. The objective value is: 6.737958574641012e-05
Stopped at iteration 117. 300 items are selected. The objective value is: 2.6774654264458957e-05
Stopped at iteration 128. 300 items are selected. The objective value is: 2.9533394928757757e-05
Stopped at iteration 105. 300 items are selected. The objective value is: 1.4117370998933096e-05
Stopped at iteration 114. 300 items are selected. The objective value is: 0.00010703059563416749
Stopped at iteration 152. 300 items are selected. The objective value is: 9.868284644841748e-05
Stopped at iteration 135. 300 items are selected. The objective value is: 7.700672013670156e-05
Stopped at iteration 112. 300 items are selected. The objective value is: 8.728528405952998e-05
Stopped at iteration 124. 300 items are selected. The objective value is: 8.323721203750611e-05
Stopped at iteration 121. 300 items are selected. The objective value is: 8.551423113015483e-05
Stopped at iteration 108. 300 items are selected. The objective value is: 9.801277579118823e-05
Stopped at iteration 151. 300 items are selected. The objective value is: 8.184340134307905e-05
Stopped at iteration 146. 300 items are selected. The objective value is: 0.0001023205473837242
Stopped at iteration 115. 300 items are selected. The objective value is: 0.0005766996686353662
Stopped at iteration 140. 300 items are selected. The objective value is: 0.00014248155092944098
Stopped at iteration 87. 300 items are selected. The objective value is: 8.46361232002712e-05
rounds:  80%|████████  | 32/40 [1:05:59<16:12, 121.57s/it][round  32] per_acc=0.9820 glob_acc=0.9008 train_acc=0.9998 train_loss=0.011 kl(q_w||q)=0.646
Stopped at iteration 177. 300 items are selected. The objective value is: 4.0045618153371576e-05
Stopped at iteration 225. 300 items are selected. The objective value is: 3.569967299738569e-05
Stopped at iteration 105. 300 items are selected. The objective value is: 0.00015615630401435678
Stopped at iteration 70. 300 items are selected. The objective value is: 7.325512245098918e-05
Stopped at iteration 67. 300 items are selected. The objective value is: 9.12720859796656e-05
Stopped at iteration 191. 300 items are selected. The objective value is: 0.00013622332650570427
Stopped at iteration 246. 300 items are selected. The objective value is: 0.0001606448201640434
Stopped at iteration 194. 300 items are selected. The objective value is: 0.0001452256748626845
Stopped at iteration 301. 300 items are selected. The objective value is: 0.001006773644712529
Stopped at iteration 301. 300 items are selected. The objective value is: 0.0007107563623533173
Stopped at iteration 296. 300 items are selected. The objective value is: 4.524039760974296e-05
Stopped at iteration 113. 300 items are selected. The objective value is: 0.00011184362824624322
Stopped at iteration 112. 300 items are selected. The objective value is: 0.00010022331465855302
Stopped at iteration 106. 300 items are selected. The objective value is: 5.9623796914479625e-05
Stopped at iteration 155. 300 items are selected. The objective value is: 0.00023630071403076236
Stopped at iteration 216. 300 items are selected. The objective value is: 7.1521098407482e-05
Stopped at iteration 192. 300 items are selected. The objective value is: 0.00014241749352231743
Stopped at iteration 157. 300 items are selected. The objective value is: 0.00013128337529397875
Stopped at iteration 219. 300 items are selected. The objective value is: 0.00023604984353326917
Stopped at iteration 209. 300 items are selected. The objective value is: 9.056399287101439e-05
Stopped at iteration 141. 300 items are selected. The objective value is: 9.43104055604128e-05
Stopped at iteration 123. 300 items are selected. The objective value is: 0.00015040140262159962
Stopped at iteration 174. 300 items are selected. The objective value is: 7.840340763618528e-05
Stopped at iteration 165. 300 items are selected. The objective value is: 0.00021685656133273325
Stopped at iteration 112. 300 items are selected. The objective value is: 0.0002083320158822887
Stopped at iteration 177. 300 items are selected. The objective value is: 7.797797083777664e-05
Stopped at iteration 78. 300 items are selected. The objective value is: 0.00025797275379924565
Stopped at iteration 124. 300 items are selected. The objective value is: 0.0003011344104182786
Stopped at iteration 111. 300 items are selected. The objective value is: 0.00022340926602640605
rounds:  82%|████████▎ | 33/40 [1:08:02<14:13, 122.00s/it][round  33] per_acc=0.9832 glob_acc=0.9206 train_acc=0.9997 train_loss=0.012 kl(q_w||q)=0.638
Stopped at iteration 218. 300 items are selected. The objective value is: 0.0001738265697783802
Stopped at iteration 212. 300 items are selected. The objective value is: 5.285818607446914e-05
Stopped at iteration 236. 300 items are selected. The objective value is: 0.0001426542846760307
Stopped at iteration 142. 300 items are selected. The objective value is: 0.0003193649620003062
Stopped at iteration 98. 300 items are selected. The objective value is: 9.081789301381836e-05
Stopped at iteration 133. 300 items are selected. The objective value is: 0.0002542527650621232
Stopped at iteration 122. 300 items are selected. The objective value is: 5.8477621567000644e-05
Stopped at iteration 212. 300 items are selected. The objective value is: 7.928689447264268e-05
Stopped at iteration 198. 300 items are selected. The objective value is: 2.6886899829532734e-05
Stopped at iteration 278. 300 items are selected. The objective value is: 9.419283963822213e-05
Stopped at iteration 290. 300 items are selected. The objective value is: 8.385217385964635e-05
Stopped at iteration 301. 300 items are selected. The objective value is: 0.000380229683340228
Stopped at iteration 109. 300 items are selected. The objective value is: 0.00016734509931373454
Stopped at iteration 185. 300 items are selected. The objective value is: 9.481095612148074e-05
Stopped at iteration 92. 300 items are selected. The objective value is: 4.039985700579798e-05
Stopped at iteration 151. 300 items are selected. The objective value is: 0.0001018342936747159
Stopped at iteration 160. 300 items are selected. The objective value is: 4.910794283375833e-05
Stopped at iteration 122. 300 items are selected. The objective value is: 2.589526535918601e-05
Stopped at iteration 180. 300 items are selected. The objective value is: 6.185715973256238e-05
Stopped at iteration 149. 300 items are selected. The objective value is: 4.235223285847268e-05
Stopped at iteration 184. 300 items are selected. The objective value is: 0.00013852341255358837
Stopped at iteration 111. 300 items are selected. The objective value is: 0.0001569355598804601
Stopped at iteration 108. 300 items are selected. The objective value is: 9.830892519582258e-05
Stopped at iteration 153. 300 items are selected. The objective value is: 0.00016927364046964857
Stopped at iteration 122. 300 items are selected. The objective value is: 8.916239568070788e-05
Stopped at iteration 149. 300 items are selected. The objective value is: 8.870082954100937e-05
Stopped at iteration 121. 300 items are selected. The objective value is: 2.2165482416494998e-05
Stopped at iteration 95. 300 items are selected. The objective value is: 0.00012280712202559485
Stopped at iteration 145. 300 items are selected. The objective value is: 0.00016494998453614034
Stopped at iteration 156. 300 items are selected. The objective value is: 0.0001587810089203387
rounds:  85%|████████▌ | 34/40 [1:10:13<12:28, 124.75s/it][round  34] per_acc=0.9820 glob_acc=0.9113 train_acc=0.9999 train_loss=0.010 kl(q_w||q)=0.507
Stopped at iteration 182. 300 items are selected. The objective value is: 5.3805390278772005e-05
Stopped at iteration 202. 300 items are selected. The objective value is: 4.834502578548856e-05
Stopped at iteration 131. 300 items are selected. The objective value is: 6.675777335170869e-05
Stopped at iteration 108. 300 items are selected. The objective value is: 0.0001858676303262167
Stopped at iteration 99. 300 items are selected. The objective value is: 9.155958865246829e-05
Stopped at iteration 138. 300 items are selected. The objective value is: 0.00011239434255996743
Stopped at iteration 209. 300 items are selected. The objective value is: 0.00016207914282024774
Stopped at iteration 201. 300 items are selected. The objective value is: 0.000127958836388206
Stopped at iteration 169. 300 items are selected. The objective value is: 9.729020368401608e-05
Stopped at iteration 301. 300 items are selected. The objective value is: 0.000678166746834067
Stopped at iteration 301. 300 items are selected. The objective value is: 0.0005412817575725656
Stopped at iteration 301. 300 items are selected. The objective value is: 0.0008824435121912801
Stopped at iteration 76. 300 items are selected. The objective value is: 8.534868609612608e-05
Stopped at iteration 160. 300 items are selected. The objective value is: 0.00017719432555616827
Stopped at iteration 122. 300 items are selected. The objective value is: 4.293874142700274e-05
Stopped at iteration 109. 300 items are selected. The objective value is: 3.0099919023096147e-05
Stopped at iteration 194. 300 items are selected. The objective value is: 4.294026712330875e-05
Stopped at iteration 216. 300 items are selected. The objective value is: 3.0005836060571992e-05
Stopped at iteration 188. 300 items are selected. The objective value is: 0.00010130313218445193
Stopped at iteration 203. 300 items are selected. The objective value is: 0.0002554348467766023
Stopped at iteration 132. 300 items are selected. The objective value is: 0.00017130945112947186
Stopped at iteration 115. 300 items are selected. The objective value is: 0.00013269781004567475
Stopped at iteration 104. 300 items are selected. The objective value is: 4.941346013735689e-05
Stopped at iteration 130. 300 items are selected. The objective value is: 0.00015105682622428636
Stopped at iteration 162. 300 items are selected. The objective value is: 9.796486922329798e-05
Stopped at iteration 180. 300 items are selected. The objective value is: 0.0001660674168088734
Stopped at iteration 94. 300 items are selected. The objective value is: 0.00014801885563280824
Stopped at iteration 123. 300 items are selected. The objective value is: 0.0002829511610276552
Stopped at iteration 124. 300 items are selected. The objective value is: 7.695070010578715e-05
rounds:  88%|████████▊ | 35/40 [1:12:22<10:29, 125.96s/it][round  35] per_acc=0.9827 glob_acc=0.9093 train_acc=0.9997 train_loss=0.009 kl(q_w||q)=0.412
Stopped at iteration 188. 300 items are selected. The objective value is: 6.186768945252583e-05
Stopped at iteration 169. 300 items are selected. The objective value is: 3.6022444527565875e-05
Stopped at iteration 205. 300 items are selected. The objective value is: 4.404477696142309e-05
Stopped at iteration 108. 300 items are selected. The objective value is: 0.00011987000042727492
Stopped at iteration 136. 300 items are selected. The objective value is: 9.495358868829795e-05
Stopped at iteration 104. 300 items are selected. The objective value is: 0.00015949869756528242
Stopped at iteration 142. 300 items are selected. The objective value is: 5.4455804252163706e-05
Stopped at iteration 143. 300 items are selected. The objective value is: 9.67972399987981e-05
Stopped at iteration 189. 300 items are selected. The objective value is: 5.481603326385064e-05
Stopped at iteration 301. 300 items are selected. The objective value is: 0.00026549071351341855
Stopped at iteration 301. 300 items are selected. The objective value is: 0.001256566534397872
Stopped at iteration 301. 300 items are selected. The objective value is: 0.0012659648101588563
Stopped at iteration 139. 300 items are selected. The objective value is: 0.0001471454790107075
Stopped at iteration 167. 300 items are selected. The objective value is: 0.0001037845635974256
Stopped at iteration 109. 300 items are selected. The objective value is: 9.969353325439418e-05
Stopped at iteration 145. 300 items are selected. The objective value is: 2.81434960628415e-05
Stopped at iteration 147. 300 items are selected. The objective value is: 5.047208942170668e-05
Stopped at iteration 198. 300 items are selected. The objective value is: 2.976629022413961e-05
Stopped at iteration 111. 300 items are selected. The objective value is: 5.503599486388363e-05
Stopped at iteration 139. 300 items are selected. The objective value is: 6.0863099109646844e-05
Stopped at iteration 160. 300 items are selected. The objective value is: 3.083556792531775e-05
Stopped at iteration 148. 300 items are selected. The objective value is: 0.00010059848041951377
Stopped at iteration 176. 300 items are selected. The objective value is: 0.00013905428454163475
Stopped at iteration 156. 300 items are selected. The objective value is: 0.0002082642901578832
Stopped at iteration 138. 300 items are selected. The objective value is: 0.00024048865208501749
Stopped at iteration 117. 300 items are selected. The objective value is: 0.00013165202095906752
Stopped at iteration 120. 300 items are selected. The objective value is: 6.482404539446515e-05
Stopped at iteration 112. 300 items are selected. The objective value is: 0.00021558233801374245
Stopped at iteration 137. 300 items are selected. The objective value is: 0.00035801786990058155
Stopped at iteration 90. 300 items are selected. The objective value is: 6.225114199382624e-05
rounds:  90%|█████████ | 36/40 [1:14:41<08:40, 130.07s/it][round  36] per_acc=0.9840 glob_acc=0.9143 train_acc=1.0000 train_loss=0.011 kl(q_w||q)=0.441
Stopped at iteration 219. 300 items are selected. The objective value is: 5.540060660846575e-05
Stopped at iteration 146. 300 items are selected. The objective value is: 3.310493589718596e-05
Stopped at iteration 203. 300 items are selected. The objective value is: 5.187417216579009e-05
Stopped at iteration 104. 300 items are selected. The objective value is: 0.00015715281447331914
Stopped at iteration 79. 300 items are selected. The objective value is: 6.564310269439943e-05
Stopped at iteration 118. 300 items are selected. The objective value is: 0.00017919987273148756
Stopped at iteration 172. 300 items are selected. The objective value is: 0.00019986581922691376
Stopped at iteration 138. 300 items are selected. The objective value is: 6.169441413409802e-05
Stopped at iteration 155. 300 items are selected. The objective value is: 2.5184472495811477e-05
Stopped at iteration 301. 300 items are selected. The objective value is: 0.00047593720506189076
Stopped at iteration 301. 300 items are selected. The objective value is: 0.0013329495759425117
Stopped at iteration 301. 300 items are selected. The objective value is: 7.26309860321981e-05
Stopped at iteration 121. 300 items are selected. The objective value is: 0.00013626586020615056
Stopped at iteration 93. 300 items are selected. The objective value is: 5.679723635520333e-05
Stopped at iteration 91. 300 items are selected. The objective value is: 5.042855289801698e-05
Stopped at iteration 109. 300 items are selected. The objective value is: 4.613677323978106e-05
Stopped at iteration 178. 300 items are selected. The objective value is: 6.766419977306507e-05
Stopped at iteration 174. 300 items are selected. The objective value is: 1.928202174861106e-05
Stopped at iteration 280. 300 items are selected. The objective value is: 0.00023551869385737018
Stopped at iteration 128. 300 items are selected. The objective value is: 5.502913431563997e-05
Stopped at iteration 228. 300 items are selected. The objective value is: 0.00012520202310094803
Stopped at iteration 128. 300 items are selected. The objective value is: 0.00013952073392842055
Stopped at iteration 175. 300 items are selected. The objective value is: 7.784364560750815e-05
Stopped at iteration 152. 300 items are selected. The objective value is: 6.201597558443009e-05
Stopped at iteration 102. 300 items are selected. The objective value is: 5.178098442429803e-05
Stopped at iteration 159. 300 items are selected. The objective value is: 8.25240469808363e-05
Stopped at iteration 123. 300 items are selected. The objective value is: 3.446140241450714e-05
Stopped at iteration 116. 300 items are selected. The objective value is: 0.0002216938325843317
Stopped at iteration 133. 300 items are selected. The objective value is: 0.0002659828966359355
Stopped at iteration 107. 300 items are selected. The objective value is: 0.00017802146365372871
rounds:  92%|█████████▎| 37/40 [1:17:26<07:01, 140.42s/it][round  37] per_acc=0.9822 glob_acc=0.9123 train_acc=1.0000 train_loss=0.009 kl(q_w||q)=0.492
Stopped at iteration 199. 300 items are selected. The objective value is: 8.976334211132132e-05
Stopped at iteration 260. 300 items are selected. The objective value is: 9.550472956205768e-05
Stopped at iteration 129. 300 items are selected. The objective value is: 2.3847443477181912e-05
Stopped at iteration 111. 300 items are selected. The objective value is: 0.00018497653153461813
Stopped at iteration 105. 300 items are selected. The objective value is: 0.00011248886624527295
Stopped at iteration 141. 300 items are selected. The objective value is: 0.00011601641482479926
Stopped at iteration 164. 300 items are selected. The objective value is: 7.235879330718324e-05
Stopped at iteration 161. 300 items are selected. The objective value is: 2.9534259494752765e-05
Stopped at iteration 178. 300 items are selected. The objective value is: 7.330496487151473e-05
Stopped at iteration 301. 300 items are selected. The objective value is: 0.0007415442083728824
Stopped at iteration 301. 300 items are selected. The objective value is: 0.0016818994973026673
Stopped at iteration 301. 300 items are selected. The objective value is: 3.304069899475959e-05
Stopped at iteration 121. 300 items are selected. The objective value is: 0.0001176124691920128
Stopped at iteration 133. 300 items are selected. The objective value is: 0.00013177360663280344
Stopped at iteration 135. 300 items are selected. The objective value is: 0.00013436619793272804
Stopped at iteration 154. 300 items are selected. The objective value is: 5.4551936321106166e-05
Stopped at iteration 192. 300 items are selected. The objective value is: 2.9298075436393558e-05
Stopped at iteration 128. 300 items are selected. The objective value is: 2.2995470305448858e-05
Stopped at iteration 163. 300 items are selected. The objective value is: 0.00015501097083413267
Stopped at iteration 205. 300 items are selected. The objective value is: 0.00020914378584408567
Stopped at iteration 189. 300 items are selected. The objective value is: 4.9205962810045294e-05
Stopped at iteration 106. 300 items are selected. The objective value is: 4.020113246752599e-05
Stopped at iteration 111. 300 items are selected. The objective value is: 9.395655561554858e-05
Stopped at iteration 195. 300 items are selected. The objective value is: 5.605297819213382e-05
Stopped at iteration 100. 300 items are selected. The objective value is: 0.00016958528690570504
Stopped at iteration 149. 300 items are selected. The objective value is: 8.038538816589863e-05
Stopped at iteration 233. 300 items are selected. The objective value is: 0.00024215380877161806
Stopped at iteration 80. 300 items are selected. The objective value is: 0.00010909905821826652
Stopped at iteration 104. 300 items are selected. The objective value is: 0.0003039575757051421
Stopped at iteration 154. 300 items are selected. The objective value is: 0.0002210002308617158
rounds:  95%|█████████▌| 38/40 [1:19:32<04:32, 136.06s/it][round  38] per_acc=0.9840 glob_acc=0.9113 train_acc=1.0000 train_loss=0.008 kl(q_w||q)=0.455
Stopped at iteration 203. 300 items are selected. The objective value is: 0.00011776621967326196
Stopped at iteration 251. 300 items are selected. The objective value is: 7.113124428768358e-05
Stopped at iteration 161. 300 items are selected. The objective value is: 2.7433309400461614e-05
Stopped at iteration 94. 300 items are selected. The objective value is: 0.00013229961102460217
Stopped at iteration 116. 300 items are selected. The objective value is: 9.305182807937622e-05
Stopped at iteration 140. 300 items are selected. The objective value is: 0.00010410185378693225
Stopped at iteration 177. 300 items are selected. The objective value is: 3.622267931427567e-05
Stopped at iteration 250. 300 items are selected. The objective value is: 0.00012935707677815493
Stopped at iteration 226. 300 items are selected. The objective value is: 5.682488555081663e-05
Stopped at iteration 301. 300 items are selected. The objective value is: 0.0016491213599996882
Stopped at iteration 301. 300 items are selected. The objective value is: 0.001078832277256269
Stopped at iteration 301. 300 items are selected. The objective value is: 0.0003028022353242501
Stopped at iteration 81. 300 items are selected. The objective value is: 8.140801674891365e-05
Stopped at iteration 141. 300 items are selected. The objective value is: 0.00010955075532786511
Stopped at iteration 201. 300 items are selected. The objective value is: 6.127582678296086e-05
Stopped at iteration 135. 300 items are selected. The objective value is: 4.181615576580001e-05
Stopped at iteration 167. 300 items are selected. The objective value is: 4.366312255737109e-05
Stopped at iteration 221. 300 items are selected. The objective value is: 3.634755310989188e-05
Stopped at iteration 77. 300 items are selected. The objective value is: 5.4582968661479004e-05
Stopped at iteration 154. 300 items are selected. The objective value is: 5.963167827892479e-05
Stopped at iteration 291. 300 items are selected. The objective value is: 7.932058874425894e-05
Stopped at iteration 86. 300 items are selected. The objective value is: 0.00017593117607410941
Stopped at iteration 132. 300 items are selected. The objective value is: 6.733318351595174e-05
Stopped at iteration 141. 300 items are selected. The objective value is: 6.87065798619468e-05
Stopped at iteration 133. 300 items are selected. The objective value is: 0.0004585219538307484
Stopped at iteration 112. 300 items are selected. The objective value is: 8.627551058232627e-05
Stopped at iteration 164. 300 items are selected. The objective value is: 5.345703906904051e-05
Stopped at iteration 129. 300 items are selected. The objective value is: 0.00011899964652704504
Stopped at iteration 112. 300 items are selected. The objective value is: 6.457024252847442e-05
Stopped at iteration 100. 300 items are selected. The objective value is: 0.0001636704080582144
rounds:  98%|█████████▊| 39/40 [1:21:47<02:15, 135.72s/it][round  39] per_acc=0.9855 glob_acc=0.9178 train_acc=0.9999 train_loss=0.007 kl(q_w||q)=0.412
Stopped at iteration 214. 300 items are selected. The objective value is: 0.00016366239099042728
Stopped at iteration 134. 300 items are selected. The objective value is: 1.8250969683857607e-05
Stopped at iteration 199. 300 items are selected. The objective value is: 4.819862613365409e-05
Stopped at iteration 79. 300 items are selected. The objective value is: 8.903488493179157e-05
Stopped at iteration 119. 300 items are selected. The objective value is: 8.095865704961657e-05
Stopped at iteration 80. 300 items are selected. The objective value is: 8.609305819825557e-05
Stopped at iteration 147. 300 items are selected. The objective value is: 3.831172134797518e-05
Stopped at iteration 228. 300 items are selected. The objective value is: 6.745942783086907e-05
Stopped at iteration 186. 300 items are selected. The objective value is: 5.817820776551727e-05
Stopped at iteration 301. 300 items are selected. The objective value is: 0.0001747057134145541
Stopped at iteration 301. 300 items are selected. The objective value is: 0.00018262681483050233
Stopped at iteration 108. 300 items are selected. The objective value is: 4.6572940474901306e-05
Stopped at iteration 123. 300 items are selected. The objective value is: 3.707758660746957e-05
Stopped at iteration 87. 300 items are selected. The objective value is: 5.241188196350974e-05
Stopped at iteration 126. 300 items are selected. The objective value is: 2.8176354701560664e-05
Stopped at iteration 279. 300 items are selected. The objective value is: 0.00011733834974277786
Stopped at iteration 223. 300 items are selected. The objective value is: 3.393699782990938e-05
Stopped at iteration 201. 300 items are selected. The objective value is: 0.0001400982742233021
Stopped at iteration 116. 300 items are selected. The objective value is: 7.675098275748789e-05
Stopped at iteration 212. 300 items are selected. The objective value is: 7.792567681681358e-05
Stopped at iteration 204. 300 items are selected. The objective value is: 0.00019783075722136446
Stopped at iteration 257. 300 items are selected. The objective value is: 0.00019177207520685278
Stopped at iteration 206. 300 items are selected. The objective value is: 0.00010459703605466517
Stopped at iteration 144. 300 items are selected. The objective value is: 0.00017373402379112013
Stopped at iteration 182. 300 items are selected. The objective value is: 0.00011157179241373247
Stopped at iteration 140. 300 items are selected. The objective value is: 7.560120329075344e-05
Stopped at iteration 119. 300 items are selected. The objective value is: 0.00014458616369448466
Stopped at iteration 128. 300 items are selected. The objective value is: 8.529687265681118e-05
Stopped at iteration 100. 300 items are selected. The objective value is: 0.00010111792921810569
rounds: 100%|██████████| 40/40 [1:23:48<00:00, 131.53s/it]rounds: 100%|██████████| 40/40 [1:23:48<00:00, 125.72s/it]
[round  40] per_acc=0.9832 glob_acc=0.9855 train_acc=1.0000 train_loss=0.007 kl(q_w||q)=0.406
[server] results -> results/Mnist_coreset_frac0.3_z10.0_u10_b100_seed1.h5
done -> results/Mnist_coreset_frac0.3_z10.0_u10_b100_seed1.h5
