========================================================================
  dataset             : Mnist
  method              : coreset
  num_users           : 10
  clients_per_round   : 10
  num_glob_iters      : 40
  local_rounds        : 5
  batch_size          : 100
  mc                  : 3
  lr                  : 0.001
  personal_lr         : 0.001
  beta                : 1.0
  zeta                : 10.0
  coreset_frac        : 0.1
  coreset_S           : 50
  coreset_outer_steps : 3
  coreset_iters       : 300
  coreset_tol         : 0.01
  output_dim          : 10
  hidden_dim          : 100
  seed                : 1
  device              : cpu
  tag                 : Mnist_coreset_frac0.1_z10.0_u10_b100_seed1
========================================================================
train data dist:
 [999, 999, 999, 999, 999, 999, 999, 999, 999, 999]
/Library/Frameworks/Python.framework/Versions/3.10/lib/python3.10/site-packages/transformers/utils/generic.py:482: UserWarning: torch.utils._pytree._register_pytree_node is deprecated. Please use torch.utils._pytree.register_pytree_node instead.
  _torch_pytree._register_pytree_node(
[server] 10 clients | method=coreset | coreset_frac=0.1
rounds:   0%|          | 0/40 [00:00<?, ?it/s][round   0] per_acc=0.1226 glob_acc=0.0977 train_acc=0.0816 train_loss=2.533 kl(q_w||q)=nan
Stopped at iteration 301. 100 items are selected. The objective value is: 0.0031352393115967395
Stopped at iteration 301. 100 items are selected. The objective value is: 0.012296672616957
Stopped at iteration 301. 100 items are selected. The objective value is: 0.009697242371805699
Stopped at iteration 224. 100 items are selected. The objective value is: 0.0013708701774354395
Stopped at iteration 162. 100 items are selected. The objective value is: 0.001487676387903618
Stopped at iteration 224. 100 items are selected. The objective value is: 0.000680950295750665
Stopped at iteration 233. 100 items are selected. The objective value is: 0.003090893255283965
Stopped at iteration 301. 100 items are selected. The objective value is: 0.0017309857466155712
Stopped at iteration 278. 100 items are selected. The objective value is: 0.0007039958279164546
Stopped at iteration 301. 100 items are selected. The objective value is: 0.02604312570699494
Stopped at iteration 301. 100 items are selected. The objective value is: 0.024838094119507947
Stopped at iteration 301. 100 items are selected. The objective value is: 0.027015014131842766
Stopped at iteration 206. 100 items are selected. The objective value is: 0.001220365339256559
Stopped at iteration 255. 100 items are selected. The objective value is: 0.0014115330711869114
Stopped at iteration 242. 100 items are selected. The objective value is: 0.0007428337684685084
Stopped at iteration 301. 100 items are selected. The objective value is: 0.003477595913731745
Stopped at iteration 301. 100 items are selected. The objective value is: 0.0034110951845296336
Stopped at iteration 301. 100 items are selected. The objective value is: 0.0032792497268686834
Stopped at iteration 283. 100 items are selected. The objective value is: 0.0008708625450484202
Stopped at iteration 301. 100 items are selected. The objective value is: 0.0004720998317148988
Stopped at iteration 301. 100 items are selected. The objective value is: 0.0010388803079974277
Stopped at iteration 253. 100 items are selected. The objective value is: 0.001167833894174221
Stopped at iteration 301. 100 items are selected. The objective value is: 0.004530181358737964
Stopped at iteration 301. 100 items are selected. The objective value is: 0.0023559797861132195
Stopped at iteration 154. 100 items are selected. The objective value is: 0.0006689285581071154
Stopped at iteration 211. 100 items are selected. The objective value is: 0.0007015405441603565
Stopped at iteration 213. 100 items are selected. The objective value is: 0.00047228031283434355
Stopped at iteration 286. 100 items are selected. The objective value is: 0.0019456311109265672
Stopped at iteration 176. 100 items are selected. The objective value is: 0.0011896810259931123
Stopped at iteration 205. 100 items are selected. The objective value is: 0.0010419988086189467
rounds:   2%|▎         | 1/40 [03:06<2:00:56, 186.06s/it][round   1] per_acc=0.9697 glob_acc=0.3972 train_acc=0.9851 train_loss=0.066 kl(q_w||q)=3.840
Stopped at iteration 202. 100 items are selected. The objective value is: 0.0005565417253903924
Stopped at iteration 188. 100 items are selected. The objective value is: 0.00046076781593817033
Stopped at iteration 199. 100 items are selected. The objective value is: 0.0004277176154006666
Stopped at iteration 175. 100 items are selected. The objective value is: 0.001709945470107896
Stopped at iteration 154. 100 items are selected. The objective value is: 0.0006714333325601236
Stopped at iteration 163. 100 items are selected. The objective value is: 0.0012429852177828372
Stopped at iteration 170. 100 items are selected. The objective value is: 0.0006714623197877838
Stopped at iteration 205. 100 items are selected. The objective value is: 0.000470864240690498
Stopped at iteration 212. 100 items are selected. The objective value is: 0.0010331264523803414
Stopped at iteration 214. 100 items are selected. The objective value is: 0.0013935013108690982
Stopped at iteration 301. 100 items are selected. The objective value is: 0.0005027905273046457
Stopped at iteration 301. 100 items are selected. The objective value is: 0.00290855399316212
Stopped at iteration 118. 100 items are selected. The objective value is: 0.0014168355339661174
Stopped at iteration 186. 100 items are selected. The objective value is: 0.0011035662234380056
Stopped at iteration 157. 100 items are selected. The objective value is: 0.0005230498097998358
Stopped at iteration 169. 100 items are selected. The objective value is: 0.0005885738123012377
Stopped at iteration 235. 100 items are selected. The objective value is: 0.00029922027550836005
Stopped at iteration 235. 100 items are selected. The objective value is: 0.0005537127847130504
Stopped at iteration 134. 100 items are selected. The objective value is: 0.000692959997859386
Stopped at iteration 155. 100 items are selected. The objective value is: 0.0010394759073966814
Stopped at iteration 210. 100 items are selected. The objective value is: 0.0006565598710178864
Stopped at iteration 206. 100 items are selected. The objective value is: 0.0006232750892681458
Stopped at iteration 150. 100 items are selected. The objective value is: 0.0007801069507543915
Stopped at iteration 124. 100 items are selected. The objective value is: 0.0007920663145726695
Stopped at iteration 151. 100 items are selected. The objective value is: 0.00025235729534490894
Stopped at iteration 124. 100 items are selected. The objective value is: 0.0008413402445635577
Stopped at iteration 151. 100 items are selected. The objective value is: 0.0006938048281186279
Stopped at iteration 135. 100 items are selected. The objective value is: 0.00042029512128941726
rounds:   5%|▌         | 2/40 [05:21<1:38:55, 156.20s/it][round   2] per_acc=0.9734 glob_acc=0.5143 train_acc=0.9852 train_loss=0.109 kl(q_w||q)=1.130
Stopped at iteration 205. 100 items are selected. The objective value is: 0.0006586375134201586
Stopped at iteration 190. 100 items are selected. The objective value is: 0.0004424698860914707
Stopped at iteration 278. 100 items are selected. The objective value is: 0.0005203353395134393
Stopped at iteration 141. 100 items are selected. The objective value is: 0.0013609017997696486
Stopped at iteration 158. 100 items are selected. The objective value is: 0.0008128150445882136
Stopped at iteration 134. 100 items are selected. The objective value is: 0.0013371996916021285
Stopped at iteration 155. 100 items are selected. The objective value is: 0.0014650131073461628
Stopped at iteration 231. 100 items are selected. The objective value is: 0.0008396372147152975
Stopped at iteration 189. 100 items are selected. The objective value is: 0.0006208899761454246
Stopped at iteration 183. 100 items are selected. The objective value is: 0.00033024193228695987
Stopped at iteration 301. 100 items are selected. The objective value is: 0.001564097126229542
Stopped at iteration 301. 100 items are selected. The objective value is: 0.0008707872919331102
Stopped at iteration 129. 100 items are selected. The objective value is: 0.0006240934095937867
Stopped at iteration 187. 100 items are selected. The objective value is: 0.0002460363178191538
Stopped at iteration 196. 100 items are selected. The objective value is: 0.0003854146264989065
Stopped at iteration 148. 100 items are selected. The objective value is: 0.0006404942754969628
Stopped at iteration 177. 100 items are selected. The objective value is: 0.0007358067933772279
Stopped at iteration 151. 100 items are selected. The objective value is: 0.00022771217511945288
Stopped at iteration 172. 100 items are selected. The objective value is: 0.0007530369703768279
Stopped at iteration 218. 100 items are selected. The objective value is: 0.0012460532639095086
Stopped at iteration 207. 100 items are selected. The objective value is: 0.0007570156943478092
Stopped at iteration 141. 100 items are selected. The objective value is: 0.0029821423274033294
Stopped at iteration 229. 100 items are selected. The objective value is: 0.0009246467361750417
Stopped at iteration 165. 100 items are selected. The objective value is: 0.00048452117876248075
Stopped at iteration 114. 100 items are selected. The objective value is: 0.00037698519754670115
Stopped at iteration 164. 100 items are selected. The objective value is: 0.0004888895818988997
Stopped at iteration 139. 100 items are selected. The objective value is: 0.0012633094019422462
Stopped at iteration 154. 100 items are selected. The objective value is: 0.0010325931135377882
Stopped at iteration 124. 100 items are selected. The objective value is: 0.0013731922750717812
Stopped at iteration 179. 100 items are selected. The objective value is: 0.0007337399299690687
rounds:   8%|▊         | 3/40 [07:27<1:27:44, 142.29s/it][round   3] per_acc=0.9677 glob_acc=0.5960 train_acc=0.9853 train_loss=0.116 kl(q_w||q)=1.251
Stopped at iteration 217. 100 items are selected. The objective value is: 0.0006756920419000705
Stopped at iteration 197. 100 items are selected. The objective value is: 0.0008540593192174041
Stopped at iteration 238. 100 items are selected. The objective value is: 0.0006329118165262808
Stopped at iteration 144. 100 items are selected. The objective value is: 0.0018186782415506061
Stopped at iteration 154. 100 items are selected. The objective value is: 0.0008719660709720545
Stopped at iteration 209. 100 items are selected. The objective value is: 0.0005894779238372816
Stopped at iteration 144. 100 items are selected. The objective value is: 0.00039894422601887726
Stopped at iteration 159. 100 items are selected. The objective value is: 0.0006137491870369216
Stopped at iteration 292. 100 items are selected. The objective value is: 0.000541666430755908
Stopped at iteration 301. 100 items are selected. The objective value is: 0.0011973682662687981
Stopped at iteration 301. 100 items are selected. The objective value is: 0.002336804537709245
Stopped at iteration 117. 100 items are selected. The objective value is: 0.001213443269467923
Stopped at iteration 180. 100 items are selected. The objective value is: 0.0005836740850466511
Stopped at iteration 177. 100 items are selected. The objective value is: 0.0006782799763115277
Stopped at iteration 129. 100 items are selected. The objective value is: 0.0011653058852106122
Stopped at iteration 161. 100 items are selected. The objective value is: 0.0004483257386583683
Stopped at iteration 162. 100 items are selected. The objective value is: 0.0005923931973022387
Stopped at iteration 265. 100 items are selected. The objective value is: 0.0011375355001228872
Stopped at iteration 214. 100 items are selected. The objective value is: 0.000531346513774293
Stopped at iteration 166. 100 items are selected. The objective value is: 0.0005729250091709904
Stopped at iteration 199. 100 items are selected. The objective value is: 0.001356200124714146
Stopped at iteration 183. 100 items are selected. The objective value is: 0.0018381771085055631
Stopped at iteration 158. 100 items are selected. The objective value is: 0.003333367308484784
Stopped at iteration 141. 100 items are selected. The objective value is: 0.0006860483723330103
Stopped at iteration 115. 100 items are selected. The objective value is: 0.0009533541566389532
Stopped at iteration 182. 100 items are selected. The objective value is: 0.0006008248213000824
Stopped at iteration 161. 100 items are selected. The objective value is: 0.0013732536371687436
Stopped at iteration 174. 100 items are selected. The objective value is: 0.0016119222406683826
Stopped at iteration 176. 100 items are selected. The objective value is: 0.0008372597474273785
rounds:  10%|█         | 4/40 [09:22<1:18:55, 131.53s/it][round   4] per_acc=0.9664 glob_acc=0.6897 train_acc=0.9823 train_loss=0.121 kl(q_w||q)=1.287
Stopped at iteration 174. 100 items are selected. The objective value is: 0.000765830571739244
Stopped at iteration 181. 100 items are selected. The objective value is: 0.00048473197860903687
Stopped at iteration 213. 100 items are selected. The objective value is: 0.0006323617618297725
Stopped at iteration 125. 100 items are selected. The objective value is: 0.0011529287705003225
Stopped at iteration 231. 100 items are selected. The objective value is: 0.0014935277130862224
Stopped at iteration 158. 100 items are selected. The objective value is: 0.0011278251112473603
Stopped at iteration 156. 100 items are selected. The objective value is: 0.0010893352340014975
Stopped at iteration 187. 100 items are selected. The objective value is: 0.0008142318315510072
Stopped at iteration 219. 100 items are selected. The objective value is: 0.00033522854268165696
Stopped at iteration 301. 100 items are selected. The objective value is: 0.0006562679727860857
Stopped at iteration 301. 100 items are selected. The objective value is: 0.0039324448642795344
Stopped at iteration 301. 100 items are selected. The objective value is: 0.0013101522633636898
Stopped at iteration 170. 100 items are selected. The objective value is: 0.0011403238307288433
Stopped at iteration 207. 100 items are selected. The objective value is: 0.0012833413796765273
Stopped at iteration 201. 100 items are selected. The objective value is: 0.0005812595514814562
Stopped at iteration 141. 100 items are selected. The objective value is: 0.0005247391767246253
Stopped at iteration 152. 100 items are selected. The objective value is: 0.0007645445195921565
Stopped at iteration 176. 100 items are selected. The objective value is: 0.00018357621018550715
Stopped at iteration 199. 100 items are selected. The objective value is: 0.000622797781681883
Stopped at iteration 227. 100 items are selected. The objective value is: 0.0005605915856272463
Stopped at iteration 200. 100 items are selected. The objective value is: 0.0008188344438714051
Stopped at iteration 178. 100 items are selected. The objective value is: 0.0009244043567774831
Stopped at iteration 196. 100 items are selected. The objective value is: 0.0012264377238179996
Stopped at iteration 176. 100 items are selected. The objective value is: 0.001144903940123862
Stopped at iteration 163. 100 items are selected. The objective value is: 0.0006060736855281898
Stopped at iteration 162. 100 items are selected. The objective value is: 0.0012867066989775806
Stopped at iteration 214. 100 items are selected. The objective value is: 0.0007619968328626907
Stopped at iteration 146. 100 items are selected. The objective value is: 0.0008298762727139273
Stopped at iteration 206. 100 items are selected. The objective value is: 0.0005083952767198946
Stopped at iteration 160. 100 items are selected. The objective value is: 0.0005977624269280858
rounds:  12%|█▎        | 5/40 [11:13<1:12:34, 124.41s/it][round   5] per_acc=0.9687 glob_acc=0.7223 train_acc=0.9842 train_loss=0.113 kl(q_w||q)=1.401
Stopped at iteration 192. 100 items are selected. The objective value is: 0.001854616011682673
Stopped at iteration 212. 100 items are selected. The objective value is: 0.0007825643391513387
Stopped at iteration 226. 100 items are selected. The objective value is: 0.0006452276366228333
Stopped at iteration 198. 100 items are selected. The objective value is: 0.0014298647236182993
Stopped at iteration 164. 100 items are selected. The objective value is: 0.0013614204756372524
Stopped at iteration 168. 100 items are selected. The objective value is: 0.0005542894658835387
Stopped at iteration 194. 100 items are selected. The objective value is: 0.0009597167740805087
Stopped at iteration 254. 100 items are selected. The objective value is: 0.000644378589023999
Stopped at iteration 216. 100 items are selected. The objective value is: 0.001871613115752491
Stopped at iteration 270. 100 items are selected. The objective value is: 0.0008420678039212546
Stopped at iteration 301. 100 items are selected. The objective value is: 0.0007396518209860123
Stopped at iteration 301. 100 items are selected. The objective value is: 0.0031801552441884573
Stopped at iteration 130. 100 items are selected. The objective value is: 0.0005138204571726532
Stopped at iteration 187. 100 items are selected. The objective value is: 0.0013824776390567966
Stopped at iteration 207. 100 items are selected. The objective value is: 0.0005452401504613786
Stopped at iteration 119. 100 items are selected. The objective value is: 0.0003286397539281993
Stopped at iteration 175. 100 items are selected. The objective value is: 0.00040718796514747154
Stopped at iteration 214. 100 items are selected. The objective value is: 0.0013367400407942025
Stopped at iteration 215. 100 items are selected. The objective value is: 0.001957682113410466
Stopped at iteration 204. 100 items are selected. The objective value is: 0.0006821011377195729
Stopped at iteration 194. 100 items are selected. The objective value is: 0.0009088147340883276
Stopped at iteration 142. 100 items are selected. The objective value is: 0.0007815559294095878
Stopped at iteration 164. 100 items are selected. The objective value is: 0.0011407898720866587
Stopped at iteration 273. 100 items are selected. The objective value is: 0.001028834453391663
Stopped at iteration 143. 100 items are selected. The objective value is: 0.0006568860298565834
Stopped at iteration 148. 100 items are selected. The objective value is: 0.0006588553369265203
Stopped at iteration 193. 100 items are selected. The objective value is: 0.0006795837013669751
Stopped at iteration 153. 100 items are selected. The objective value is: 0.0009599877858607822
Stopped at iteration 205. 100 items are selected. The objective value is: 0.0009356353648182513
Stopped at iteration 167. 100 items are selected. The objective value is: 0.0009713337440045942
rounds:  15%|█▌        | 6/40 [13:12<1:09:28, 122.60s/it][round   6] per_acc=0.9704 glob_acc=0.7722 train_acc=0.9875 train_loss=0.107 kl(q_w||q)=1.725
Stopped at iteration 174. 100 items are selected. The objective value is: 0.0005317650137366516
Stopped at iteration 227. 100 items are selected. The objective value is: 0.0004934126857256417
Stopped at iteration 196. 100 items are selected. The objective value is: 0.0006559354934306809
Stopped at iteration 201. 100 items are selected. The objective value is: 0.0015673819517318004
Stopped at iteration 199. 100 items are selected. The objective value is: 0.0005445577198207927
Stopped at iteration 125. 100 items are selected. The objective value is: 0.001538807142891945
Stopped at iteration 227. 100 items are selected. The objective value is: 0.0005979006409323434
Stopped at iteration 234. 100 items are selected. The objective value is: 0.00029283551275159734
Stopped at iteration 168. 100 items are selected. The objective value is: 0.00037406911512333175
Stopped at iteration 287. 100 items are selected. The objective value is: 0.0007888783085975571
Stopped at iteration 301. 100 items are selected. The objective value is: 0.008800076935379946
Stopped at iteration 301. 100 items are selected. The objective value is: 0.01735963346956503
Stopped at iteration 170. 100 items are selected. The objective value is: 0.0018951059221111435
Stopped at iteration 140. 100 items are selected. The objective value is: 0.0008561243851775212
Stopped at iteration 189. 100 items are selected. The objective value is: 0.0008629986941323207
Stopped at iteration 199. 100 items are selected. The objective value is: 0.0010995240500489098
Stopped at iteration 193. 100 items are selected. The objective value is: 0.00040599926679606044
Stopped at iteration 182. 100 items are selected. The objective value is: 0.0005022586591619814
Stopped at iteration 170. 100 items are selected. The objective value is: 0.0008722031398719834
Stopped at iteration 181. 100 items are selected. The objective value is: 0.0018977784793708637
Stopped at iteration 207. 100 items are selected. The objective value is: 0.00040584327399122974
Stopped at iteration 241. 100 items are selected. The objective value is: 0.001302966589236315
Stopped at iteration 235. 100 items are selected. The objective value is: 0.0014156683471638755
Stopped at iteration 225. 100 items are selected. The objective value is: 0.0008454785400188861
Stopped at iteration 141. 100 items are selected. The objective value is: 0.0007330750160660741
Stopped at iteration 144. 100 items are selected. The objective value is: 0.0006166698605244886
Stopped at iteration 227. 100 items are selected. The objective value is: 0.00041754651040695176
Stopped at iteration 165. 100 items are selected. The objective value is: 0.0008587624578138194
Stopped at iteration 190. 100 items are selected. The objective value is: 0.0005448155436261228
Stopped at iteration 190. 100 items are selected. The objective value is: 0.0003444880948135281
rounds:  18%|█▊        | 7/40 [15:06<1:05:51, 119.73s/it][round   7] per_acc=0.9709 glob_acc=0.7727 train_acc=0.9884 train_loss=0.089 kl(q_w||q)=1.112
Stopped at iteration 145. 100 items are selected. The objective value is: 0.0006395824319690226
Stopped at iteration 157. 100 items are selected. The objective value is: 0.00039116444699566525
Stopped at iteration 256. 100 items are selected. The objective value is: 0.000555208100426419
Stopped at iteration 156. 100 items are selected. The objective value is: 0.0013601094431108804
Stopped at iteration 202. 100 items are selected. The objective value is: 0.001234977309169087
Stopped at iteration 164. 100 items are selected. The objective value is: 0.0008282279167796252
Stopped at iteration 184. 100 items are selected. The objective value is: 0.0005523693826443936
Stopped at iteration 228. 100 items are selected. The objective value is: 0.000632718121431549
Stopped at iteration 256. 100 items are selected. The objective value is: 0.0008495961513277271
Stopped at iteration 290. 100 items are selected. The objective value is: 0.0007531267712394707
Stopped at iteration 268. 100 items are selected. The objective value is: 0.0006761590508345287
Stopped at iteration 301. 100 items are selected. The objective value is: 0.003325422676228033
Stopped at iteration 208. 100 items are selected. The objective value is: 0.0009486220238988762
Stopped at iteration 173. 100 items are selected. The objective value is: 0.0007970343109342759
Stopped at iteration 154. 100 items are selected. The objective value is: 0.0013227472863128519
Stopped at iteration 232. 100 items are selected. The objective value is: 0.0004969627217614776
Stopped at iteration 251. 100 items are selected. The objective value is: 0.0005062092506954597
Stopped at iteration 176. 100 items are selected. The objective value is: 0.00043841531942006895
Stopped at iteration 150. 100 items are selected. The objective value is: 0.0005244509375066409
Stopped at iteration 195. 100 items are selected. The objective value is: 0.0008486237867632226
Stopped at iteration 234. 100 items are selected. The objective value is: 0.000585704750577288
Stopped at iteration 179. 100 items are selected. The objective value is: 0.0005789434151460454
Stopped at iteration 202. 100 items are selected. The objective value is: 0.0005816429140358674
Stopped at iteration 159. 100 items are selected. The objective value is: 0.0003750141453588501
Stopped at iteration 141. 100 items are selected. The objective value is: 0.0005269848651352859
Stopped at iteration 159. 100 items are selected. The objective value is: 0.00047162422898452174
Stopped at iteration 210. 100 items are selected. The objective value is: 0.0016077343091827213
Stopped at iteration 153. 100 items are selected. The objective value is: 0.0014696254216464092
Stopped at iteration 159. 100 items are selected. The objective value is: 0.0006315259461604823
Stopped at iteration 207. 100 items are selected. The objective value is: 0.0011911050805748788
rounds:  20%|██        | 8/40 [17:34<1:08:39, 128.74s/it][round   8] per_acc=0.9747 glob_acc=0.7967 train_acc=0.9887 train_loss=0.079 kl(q_w||q)=1.458
Stopped at iteration 152. 100 items are selected. The objective value is: 0.0006935490987846751
Stopped at iteration 168. 100 items are selected. The objective value is: 0.0009231604234999963
Stopped at iteration 298. 100 items are selected. The objective value is: 0.0002240487076103228
Stopped at iteration 133. 100 items are selected. The objective value is: 0.001149390961988243
Stopped at iteration 185. 100 items are selected. The objective value is: 0.0008764242406693273
Stopped at iteration 144. 100 items are selected. The objective value is: 0.0011885230577498482
Stopped at iteration 198. 100 items are selected. The objective value is: 0.0006514180042754735
Stopped at iteration 187. 100 items are selected. The objective value is: 0.0004104265723566977
Stopped at iteration 249. 100 items are selected. The objective value is: 0.0007200025453274898
Stopped at iteration 301. 100 items are selected. The objective value is: 0.0006072987210793321
Stopped at iteration 301. 100 items are selected. The objective value is: 0.0024518153168192297
Stopped at iteration 301. 100 items are selected. The objective value is: 0.0059357844743495045
Stopped at iteration 233. 100 items are selected. The objective value is: 0.0007398201018812181
Stopped at iteration 150. 100 items are selected. The objective value is: 0.0009368283610968199
Stopped at iteration 164. 100 items are selected. The objective value is: 0.0006291590488805859
Stopped at iteration 178. 100 items are selected. The objective value is: 0.0007234725321696553
Stopped at iteration 201. 100 items are selected. The objective value is: 0.000325591452621345
Stopped at iteration 195. 100 items are selected. The objective value is: 0.0007561778009483498
Stopped at iteration 257. 100 items are selected. The objective value is: 0.0011018223026804078
Stopped at iteration 183. 100 items are selected. The objective value is: 0.000787149191601793
Stopped at iteration 258. 100 items are selected. The objective value is: 0.0015040323603227467
Stopped at iteration 187. 100 items are selected. The objective value is: 0.0018489582765721419
Stopped at iteration 265. 100 items are selected. The objective value is: 0.000509699937944488
Stopped at iteration 201. 100 items are selected. The objective value is: 0.000704739759693519
Stopped at iteration 136. 100 items are selected. The objective value is: 0.00028119329485332844
Stopped at iteration 136. 100 items are selected. The objective value is: 0.0009585921719598784
Stopped at iteration 208. 100 items are selected. The objective value is: 0.0005726481293096586
Stopped at iteration 301. 100 items are selected. The objective value is: 0.002304539592631027
Stopped at iteration 168. 100 items are selected. The objective value is: 0.001139073682923555
Stopped at iteration 173. 100 items are selected. The objective value is: 0.00037292466568058044
rounds:  22%|██▎       | 9/40 [19:30<1:04:22, 124.58s/it][round   9] per_acc=0.9737 glob_acc=0.8336 train_acc=0.9903 train_loss=0.074 kl(q_w||q)=1.508
Stopped at iteration 242. 100 items are selected. The objective value is: 0.001175524773202587
Stopped at iteration 256. 100 items are selected. The objective value is: 0.00030237154829955876
Stopped at iteration 301. 100 items are selected. The objective value is: 0.0008928661261842916
Stopped at iteration 135. 100 items are selected. The objective value is: 0.00046159088774941516
Stopped at iteration 193. 100 items are selected. The objective value is: 0.0011205954619405787
Stopped at iteration 170. 100 items are selected. The objective value is: 0.0003479699975510125
Stopped at iteration 168. 100 items are selected. The objective value is: 0.00047847333123573506
Stopped at iteration 297. 100 items are selected. The objective value is: 0.0006618916379875379
Stopped at iteration 301. 100 items are selected. The objective value is: 0.0005581839221494073
Stopped at iteration 272. 100 items are selected. The objective value is: 0.0007393290675478374
Stopped at iteration 301. 100 items are selected. The objective value is: 0.004186412303238184
Stopped at iteration 301. 100 items are selected. The objective value is: 0.013669017300672567
Stopped at iteration 162. 100 items are selected. The objective value is: 0.0008393062936661015
Stopped at iteration 163. 100 items are selected. The objective value is: 0.002698888449938212
Stopped at iteration 237. 100 items are selected. The objective value is: 0.00031499959175841354
Stopped at iteration 179. 100 items are selected. The objective value is: 0.00040121648112052545
Stopped at iteration 155. 100 items are selected. The objective value is: 0.00022722690809508456
Stopped at iteration 223. 100 items are selected. The objective value is: 0.00024672213544292955
Stopped at iteration 185. 100 items are selected. The objective value is: 0.0007606840501982029
Stopped at iteration 218. 100 items are selected. The objective value is: 0.0006157077214531888
Stopped at iteration 238. 100 items are selected. The objective value is: 0.0006488520981933562
Stopped at iteration 193. 100 items are selected. The objective value is: 0.0009469840332946838
Stopped at iteration 174. 100 items are selected. The objective value is: 0.0010623031626794783
Stopped at iteration 301. 100 items are selected. The objective value is: 0.0024158964720835075
Stopped at iteration 133. 100 items are selected. The objective value is: 0.0007343730623997248
Stopped at iteration 153. 100 items are selected. The objective value is: 0.000597524602798065
Stopped at iteration 205. 100 items are selected. The objective value is: 0.0014293080808000143
Stopped at iteration 161. 100 items are selected. The objective value is: 0.0009816827622360828
Stopped at iteration 197. 100 items are selected. The objective value is: 0.0011824212464792623
Stopped at iteration 173. 100 items are selected. The objective value is: 0.0005747138836141212
rounds:  25%|██▌       | 10/40 [21:25<1:00:47, 121.59s/it][round  10] per_acc=0.9717 glob_acc=0.8296 train_acc=0.9914 train_loss=0.072 kl(q_w||q)=1.391
Stopped at iteration 250. 100 items are selected. The objective value is: 0.0004768174938964951
Stopped at iteration 259. 100 items are selected. The objective value is: 0.00045477357445021597
Stopped at iteration 176. 100 items are selected. The objective value is: 0.0002668697062868829
Stopped at iteration 255. 100 items are selected. The objective value is: 0.0008192024466428513
Stopped at iteration 117. 100 items are selected. The objective value is: 0.002876039409010453
Stopped at iteration 179. 100 items are selected. The objective value is: 0.0010267917517205677
Stopped at iteration 185. 100 items are selected. The objective value is: 0.00041909315539710403
Stopped at iteration 230. 100 items are selected. The objective value is: 0.0012480684320588637
Stopped at iteration 301. 100 items are selected. The objective value is: 0.0014530231498537146
Stopped at iteration 301. 100 items are selected. The objective value is: 0.0006272493534847043
Stopped at iteration 301. 100 items are selected. The objective value is: 0.018530237152219943
Stopped at iteration 156. 100 items are selected. The objective value is: 0.00024110688792215767
Stopped at iteration 164. 100 items are selected. The objective value is: 0.00036214948812478433
Stopped at iteration 225. 100 items are selected. The objective value is: 0.0012526945651721217
Stopped at iteration 144. 100 items are selected. The objective value is: 0.0007013951670528664
Stopped at iteration 143. 100 items are selected. The objective value is: 0.000625420787763786
Stopped at iteration 215. 100 items are selected. The objective value is: 0.00034495742378723643
Stopped at iteration 199. 100 items are selected. The objective value is: 0.0010969401391302865
Stopped at iteration 237. 100 items are selected. The objective value is: 0.00037855954851369556
Stopped at iteration 260. 100 items are selected. The objective value is: 0.0004659807147639652
Stopped at iteration 243. 100 items are selected. The objective value is: 0.0005699880463011866
Stopped at iteration 152. 100 items are selected. The objective value is: 0.0005185659886874925
Stopped at iteration 191. 100 items are selected. The objective value is: 0.0005513419226212552
Stopped at iteration 266. 100 items are selected. The objective value is: 0.0006901218121121447
Stopped at iteration 120. 100 items are selected. The objective value is: 0.0006038233572965527
Stopped at iteration 147. 100 items are selected. The objective value is: 0.0005938999488324455
Stopped at iteration 139. 100 items are selected. The objective value is: 0.0016926402611527717
Stopped at iteration 180. 100 items are selected. The objective value is: 0.001904215947628617
Stopped at iteration 182. 100 items are selected. The objective value is: 0.0003795704024513359
rounds:  28%|██▊       | 11/40 [23:17<57:20, 118.65s/it]  [round  11] per_acc=0.9747 glob_acc=0.8168 train_acc=0.9925 train_loss=0.061 kl(q_w||q)=1.458
Stopped at iteration 217. 100 items are selected. The objective value is: 0.0033532165556898314
Stopped at iteration 187. 100 items are selected. The objective value is: 0.00038661814421575
Stopped at iteration 208. 100 items are selected. The objective value is: 0.0008668925401664368
Stopped at iteration 162. 100 items are selected. The objective value is: 0.0007919422106085895
Stopped at iteration 187. 100 items are selected. The objective value is: 0.002427701879530038
Stopped at iteration 226. 100 items are selected. The objective value is: 0.000573925411467166
Stopped at iteration 226. 100 items are selected. The objective value is: 0.00045892604386104074
Stopped at iteration 227. 100 items are selected. The objective value is: 0.0007612942692112058
Stopped at iteration 226. 100 items are selected. The objective value is: 0.00029354557333325477
Stopped at iteration 301. 100 items are selected. The objective value is: 0.004307365364313387
Stopped at iteration 301. 100 items are selected. The objective value is: 0.013316802488456627
Stopped at iteration 301. 100 items are selected. The objective value is: 0.012358945483630058
Stopped at iteration 151. 100 items are selected. The objective value is: 0.0019080006420451622
Stopped at iteration 178. 100 items are selected. The objective value is: 0.0006067690657671236
Stopped at iteration 151. 100 items are selected. The objective value is: 0.0007456952003494429
Stopped at iteration 159. 100 items are selected. The objective value is: 0.001278621473428028
Stopped at iteration 267. 100 items are selected. The objective value is: 0.00028019918645919944
Stopped at iteration 183. 100 items are selected. The objective value is: 0.0003235069866692522
Stopped at iteration 204. 100 items are selected. The objective value is: 0.000756692211642563
Stopped at iteration 247. 100 items are selected. The objective value is: 0.002007805517247217
Stopped at iteration 147. 100 items are selected. The objective value is: 0.000511811089802994
Stopped at iteration 218. 100 items are selected. The objective value is: 0.002018482713768729
Stopped at iteration 249. 100 items are selected. The objective value is: 0.0003675614805211358
Stopped at iteration 258. 100 items are selected. The objective value is: 0.0008866988213765009
Stopped at iteration 240. 100 items are selected. The objective value is: 0.0013323667409523194
Stopped at iteration 155. 100 items are selected. The objective value is: 0.00031483684665631323
Stopped at iteration 219. 100 items are selected. The objective value is: 0.0005131980750585017
Stopped at iteration 215. 100 items are selected. The objective value is: 0.0008617792628573772
Stopped at iteration 180. 100 items are selected. The objective value is: 0.0006407285177739056
Stopped at iteration 172. 100 items are selected. The objective value is: 0.0007195146079816611
rounds:  30%|███       | 12/40 [25:11<54:45, 117.33s/it][round  12] per_acc=0.9805 glob_acc=0.8318 train_acc=0.9937 train_loss=0.061 kl(q_w||q)=1.303
Stopped at iteration 238. 100 items are selected. The objective value is: 0.0004426930538236189
Stopped at iteration 235. 100 items are selected. The objective value is: 0.00037680246170521055
Stopped at iteration 301. 100 items are selected. The objective value is: 0.0022214911269666697
Stopped at iteration 153. 100 items are selected. The objective value is: 0.0004807409952814798
Stopped at iteration 211. 100 items are selected. The objective value is: 0.0015298057883317594
Stopped at iteration 193. 100 items are selected. The objective value is: 0.0004787278772950973
Stopped at iteration 187. 100 items are selected. The objective value is: 0.00016270707065438642
Stopped at iteration 237. 100 items are selected. The objective value is: 0.0003182819230491794
Stopped at iteration 218. 100 items are selected. The objective value is: 0.000399863908882826
Stopped at iteration 301. 100 items are selected. The objective value is: 0.002363797480980973
Stopped at iteration 301. 100 items are selected. The objective value is: 0.003783207836813624
Stopped at iteration 301. 100 items are selected. The objective value is: 0.0035009108480178104
Stopped at iteration 225. 100 items are selected. The objective value is: 0.0008881473801775952
Stopped at iteration 211. 100 items are selected. The objective value is: 0.00043190294299093063
Stopped at iteration 239. 100 items are selected. The objective value is: 0.0006205498939313924
Stopped at iteration 202. 100 items are selected. The objective value is: 0.0006008212122173462
Stopped at iteration 150. 100 items are selected. The objective value is: 0.0004716559370714676
Stopped at iteration 203. 100 items are selected. The objective value is: 9.767274987547921e-05
Stopped at iteration 204. 100 items are selected. The objective value is: 0.0005844225530668879
Stopped at iteration 264. 100 items are selected. The objective value is: 0.0006322578739780841
Stopped at iteration 256. 100 items are selected. The objective value is: 0.00024307320699690723
Stopped at iteration 204. 100 items are selected. The objective value is: 0.00045119669738004814
Stopped at iteration 201. 100 items are selected. The objective value is: 0.0008874975228482965
Stopped at iteration 168. 100 items are selected. The objective value is: 0.00037122925624962465
Stopped at iteration 194. 100 items are selected. The objective value is: 0.00034577288386946557
Stopped at iteration 195. 100 items are selected. The objective value is: 0.00016067440103462405
Stopped at iteration 170. 100 items are selected. The objective value is: 0.0003929786569748822
Stopped at iteration 152. 100 items are selected. The objective value is: 0.0006488134924688442
Stopped at iteration 118. 100 items are selected. The objective value is: 0.0003131175685607741
Stopped at iteration 170. 100 items are selected. The objective value is: 0.0005551823857966839
rounds:  32%|███▎      | 13/40 [27:09<52:56, 117.65s/it][round  13] per_acc=0.9779 glob_acc=0.8584 train_acc=0.9938 train_loss=0.056 kl(q_w||q)=1.423
Stopped at iteration 193. 100 items are selected. The objective value is: 0.00327701055488291
Stopped at iteration 249. 100 items are selected. The objective value is: 0.0001495801779860007
Stopped at iteration 270. 100 items are selected. The objective value is: 0.00031431490836165326
Stopped at iteration 179. 100 items are selected. The objective value is: 0.0015146622009440237
Stopped at iteration 165. 100 items are selected. The objective value is: 0.001006618174115233
Stopped at iteration 164. 100 items are selected. The objective value is: 0.00026956859394665426
Stopped at iteration 181. 100 items are selected. The objective value is: 0.00022424065258595086
Stopped at iteration 204. 100 items are selected. The objective value is: 0.00024361757380425258
Stopped at iteration 187. 100 items are selected. The objective value is: 0.00025227405141691644
Stopped at iteration 301. 100 items are selected. The objective value is: 0.0011252454798067405
Stopped at iteration 301. 100 items are selected. The objective value is: 0.002427767009771916
Stopped at iteration 301. 100 items are selected. The objective value is: 0.004783969338098845
Stopped at iteration 146. 100 items are selected. The objective value is: 0.0003936744711933684
Stopped at iteration 156. 100 items are selected. The objective value is: 0.00045063497278441606
Stopped at iteration 146. 100 items are selected. The objective value is: 0.0003604951142899842
Stopped at iteration 166. 100 items are selected. The objective value is: 0.00044614293991045715
Stopped at iteration 174. 100 items are selected. The objective value is: 0.0009668312943520668
Stopped at iteration 106. 100 items are selected. The objective value is: 0.00012808032311060628
Stopped at iteration 205. 100 items are selected. The objective value is: 0.0006853858180354424
Stopped at iteration 292. 100 items are selected. The objective value is: 0.0006952771455370951
Stopped at iteration 221. 100 items are selected. The objective value is: 0.0017662656056504442
Stopped at iteration 234. 100 items are selected. The objective value is: 0.0008267275327706475
Stopped at iteration 240. 100 items are selected. The objective value is: 0.000441792727786537
Stopped at iteration 216. 100 items are selected. The objective value is: 0.0002890017548903725
Stopped at iteration 192. 100 items are selected. The objective value is: 0.000538361429324893
Stopped at iteration 197. 100 items are selected. The objective value is: 0.0004969969154960922
Stopped at iteration 168. 100 items are selected. The objective value is: 0.00018804525561583857
Stopped at iteration 167. 100 items are selected. The objective value is: 0.0005185402031768939
Stopped at iteration 158. 100 items are selected. The objective value is: 0.00047815481973810574
Stopped at iteration 185. 100 items are selected. The objective value is: 0.0003207333619311438
rounds:  35%|███▌      | 14/40 [29:04<50:35, 116.75s/it][round  14] per_acc=0.9789 glob_acc=0.8464 train_acc=0.9961 train_loss=0.046 kl(q_w||q)=1.105
Stopped at iteration 241. 100 items are selected. The objective value is: 0.0004857042612489134
Stopped at iteration 301. 100 items are selected. The objective value is: 0.0010002801675302645
Stopped at iteration 281. 100 items are selected. The objective value is: 0.00025296495863302615
Stopped at iteration 147. 100 items are selected. The objective value is: 0.0007529280123698163
Stopped at iteration 126. 100 items are selected. The objective value is: 0.0004792185230741494
Stopped at iteration 183. 100 items are selected. The objective value is: 0.00060310535544999
Stopped at iteration 232. 100 items are selected. The objective value is: 0.00043689065127478475
Stopped at iteration 243. 100 items are selected. The objective value is: 0.00021686782112133684
Stopped at iteration 301. 100 items are selected. The objective value is: 0.0003564444274485454
Stopped at iteration 245. 100 items are selected. The objective value is: 0.00029423692917997273
Stopped at iteration 301. 100 items are selected. The objective value is: 0.0011790909403942512
Stopped at iteration 301. 100 items are selected. The objective value is: 0.006110425412593333
Stopped at iteration 140. 100 items are selected. The objective value is: 0.0006772181629040287
Stopped at iteration 184. 100 items are selected. The objective value is: 0.0003410341832319158
Stopped at iteration 181. 100 items are selected. The objective value is: 0.00043114314922884476
Stopped at iteration 194. 100 items are selected. The objective value is: 0.0003273649487822372
Stopped at iteration 143. 100 items are selected. The objective value is: 0.00011543347899823079
Stopped at iteration 175. 100 items are selected. The objective value is: 0.00019995111485936515
Stopped at iteration 258. 100 items are selected. The objective value is: 0.0009517312945424632
Stopped at iteration 254. 100 items are selected. The objective value is: 0.00040549060740179715
Stopped at iteration 194. 100 items are selected. The objective value is: 0.00021449102407442217
Stopped at iteration 221. 100 items are selected. The objective value is: 0.0008294805461595736
Stopped at iteration 170. 100 items are selected. The objective value is: 0.0005764888493931487
Stopped at iteration 250. 100 items are selected. The objective value is: 0.0006207112691136995
Stopped at iteration 175. 100 items are selected. The objective value is: 0.000494168577115214
Stopped at iteration 176. 100 items are selected. The objective value is: 0.0002093630688544563
Stopped at iteration 187. 100 items are selected. The objective value is: 0.0005053590216346986
Stopped at iteration 136. 100 items are selected. The objective value is: 0.0009520837517290676
Stopped at iteration 153. 100 items are selected. The objective value is: 0.0007728581194339538
Stopped at iteration 157. 100 items are selected. The objective value is: 0.0004921211935715418
rounds:  38%|███▊      | 15/40 [30:59<48:25, 116.24s/it][round  15] per_acc=0.9787 glob_acc=0.8784 train_acc=0.9962 train_loss=0.045 kl(q_w||q)=1.319
Stopped at iteration 207. 100 items are selected. The objective value is: 0.0003695280180230903
Stopped at iteration 250. 100 items are selected. The objective value is: 0.00035309925519463523
Stopped at iteration 253. 100 items are selected. The objective value is: 0.00019998377984213766
Stopped at iteration 134. 100 items are selected. The objective value is: 0.0005769647647303852
Stopped at iteration 168. 100 items are selected. The objective value is: 0.0015151443915267957
Stopped at iteration 188. 100 items are selected. The objective value is: 0.00047315699826520517
Stopped at iteration 261. 100 items are selected. The objective value is: 0.00046147483706593986
Stopped at iteration 279. 100 items are selected. The objective value is: 0.00032035261962849845
Stopped at iteration 281. 100 items are selected. The objective value is: 0.0004051425575269693
Stopped at iteration 301. 100 items are selected. The objective value is: 0.009819138696717853
Stopped at iteration 301. 100 items are selected. The objective value is: 0.006313592338325876
Stopped at iteration 301. 100 items are selected. The objective value is: 0.01214828601765442
Stopped at iteration 190. 100 items are selected. The objective value is: 0.0002954600505155423
Stopped at iteration 203. 100 items are selected. The objective value is: 0.0003565166652782241
Stopped at iteration 168. 100 items are selected. The objective value is: 0.0017040031191052267
Stopped at iteration 160. 100 items are selected. The objective value is: 0.0006992183407020631
Stopped at iteration 269. 100 items are selected. The objective value is: 0.00036974833632001316
Stopped at iteration 239. 100 items are selected. The objective value is: 0.00020800050771092955
Stopped at iteration 236. 100 items are selected. The objective value is: 0.00047279585027893046
Stopped at iteration 189. 100 items are selected. The objective value is: 0.00026302496096385926
Stopped at iteration 193. 100 items are selected. The objective value is: 0.00038246883434592927
Stopped at iteration 191. 100 items are selected. The objective value is: 0.0007663414152212741
Stopped at iteration 223. 100 items are selected. The objective value is: 0.0009704061827634861
Stopped at iteration 259. 100 items are selected. The objective value is: 0.00041420277543603853
Stopped at iteration 174. 100 items are selected. The objective value is: 0.00030868480537110627
Stopped at iteration 199. 100 items are selected. The objective value is: 0.00040886251275115725
Stopped at iteration 252. 100 items are selected. The objective value is: 0.0002796443474739359
Stopped at iteration 183. 100 items are selected. The objective value is: 0.0009836772455978013
Stopped at iteration 186. 100 items are selected. The objective value is: 0.0009003191922230491
rounds:  40%|████      | 16/40 [32:51<45:55, 114.81s/it][round  16] per_acc=0.9792 glob_acc=0.8742 train_acc=0.9955 train_loss=0.042 kl(q_w||q)=1.639
Stopped at iteration 230. 100 items are selected. The objective value is: 0.0006695078594032203
Stopped at iteration 255. 100 items are selected. The objective value is: 0.0002652515575280805
Stopped at iteration 238. 100 items are selected. The objective value is: 0.00029524963025100403
Stopped at iteration 164. 100 items are selected. The objective value is: 0.0002516994267514766
Stopped at iteration 108. 100 items are selected. The objective value is: 0.0006249832101521823
Stopped at iteration 159. 100 items are selected. The objective value is: 0.0006391911946804189
Stopped at iteration 267. 100 items are selected. The objective value is: 0.0007510260968551899
Stopped at iteration 176. 100 items are selected. The objective value is: 0.0002622906302586926
Stopped at iteration 255. 100 items are selected. The objective value is: 0.0002982969941633492
Stopped at iteration 301. 100 items are selected. The objective value is: 0.001199362782220105
Stopped at iteration 301. 100 items are selected. The objective value is: 0.002361068379476185
Stopped at iteration 301. 100 items are selected. The objective value is: 0.008921724359271268
Stopped at iteration 162. 100 items are selected. The objective value is: 0.00028158308144893014
Stopped at iteration 133. 100 items are selected. The objective value is: 0.00014794036611398805
Stopped at iteration 210. 100 items are selected. The objective value is: 0.0005045414374920122
Stopped at iteration 120. 100 items are selected. The objective value is: 0.00019543943915722263
Stopped at iteration 206. 100 items are selected. The objective value is: 0.00012787315158221285
Stopped at iteration 219. 100 items are selected. The objective value is: 0.000276345947489605
Stopped at iteration 214. 100 items are selected. The objective value is: 0.0002826378307624787
Stopped at iteration 177. 100 items are selected. The objective value is: 0.00021327707287246167
Stopped at iteration 182. 100 items are selected. The objective value is: 0.0001815888339337842
Stopped at iteration 251. 100 items are selected. The objective value is: 0.00046063579624978137
Stopped at iteration 244. 100 items are selected. The objective value is: 0.0017764558826080835
Stopped at iteration 148. 100 items are selected. The objective value is: 0.0004652878009960766
Stopped at iteration 134. 100 items are selected. The objective value is: 0.0010701930348966358
Stopped at iteration 205. 100 items are selected. The objective value is: 0.0004214416891668529
Stopped at iteration 169. 100 items are selected. The objective value is: 0.00016606309477803613
Stopped at iteration 175. 100 items are selected. The objective value is: 0.0018142013689612332
Stopped at iteration 171. 100 items are selected. The objective value is: 0.0004379861142598558
Stopped at iteration 160. 100 items are selected. The objective value is: 0.00027652547033303
rounds:  42%|████▎     | 17/40 [34:44<43:49, 114.32s/it][round  17] per_acc=0.9779 glob_acc=0.8857 train_acc=0.9973 train_loss=0.038 kl(q_w||q)=0.918
Stopped at iteration 220. 100 items are selected. The objective value is: 0.00011977001530363146
Stopped at iteration 279. 100 items are selected. The objective value is: 0.0004521215540248498
Stopped at iteration 250. 100 items are selected. The objective value is: 0.0003914287558773086
Stopped at iteration 191. 100 items are selected. The objective value is: 0.0009339185044126393
Stopped at iteration 133. 100 items are selected. The objective value is: 0.000287128965664928
Stopped at iteration 202. 100 items are selected. The objective value is: 0.0007584635042694266
Stopped at iteration 193. 100 items are selected. The objective value is: 0.00023124577014507018
Stopped at iteration 237. 100 items are selected. The objective value is: 0.00023156723269301168
Stopped at iteration 277. 100 items are selected. The objective value is: 0.00018100615150874497
Stopped at iteration 301. 100 items are selected. The objective value is: 0.0069066787938211124
Stopped at iteration 301. 100 items are selected. The objective value is: 0.007570744391531185
Stopped at iteration 301. 100 items are selected. The objective value is: 0.0012348860728574969
Stopped at iteration 203. 100 items are selected. The objective value is: 0.00045114545735623385
Stopped at iteration 226. 100 items are selected. The objective value is: 0.0004628020375370406
Stopped at iteration 203. 100 items are selected. The objective value is: 0.0003935997603426688
Stopped at iteration 179. 100 items are selected. The objective value is: 0.00021229980411222203
Stopped at iteration 187. 100 items are selected. The objective value is: 0.0002166113128142237
Stopped at iteration 185. 100 items are selected. The objective value is: 0.00010711609550100139
Stopped at iteration 246. 100 items are selected. The objective value is: 0.0009379173942430735
Stopped at iteration 301. 100 items are selected. The objective value is: 0.0009817491004551935
Stopped at iteration 263. 100 items are selected. The objective value is: 0.000433753371288964
Stopped at iteration 161. 100 items are selected. The objective value is: 0.0014901440429577202
Stopped at iteration 278. 100 items are selected. The objective value is: 0.0004737695609196281
Stopped at iteration 197. 100 items are selected. The objective value is: 0.0002881224241650001
Stopped at iteration 218. 100 items are selected. The objective value is: 0.0003528735165947367
Stopped at iteration 216. 100 items are selected. The objective value is: 0.0004757542195313156
Stopped at iteration 185. 100 items are selected. The objective value is: 0.000634501165149865
Stopped at iteration 151. 100 items are selected. The objective value is: 0.0009550979940229983
Stopped at iteration 218. 100 items are selected. The objective value is: 0.0010537426775401285
Stopped at iteration 166. 100 items are selected. The objective value is: 0.00046340227996196395
rounds:  45%|████▌     | 18/40 [36:39<42:01, 114.62s/it][round  18] per_acc=0.9805 glob_acc=0.8739 train_acc=0.9967 train_loss=0.036 kl(q_w||q)=1.053
Stopped at iteration 178. 100 items are selected. The objective value is: 0.00014241558862240644
Stopped at iteration 301. 100 items are selected. The objective value is: 0.0008057434624856195
Stopped at iteration 224. 100 items are selected. The objective value is: 0.00015722299973898365
Stopped at iteration 146. 100 items are selected. The objective value is: 0.0009747443768473409
Stopped at iteration 131. 100 items are selected. The objective value is: 0.00033495476222367864
Stopped at iteration 174. 100 items are selected. The objective value is: 0.00019558080939605237
Stopped at iteration 179. 100 items are selected. The objective value is: 0.00028368573780918353
Stopped at iteration 181. 100 items are selected. The objective value is: 0.00040809808894627165
Stopped at iteration 280. 100 items are selected. The objective value is: 0.00041206912920593874
Stopped at iteration 301. 100 items are selected. The objective value is: 0.004212498267638935
Stopped at iteration 301. 100 items are selected. The objective value is: 0.0015949869749099898
Stopped at iteration 301. 100 items are selected. The objective value is: 0.005214392293390538
Stopped at iteration 189. 100 items are selected. The objective value is: 0.0005421359610901963
Stopped at iteration 236. 100 items are selected. The objective value is: 0.0005821208252252177
Stopped at iteration 145. 100 items are selected. The objective value is: 0.00028250890969504786
Stopped at iteration 156. 100 items are selected. The objective value is: 0.00021079177298415628
Stopped at iteration 179. 100 items are selected. The objective value is: 0.00012733530412648475
Stopped at iteration 211. 100 items are selected. The objective value is: 5.83422731897105e-05
Stopped at iteration 189. 100 items are selected. The objective value is: 0.00037579528458161435
Stopped at iteration 218. 100 items are selected. The objective value is: 0.0008604266528334347
Stopped at iteration 271. 100 items are selected. The objective value is: 0.00016163519654669624
Stopped at iteration 142. 100 items are selected. The objective value is: 0.0002242719362519489
Stopped at iteration 184. 100 items are selected. The objective value is: 0.0001716176297714
Stopped at iteration 231. 100 items are selected. The objective value is: 0.00030790441771789734
Stopped at iteration 138. 100 items are selected. The objective value is: 0.00029398332849172226
Stopped at iteration 143. 100 items are selected. The objective value is: 9.461462852310578e-05
Stopped at iteration 164. 100 items are selected. The objective value is: 0.000275550251779571
Stopped at iteration 120. 100 items are selected. The objective value is: 0.0010107231570904468
Stopped at iteration 191. 100 items are selected. The objective value is: 0.0006989971434588628
Stopped at iteration 177. 100 items are selected. The objective value is: 0.0007600459046695498
rounds:  48%|████▊     | 19/40 [38:34<40:12, 114.86s/it][round  19] per_acc=0.9784 glob_acc=0.8840 train_acc=0.9978 train_loss=0.033 kl(q_w||q)=1.143
Stopped at iteration 192. 100 items are selected. The objective value is: 0.00034729070530340866
Stopped at iteration 204. 100 items are selected. The objective value is: 0.00021460564113496633
Stopped at iteration 294. 100 items are selected. The objective value is: 0.00024139773698679144
Stopped at iteration 147. 100 items are selected. The objective value is: 0.0002952523493387296
Stopped at iteration 173. 100 items are selected. The objective value is: 0.0005523004861072227
Stopped at iteration 164. 100 items are selected. The objective value is: 0.0001514275750361344
Stopped at iteration 224. 100 items are selected. The objective value is: 0.00021979658481475768
Stopped at iteration 222. 100 items are selected. The objective value is: 0.00018825873167553636
Stopped at iteration 244. 100 items are selected. The objective value is: 0.0001925911751783059
Stopped at iteration 301. 100 items are selected. The objective value is: 0.0024584815385353723
Stopped at iteration 301. 100 items are selected. The objective value is: 0.0036806015625397096
Stopped at iteration 301. 100 items are selected. The objective value is: 0.0018031446914912705
Stopped at iteration 144. 100 items are selected. The objective value is: 0.0002785391539511296
Stopped at iteration 162. 100 items are selected. The objective value is: 0.00020416527081247625
Stopped at iteration 157. 100 items are selected. The objective value is: 0.0001410956968501266
Stopped at iteration 178. 100 items are selected. The objective value is: 0.00012651450321211465
Stopped at iteration 250. 100 items are selected. The objective value is: 0.00019281035400585931
Stopped at iteration 223. 100 items are selected. The objective value is: 0.00016359188732110834
Stopped at iteration 276. 100 items are selected. The objective value is: 0.00022945254392697326
Stopped at iteration 240. 100 items are selected. The objective value is: 0.00035929412052539253
Stopped at iteration 175. 100 items are selected. The objective value is: 0.0004397217898801885
Stopped at iteration 229. 100 items are selected. The objective value is: 0.0006968209987537118
Stopped at iteration 201. 100 items are selected. The objective value is: 0.00021900379531498073
Stopped at iteration 222. 100 items are selected. The objective value is: 0.00028401542393225723
Stopped at iteration 154. 100 items are selected. The objective value is: 0.0003027919702077798
Stopped at iteration 219. 100 items are selected. The objective value is: 0.0004813454242237065
Stopped at iteration 176. 100 items are selected. The objective value is: 0.00015377215376230166
Stopped at iteration 191. 100 items are selected. The objective value is: 0.0007445836375364804
Stopped at iteration 139. 100 items are selected. The objective value is: 0.0006351950664650687
Stopped at iteration 190. 100 items are selected. The objective value is: 0.00022946684119217798
rounds:  50%|█████     | 20/40 [40:53<40:42, 122.11s/it][round  20] per_acc=0.9802 glob_acc=0.8850 train_acc=0.9983 train_loss=0.032 kl(q_w||q)=0.980
Stopped at iteration 282. 100 items are selected. The objective value is: 0.0003380113574651923
Stopped at iteration 301. 100 items are selected. The objective value is: 0.00033979481420620195
Stopped at iteration 257. 100 items are selected. The objective value is: 0.0001728638622198876
Stopped at iteration 144. 100 items are selected. The objective value is: 0.0002677669137675636
Stopped at iteration 118. 100 items are selected. The objective value is: 0.0006116455612502024
Stopped at iteration 174. 100 items are selected. The objective value is: 0.0005140476242863914
Stopped at iteration 159. 100 items are selected. The objective value is: 0.00014964625292679333
Stopped at iteration 265. 100 items are selected. The objective value is: 0.0004810299259856017
Stopped at iteration 270. 100 items are selected. The objective value is: 0.00014232184019549035
Stopped at iteration 301. 100 items are selected. The objective value is: 0.004330881559182053
Stopped at iteration 301. 100 items are selected. The objective value is: 0.001074413257601588
Stopped at iteration 165. 100 items are selected. The objective value is: 0.0004198453059384013
Stopped at iteration 144. 100 items are selected. The objective value is: 0.00048377612465846123
Stopped at iteration 184. 100 items are selected. The objective value is: 0.0003061667921437412
Stopped at iteration 150. 100 items are selected. The objective value is: 0.00013667839941355455
Stopped at iteration 197. 100 items are selected. The objective value is: 7.339548110639627e-05
Stopped at iteration 181. 100 items are selected. The objective value is: 9.73957944726906e-05
Stopped at iteration 301. 100 items are selected. The objective value is: 0.010610426085006414
Stopped at iteration 241. 100 items are selected. The objective value is: 0.00017331000718406243
Stopped at iteration 224. 100 items are selected. The objective value is: 0.0003438110180435606
Stopped at iteration 242. 100 items are selected. The objective value is: 0.0004638016417496718
Stopped at iteration 197. 100 items are selected. The objective value is: 0.0008359556618565532
Stopped at iteration 167. 100 items are selected. The objective value is: 0.00019067955240840656
Stopped at iteration 195. 100 items are selected. The objective value is: 0.00026889518233589964
Stopped at iteration 221. 100 items are selected. The objective value is: 0.00031075056606022993
Stopped at iteration 193. 100 items are selected. The objective value is: 0.0002563472557242149
Stopped at iteration 222. 100 items are selected. The objective value is: 0.0011825125046932032
Stopped at iteration 174. 100 items are selected. The objective value is: 0.0007686885833487587
Stopped at iteration 191. 100 items are selected. The objective value is: 0.0003447452846938462
rounds:  52%|█████▎    | 21/40 [43:05<39:31, 124.81s/it][round  21] per_acc=0.9825 glob_acc=0.8880 train_acc=0.9987 train_loss=0.027 kl(q_w||q)=1.192
Stopped at iteration 264. 100 items are selected. The objective value is: 0.00011989087837761289
Stopped at iteration 301. 100 items are selected. The objective value is: 0.0003920429988432318
Stopped at iteration 301. 100 items are selected. The objective value is: 0.0001824724809238385
Stopped at iteration 205. 100 items are selected. The objective value is: 0.000515861728926096
Stopped at iteration 216. 100 items are selected. The objective value is: 0.0005752257492205179
Stopped at iteration 152. 100 items are selected. The objective value is: 0.0004358606817963077
Stopped at iteration 255. 100 items are selected. The objective value is: 0.00030461563935880217
Stopped at iteration 204. 100 items are selected. The objective value is: 0.00023000395410370446
Stopped at iteration 249. 100 items are selected. The objective value is: 0.0001459424756075337
Stopped at iteration 301. 100 items are selected. The objective value is: 0.00042856757716675355
Stopped at iteration 301. 100 items are selected. The objective value is: 0.010296024469807562
Stopped at iteration 301. 100 items are selected. The objective value is: 0.000953074632624161
Stopped at iteration 156. 100 items are selected. The objective value is: 0.00022035686192440167
Stopped at iteration 162. 100 items are selected. The objective value is: 0.0010191825420932093
Stopped at iteration 143. 100 items are selected. The objective value is: 8.43470439724022e-05
Stopped at iteration 211. 100 items are selected. The objective value is: 0.00012483167741182528
Stopped at iteration 193. 100 items are selected. The objective value is: 0.00016387529594134731
Stopped at iteration 157. 100 items are selected. The objective value is: 7.071454503804023e-05
Stopped at iteration 204. 100 items are selected. The objective value is: 0.00021888809421780213
Stopped at iteration 220. 100 items are selected. The objective value is: 0.00017981933725023176
Stopped at iteration 239. 100 items are selected. The objective value is: 0.0002102588069333408
Stopped at iteration 213. 100 items are selected. The objective value is: 0.0002921121064771672
Stopped at iteration 242. 100 items are selected. The objective value is: 0.0002478055751670432
Stopped at iteration 181. 100 items are selected. The objective value is: 0.00024113469858683722
Stopped at iteration 139. 100 items are selected. The objective value is: 0.00025616193210819567
Stopped at iteration 191. 100 items are selected. The objective value is: 0.00029504873004675846
Stopped at iteration 190. 100 items are selected. The objective value is: 0.00013702571490897394
Stopped at iteration 184. 100 items are selected. The objective value is: 0.00029486930560069515
Stopped at iteration 222. 100 items are selected. The objective value is: 0.0007088584919465454
Stopped at iteration 182. 100 items are selected. The objective value is: 0.0005313438553251428
rounds:  55%|█████▌    | 22/40 [45:32<39:31, 131.73s/it][round  22] per_acc=0.9827 glob_acc=0.8935 train_acc=0.9990 train_loss=0.030 kl(q_w||q)=1.103
Stopped at iteration 242. 100 items are selected. The objective value is: 0.00018563267823811286
Stopped at iteration 242. 100 items are selected. The objective value is: 0.00010459741235824197
Stopped at iteration 301. 100 items are selected. The objective value is: 0.0006565004413969539
Stopped at iteration 141. 100 items are selected. The objective value is: 0.0007942194121828642
Stopped at iteration 181. 100 items are selected. The objective value is: 0.0004010365157754758
Stopped at iteration 242. 100 items are selected. The objective value is: 0.0004929586152394032
Stopped at iteration 214. 100 items are selected. The objective value is: 0.0002154302425789442
Stopped at iteration 203. 100 items are selected. The objective value is: 0.0003957056610661565
Stopped at iteration 287. 100 items are selected. The objective value is: 0.00011475829918780665
Stopped at iteration 301. 100 items are selected. The objective value is: 0.0026472558440592533
Stopped at iteration 301. 100 items are selected. The objective value is: 0.003888464213159225
Stopped at iteration 301. 100 items are selected. The objective value is: 0.003176560440939547
Stopped at iteration 168. 100 items are selected. The objective value is: 0.00027579248150206193
Stopped at iteration 162. 100 items are selected. The objective value is: 0.00035129155226606306
Stopped at iteration 252. 100 items are selected. The objective value is: 0.0002328582164393215
Stopped at iteration 223. 100 items are selected. The objective value is: 0.00017876414536005758
Stopped at iteration 159. 100 items are selected. The objective value is: 0.00012612887484057366
Stopped at iteration 203. 100 items are selected. The objective value is: 0.00024841675725127796
Stopped at iteration 211. 100 items are selected. The objective value is: 0.0004697348540098123
Stopped at iteration 207. 100 items are selected. The objective value is: 0.0004920460141409196
Stopped at iteration 288. 100 items are selected. The objective value is: 0.00014589623312588233
Stopped at iteration 235. 100 items are selected. The objective value is: 0.00027711769699310696
Stopped at iteration 269. 100 items are selected. The objective value is: 0.0003779788935934845
Stopped at iteration 145. 100 items are selected. The objective value is: 0.00019121532455792912
Stopped at iteration 137. 100 items are selected. The objective value is: 0.00032548814212805886
Stopped at iteration 176. 100 items are selected. The objective value is: 0.00020653821674238379
Stopped at iteration 184. 100 items are selected. The objective value is: 0.00021055503058165076
Stopped at iteration 181. 100 items are selected. The objective value is: 0.0012868721010429953
Stopped at iteration 153. 100 items are selected. The objective value is: 0.00027392261463522944
Stopped at iteration 119. 100 items are selected. The objective value is: 0.00044099355974295504
rounds:  57%|█████▊    | 23/40 [48:01<38:42, 136.64s/it][round  23] per_acc=0.9807 glob_acc=0.8857 train_acc=0.9987 train_loss=0.023 kl(q_w||q)=0.933
Stopped at iteration 250. 100 items are selected. The objective value is: 0.00018501733385264545
Stopped at iteration 265. 100 items are selected. The objective value is: 0.00017768348829557768
Stopped at iteration 285. 100 items are selected. The objective value is: 0.00012692311472186057
Stopped at iteration 142. 100 items are selected. The objective value is: 0.00036911696778738317
Stopped at iteration 132. 100 items are selected. The objective value is: 0.00020251799295188235
Stopped at iteration 163. 100 items are selected. The objective value is: 0.0004161592117350352
Stopped at iteration 270. 100 items are selected. The objective value is: 0.0004805040593219623
Stopped at iteration 185. 100 items are selected. The objective value is: 0.00013076595625412775
Stopped at iteration 223. 100 items are selected. The objective value is: 7.438151334645209e-05
Stopped at iteration 301. 100 items are selected. The objective value is: 0.006189236371422794
Stopped at iteration 301. 100 items are selected. The objective value is: 0.0003078711753784728
Stopped at iteration 301. 100 items are selected. The objective value is: 0.0017861588870649297
Stopped at iteration 163. 100 items are selected. The objective value is: 0.000554565161140946
Stopped at iteration 205. 100 items are selected. The objective value is: 0.0001053005724282733
Stopped at iteration 181. 100 items are selected. The objective value is: 0.00025003090041355593
Stopped at iteration 201. 100 items are selected. The objective value is: 0.00021073924417240104
Stopped at iteration 234. 100 items are selected. The objective value is: 0.00015058720570515483
Stopped at iteration 194. 100 items are selected. The objective value is: 5.969194270826545e-05
Stopped at iteration 189. 100 items are selected. The objective value is: 0.00024932579096945617
Stopped at iteration 238. 100 items are selected. The objective value is: 0.0004000741435222385
Stopped at iteration 279. 100 items are selected. The objective value is: 0.0004094979293483274
Stopped at iteration 159. 100 items are selected. The objective value is: 0.00015850555412518595
Stopped at iteration 211. 100 items are selected. The objective value is: 0.0006668156050396959
Stopped at iteration 172. 100 items are selected. The objective value is: 0.00017418440267728716
Stopped at iteration 183. 100 items are selected. The objective value is: 0.00012000652081415968
Stopped at iteration 235. 100 items are selected. The objective value is: 0.00017825169320237144
Stopped at iteration 231. 100 items are selected. The objective value is: 0.0001853326652436335
Stopped at iteration 168. 100 items are selected. The objective value is: 0.0002936134652659438
Stopped at iteration 169. 100 items are selected. The objective value is: 0.00021203830222057583
Stopped at iteration 205. 100 items are selected. The objective value is: 0.00022010278781077372
rounds:  60%|██████    | 24/40 [50:04<35:22, 132.67s/it][round  24] per_acc=0.9802 glob_acc=0.8892 train_acc=0.9989 train_loss=0.023 kl(q_w||q)=0.947
Stopped at iteration 145. 100 items are selected. The objective value is: 5.3588585120997e-05
Stopped at iteration 301. 100 items are selected. The objective value is: 0.0001659749460265846
Stopped at iteration 301. 100 items are selected. The objective value is: 0.00036527596156931433
Stopped at iteration 172. 100 items are selected. The objective value is: 0.00020197517839237663
Stopped at iteration 168. 100 items are selected. The objective value is: 0.0003285081143717995
Stopped at iteration 193. 100 items are selected. The objective value is: 0.00046454183539537105
Stopped at iteration 301. 100 items are selected. The objective value is: 0.00028595147707584546
Stopped at iteration 140. 100 items are selected. The objective value is: 6.978299062868214e-05
Stopped at iteration 219. 100 items are selected. The objective value is: 8.842140294990103e-05
Stopped at iteration 301. 100 items are selected. The objective value is: 0.003275912935460547
Stopped at iteration 301. 100 items are selected. The objective value is: 0.0017700688069833092
Stopped at iteration 301. 100 items are selected. The objective value is: 0.013165971214090494
Stopped at iteration 176. 100 items are selected. The objective value is: 0.00022521340299833
Stopped at iteration 230. 100 items are selected. The objective value is: 0.0009554839787731323
Stopped at iteration 144. 100 items are selected. The objective value is: 0.00028548285568834433
Stopped at iteration 217. 100 items are selected. The objective value is: 0.0002855069920740838
Stopped at iteration 251. 100 items are selected. The objective value is: 6.832243820515474e-05
Stopped at iteration 177. 100 items are selected. The objective value is: 8.137669825392808e-05
Stopped at iteration 188. 100 items are selected. The objective value is: 0.0007893359892364411
Stopped at iteration 301. 100 items are selected. The objective value is: 0.0011331366290496454
Stopped at iteration 218. 100 items are selected. The objective value is: 0.00015091832359414212
Stopped at iteration 201. 100 items are selected. The objective value is: 0.0005128816731104085
Stopped at iteration 256. 100 items are selected. The objective value is: 0.0005064106807835343
Stopped at iteration 176. 100 items are selected. The objective value is: 0.00016541708318580753
Stopped at iteration 301. 100 items are selected. The objective value is: 0.007084734721822287
Stopped at iteration 161. 100 items are selected. The objective value is: 9.613573309181138e-05
Stopped at iteration 184. 100 items are selected. The objective value is: 0.0002643007608026428
Stopped at iteration 200. 100 items are selected. The objective value is: 0.0005273934040076205
Stopped at iteration 127. 100 items are selected. The objective value is: 0.00033165578494875376
Stopped at iteration 220. 100 items are selected. The objective value is: 0.00023038015579266547
rounds:  62%|██████▎   | 25/40 [52:04<32:11, 128.75s/it][round  25] per_acc=0.9825 glob_acc=0.8862 train_acc=0.9995 train_loss=0.022 kl(q_w||q)=1.025
Stopped at iteration 260. 100 items are selected. The objective value is: 0.00020211414918733882
Stopped at iteration 301. 100 items are selected. The objective value is: 0.00023544142525274353
Stopped at iteration 301. 100 items are selected. The objective value is: 0.0003566872058756567
Stopped at iteration 106. 100 items are selected. The objective value is: 0.0012236157573145556
Stopped at iteration 186. 100 items are selected. The objective value is: 0.0005346141112393148
Stopped at iteration 160. 100 items are selected. The objective value is: 0.00041133188753493045
Stopped at iteration 187. 100 items are selected. The objective value is: 0.001251995298774022
Stopped at iteration 301. 100 items are selected. The objective value is: 0.0002378923908509662
Stopped at iteration 202. 100 items are selected. The objective value is: 0.00019975317214576216
Stopped at iteration 301. 100 items are selected. The objective value is: 0.003463134362276036
Stopped at iteration 301. 100 items are selected. The objective value is: 0.00553263269426385
Stopped at iteration 301. 100 items are selected. The objective value is: 0.0054798312599207465
Stopped at iteration 170. 100 items are selected. The objective value is: 0.00030567875568942183
Stopped at iteration 245. 100 items are selected. The objective value is: 0.00013740294322252156
Stopped at iteration 218. 100 items are selected. The objective value is: 0.00016970533951499715
Stopped at iteration 296. 100 items are selected. The objective value is: 0.00014255170638778392
Stopped at iteration 191. 100 items are selected. The objective value is: 5.719995252342984e-05
Stopped at iteration 208. 100 items are selected. The objective value is: 8.297106450559598e-05
Stopped at iteration 182. 100 items are selected. The objective value is: 0.00041344999344622343
Stopped at iteration 238. 100 items are selected. The objective value is: 0.00013314068762488145
Stopped at iteration 298. 100 items are selected. The objective value is: 0.00014055859130333937
Stopped at iteration 157. 100 items are selected. The objective value is: 0.000617891430331967
Stopped at iteration 189. 100 items are selected. The objective value is: 0.000264492928923218
Stopped at iteration 125. 100 items are selected. The objective value is: 0.00015691677922986626
Stopped at iteration 143. 100 items are selected. The objective value is: 0.00019598084330925232
Stopped at iteration 299. 100 items are selected. The objective value is: 0.000241809729621324
Stopped at iteration 301. 100 items are selected. The objective value is: 0.0006114484998288464
Stopped at iteration 194. 100 items are selected. The objective value is: 0.0003601218293963974
Stopped at iteration 258. 100 items are selected. The objective value is: 0.00046490540543711974
Stopped at iteration 152. 100 items are selected. The objective value is: 0.0004202258691693214
rounds:  65%|██████▌   | 26/40 [54:01<29:14, 125.35s/it][round  26] per_acc=0.9805 glob_acc=0.8997 train_acc=0.9992 train_loss=0.022 kl(q_w||q)=1.330
Stopped at iteration 196. 100 items are selected. The objective value is: 0.00017283994664389927
Stopped at iteration 205. 100 items are selected. The objective value is: 0.00011924426164224507
Stopped at iteration 293. 100 items are selected. The objective value is: 0.00010835775960556235
Stopped at iteration 129. 100 items are selected. The objective value is: 0.0005333283300743506
Stopped at iteration 155. 100 items are selected. The objective value is: 0.0006922908704212415
Stopped at iteration 153. 100 items are selected. The objective value is: 0.0003030577331458996
Stopped at iteration 301. 100 items are selected. The objective value is: 0.0002281701168594022
Stopped at iteration 276. 100 items are selected. The objective value is: 0.00022100459004382946
Stopped at iteration 174. 100 items are selected. The objective value is: 4.5212553070584285e-05
Stopped at iteration 272. 100 items are selected. The objective value is: 9.646946218127681e-05
Stopped at iteration 301. 100 items are selected. The objective value is: 0.0010895031154353396
Stopped at iteration 301. 100 items are selected. The objective value is: 0.0010974979294943493
Stopped at iteration 184. 100 items are selected. The objective value is: 0.00015852066261746214
Stopped at iteration 244. 100 items are selected. The objective value is: 0.00035417478873216895
Stopped at iteration 182. 100 items are selected. The objective value is: 0.00024020175391562952
Stopped at iteration 193. 100 items are selected. The objective value is: 0.00011409323648845685
Stopped at iteration 206. 100 items are selected. The objective value is: 5.493878768546229e-05
Stopped at iteration 201. 100 items are selected. The objective value is: 8.973908734703095e-05
Stopped at iteration 264. 100 items are selected. The objective value is: 0.0007978197617389865
Stopped at iteration 168. 100 items are selected. The objective value is: 9.661269770813914e-05
Stopped at iteration 169. 100 items are selected. The objective value is: 7.417134137414959e-05
Stopped at iteration 203. 100 items are selected. The objective value is: 0.0002774612445867037
Stopped at iteration 160. 100 items are selected. The objective value is: 0.001796670844684511
Stopped at iteration 263. 100 items are selected. The objective value is: 0.00042690360512618924
Stopped at iteration 237. 100 items are selected. The objective value is: 0.00025502319735489154
Stopped at iteration 216. 100 items are selected. The objective value is: 0.0002341144288027541
Stopped at iteration 193. 100 items are selected. The objective value is: 0.00010198468765399397
Stopped at iteration 173. 100 items are selected. The objective value is: 0.0005855323541458721
Stopped at iteration 235. 100 items are selected. The objective value is: 0.0003233668592209887
Stopped at iteration 184. 100 items are selected. The objective value is: 0.00037331089501433106
rounds:  68%|██████▊   | 27/40 [55:57<26:32, 122.54s/it][round  27] per_acc=0.9812 glob_acc=0.8995 train_acc=0.9990 train_loss=0.018 kl(q_w||q)=0.848
Stopped at iteration 280. 100 items are selected. The objective value is: 0.00037783104291019273
Stopped at iteration 236. 100 items are selected. The objective value is: 0.00015005369641012622
Stopped at iteration 240. 100 items are selected. The objective value is: 0.00014451675733835484
Stopped at iteration 164. 100 items are selected. The objective value is: 0.0006593623313850532
Stopped at iteration 175. 100 items are selected. The objective value is: 0.00023257792019093615
Stopped at iteration 291. 100 items are selected. The objective value is: 0.0006702491634156716
Stopped at iteration 228. 100 items are selected. The objective value is: 0.0002739882593913198
Stopped at iteration 301. 100 items are selected. The objective value is: 0.0009138302887497181
Stopped at iteration 280. 100 items are selected. The objective value is: 6.607926970508071e-05
Stopped at iteration 301. 100 items are selected. The objective value is: 0.0018436075167593633
Stopped at iteration 301. 100 items are selected. The objective value is: 0.0028368313203617147
Stopped at iteration 301. 100 items are selected. The objective value is: 0.0018960510786214827
Stopped at iteration 158. 100 items are selected. The objective value is: 0.00015313695377603168
Stopped at iteration 181. 100 items are selected. The objective value is: 0.00033428759640237205
Stopped at iteration 135. 100 items are selected. The objective value is: 7.597064150668805e-05
Stopped at iteration 212. 100 items are selected. The objective value is: 8.670959276459449e-05
Stopped at iteration 206. 100 items are selected. The objective value is: 7.94543576922763e-05
Stopped at iteration 251. 100 items are selected. The objective value is: 0.000134629316420997
Stopped at iteration 227. 100 items are selected. The objective value is: 0.0002735250872326337
Stopped at iteration 301. 100 items are selected. The objective value is: 0.00037294682335999664
Stopped at iteration 256. 100 items are selected. The objective value is: 0.00011013833742491916
Stopped at iteration 141. 100 items are selected. The objective value is: 0.00025775000764311504
Stopped at iteration 185. 100 items are selected. The objective value is: 0.00024638686314770524
Stopped at iteration 194. 100 items are selected. The objective value is: 0.00023785731129936742
Stopped at iteration 169. 100 items are selected. The objective value is: 0.000361769951959504
Stopped at iteration 248. 100 items are selected. The objective value is: 0.0002734552763283107
Stopped at iteration 209. 100 items are selected. The objective value is: 0.00019953090073618834
Stopped at iteration 205. 100 items are selected. The objective value is: 0.00047389660892280873
Stopped at iteration 186. 100 items are selected. The objective value is: 0.00036989888186308377
Stopped at iteration 219. 100 items are selected. The objective value is: 0.0002903146588186443
rounds:  70%|███████   | 28/40 [57:52<24:04, 120.36s/it][round  28] per_acc=0.9815 glob_acc=0.8970 train_acc=0.9993 train_loss=0.019 kl(q_w||q)=0.910
Stopped at iteration 219. 100 items are selected. The objective value is: 0.00011897711008517776
Stopped at iteration 208. 100 items are selected. The objective value is: 6.967879731024821e-05
Stopped at iteration 270. 100 items are selected. The objective value is: 0.00010290408561654387
Stopped at iteration 156. 100 items are selected. The objective value is: 0.0009612628017739745
Stopped at iteration 209. 100 items are selected. The objective value is: 0.0001805417176558096
Stopped at iteration 132. 100 items are selected. The objective value is: 0.00010177086704663614
Stopped at iteration 207. 100 items are selected. The objective value is: 9.126548128866834e-05
Stopped at iteration 258. 100 items are selected. The objective value is: 0.00014670289220398096
Stopped at iteration 281. 100 items are selected. The objective value is: 9.275230568356728e-05
Stopped at iteration 301. 100 items are selected. The objective value is: 0.0002459218033493643
Stopped at iteration 301. 100 items are selected. The objective value is: 0.002879995699584638
Stopped at iteration 301. 100 items are selected. The objective value is: 0.0001193756146322937
Stopped at iteration 252. 100 items are selected. The objective value is: 0.00036878162314776667
Stopped at iteration 164. 100 items are selected. The objective value is: 0.0002248993337280395
Stopped at iteration 182. 100 items are selected. The objective value is: 0.00018983661098233304
Stopped at iteration 250. 100 items are selected. The objective value is: 0.00010993569918610338
Stopped at iteration 170. 100 items are selected. The objective value is: 4.073386388750207e-05
Stopped at iteration 184. 100 items are selected. The objective value is: 6.021541737294602e-05
Stopped at iteration 211. 100 items are selected. The objective value is: 0.0004061011608215804
Stopped at iteration 301. 100 items are selected. The objective value is: 0.0002552515068232855
Stopped at iteration 238. 100 items are selected. The objective value is: 6.792658287086022e-05
Stopped at iteration 160. 100 items are selected. The objective value is: 0.0001353689637544312
Stopped at iteration 217. 100 items are selected. The objective value is: 0.00026973004361978154
Stopped at iteration 301. 100 items are selected. The objective value is: 0.0007387219388852702
Stopped at iteration 200. 100 items are selected. The objective value is: 0.00017696515435644777
Stopped at iteration 295. 100 items are selected. The objective value is: 0.0001935426733608069
Stopped at iteration 221. 100 items are selected. The objective value is: 0.0001970787158542943
Stopped at iteration 118. 100 items are selected. The objective value is: 0.00033036884951261747
Stopped at iteration 169. 100 items are selected. The objective value is: 0.0003382083446418602
Stopped at iteration 218. 100 items are selected. The objective value is: 0.0006770017889875911
rounds:  72%|███████▎  | 29/40 [59:49<21:53, 119.39s/it][round  29] per_acc=0.9812 glob_acc=0.8992 train_acc=0.9997 train_loss=0.018 kl(q_w||q)=0.764
Stopped at iteration 233. 100 items are selected. The objective value is: 0.00022584540208354115
Stopped at iteration 301. 100 items are selected. The objective value is: 0.00036509323620399466
Stopped at iteration 301. 100 items are selected. The objective value is: 0.0007496302408747038
Stopped at iteration 162. 100 items are selected. The objective value is: 0.0005321128470808647
Stopped at iteration 122. 100 items are selected. The objective value is: 0.00045221963533054166
Stopped at iteration 220. 100 items are selected. The objective value is: 0.0002889044896041276
Stopped at iteration 237. 100 items are selected. The objective value is: 0.0008887902016234645
Stopped at iteration 258. 100 items are selected. The objective value is: 9.054895567605953e-05
Stopped at iteration 219. 100 items are selected. The objective value is: 0.0001380622803659343
Stopped at iteration 301. 100 items are selected. The objective value is: 0.0006845121900480976
Stopped at iteration 301. 100 items are selected. The objective value is: 0.002849211963118285
Stopped at iteration 301. 100 items are selected. The objective value is: 0.0016157336790259213
Stopped at iteration 187. 100 items are selected. The objective value is: 0.0005244482185351278
Stopped at iteration 187. 100 items are selected. The objective value is: 0.00021751478250530722
Stopped at iteration 292. 100 items are selected. The objective value is: 0.00043488234998120107
Stopped at iteration 191. 100 items are selected. The objective value is: 6.432463265885311e-05
Stopped at iteration 186. 100 items are selected. The objective value is: 4.177279951830575e-05
Stopped at iteration 223. 100 items are selected. The objective value is: 8.501421465116395e-05
Stopped at iteration 212. 100 items are selected. The objective value is: 0.00033552002236684705
Stopped at iteration 263. 100 items are selected. The objective value is: 0.00011427921260270135
Stopped at iteration 280. 100 items are selected. The objective value is: 0.00011062223751289901
Stopped at iteration 194. 100 items are selected. The objective value is: 0.00021372232457023138
Stopped at iteration 198. 100 items are selected. The objective value is: 0.00012789440314367738
Stopped at iteration 265. 100 items are selected. The objective value is: 0.00014100890709936207
Stopped at iteration 228. 100 items are selected. The objective value is: 0.0004003459570267931
Stopped at iteration 172. 100 items are selected. The objective value is: 0.0004283749934070293
Stopped at iteration 262. 100 items are selected. The objective value is: 0.00016220158830692547
Stopped at iteration 232. 100 items are selected. The objective value is: 0.000492245577184441
Stopped at iteration 154. 100 items are selected. The objective value is: 0.0002371498856174235
Stopped at iteration 176. 100 items are selected. The objective value is: 0.00018722122365332375
rounds:  75%|███████▌  | 30/40 [1:01:55<20:13, 121.38s/it][round  30] per_acc=0.9810 glob_acc=0.9003 train_acc=0.9996 train_loss=0.016 kl(q_w||q)=0.804
Stopped at iteration 301. 100 items are selected. The objective value is: 0.0007594519129522461
Stopped at iteration 267. 100 items are selected. The objective value is: 0.0001244977475999519
Stopped at iteration 301. 100 items are selected. The objective value is: 0.00019569377028882604
Stopped at iteration 153. 100 items are selected. The objective value is: 0.0003380378531002895
Stopped at iteration 173. 100 items are selected. The objective value is: 0.0007424019618238951
Stopped at iteration 187. 100 items are selected. The objective value is: 0.0005694057378652071
Stopped at iteration 301. 100 items are selected. The objective value is: 0.0020103732312761664
Stopped at iteration 206. 100 items are selected. The objective value is: 0.00013609364926848655
Stopped at iteration 301. 100 items are selected. The objective value is: 0.00029362282531198873
Stopped at iteration 301. 100 items are selected. The objective value is: 0.003993316884953713
Stopped at iteration 301. 100 items are selected. The objective value is: 0.0016988070515580593
Stopped at iteration 301. 100 items are selected. The objective value is: 0.0022102128107541023
Stopped at iteration 171. 100 items are selected. The objective value is: 0.00016891409066379634
Stopped at iteration 189. 100 items are selected. The objective value is: 0.00014511386868199503
Stopped at iteration 172. 100 items are selected. The objective value is: 0.00022507804186105643
Stopped at iteration 241. 100 items are selected. The objective value is: 0.0001266810631637574
Stopped at iteration 147. 100 items are selected. The objective value is: 3.0449363097304366e-05
Stopped at iteration 301. 100 items are selected. The objective value is: 0.0014417720872970691
Stopped at iteration 301. 100 items are selected. The objective value is: 0.0014432294186593761
Stopped at iteration 263. 100 items are selected. The objective value is: 0.00013112985231710387
Stopped at iteration 301. 100 items are selected. The objective value is: 0.003518173539389974
Stopped at iteration 156. 100 items are selected. The objective value is: 0.00030524055630428305
Stopped at iteration 301. 100 items are selected. The objective value is: 0.008975481610808836
Stopped at iteration 199. 100 items are selected. The objective value is: 0.00031187396964313537
Stopped at iteration 181. 100 items are selected. The objective value is: 0.00021778754220827756
Stopped at iteration 232. 100 items are selected. The objective value is: 0.0003681600332309016
Stopped at iteration 192. 100 items are selected. The objective value is: 0.00010425122425327798
Stopped at iteration 172. 100 items are selected. The objective value is: 0.00026638492021489337
Stopped at iteration 180. 100 items are selected. The objective value is: 0.000435579482758785
Stopped at iteration 180. 100 items are selected. The objective value is: 0.0002140052623965276
rounds:  78%|███████▊  | 31/40 [1:03:57<18:12, 121.34s/it][round  31] per_acc=0.9802 glob_acc=0.9013 train_acc=0.9997 train_loss=0.015 kl(q_w||q)=0.806
Stopped at iteration 169. 100 items are selected. The objective value is: 0.00012595117060143311
Stopped at iteration 301. 100 items are selected. The objective value is: 0.0015028037420221547
Stopped at iteration 301. 100 items are selected. The objective value is: 0.00025802873292281444
Stopped at iteration 154. 100 items are selected. The objective value is: 0.00028531871806935664
Stopped at iteration 164. 100 items are selected. The objective value is: 0.00041688021166474737
Stopped at iteration 276. 100 items are selected. The objective value is: 0.00032305224938197877
Stopped at iteration 243. 100 items are selected. The objective value is: 8.73142249980141e-05
Stopped at iteration 268. 100 items are selected. The objective value is: 0.0007566150181000996
Stopped at iteration 207. 100 items are selected. The objective value is: 7.504555841460245e-05
Stopped at iteration 301. 100 items are selected. The objective value is: 0.0028395763685188833
Stopped at iteration 301. 100 items are selected. The objective value is: 0.0325065695956296
Stopped at iteration 301. 100 items are selected. The objective value is: 0.004053692702892781
Stopped at iteration 212. 100 items are selected. The objective value is: 0.00014807632333189592
Stopped at iteration 263. 100 items are selected. The objective value is: 0.0001977674913040569
Stopped at iteration 172. 100 items are selected. The objective value is: 0.00018418266777733768
Stopped at iteration 198. 100 items are selected. The objective value is: 3.4937362471872546e-05
Stopped at iteration 185. 100 items are selected. The objective value is: 6.882550539649635e-05
Stopped at iteration 262. 100 items are selected. The objective value is: 5.6777754974369624e-05
Stopped at iteration 197. 100 items are selected. The objective value is: 0.00012741947729391032
Stopped at iteration 301. 100 items are selected. The objective value is: 0.0006249273791168817
Stopped at iteration 158. 100 items are selected. The objective value is: 0.0001248420148321565
Stopped at iteration 242. 100 items are selected. The objective value is: 0.0004856329016056084
Stopped at iteration 198. 100 items are selected. The objective value is: 0.0001969351247238413
Stopped at iteration 173. 100 items are selected. The objective value is: 8.683572084402358e-05
Stopped at iteration 160. 100 items are selected. The objective value is: 0.0001938652263406281
Stopped at iteration 174. 100 items are selected. The objective value is: 0.00012179576325110264
Stopped at iteration 172. 100 items are selected. The objective value is: 0.00013279203409065463
Stopped at iteration 166. 100 items are selected. The objective value is: 0.0006468474289129071
Stopped at iteration 143. 100 items are selected. The objective value is: 0.00020298623903060572
Stopped at iteration 180. 100 items are selected. The objective value is: 0.0003206765745740499
rounds:  80%|████████  | 32/40 [1:06:02<16:19, 122.46s/it][round  32] per_acc=0.9817 glob_acc=0.9015 train_acc=0.9998 train_loss=0.013 kl(q_w||q)=0.797
Stopped at iteration 251. 100 items are selected. The objective value is: 0.00010276500958891038
Stopped at iteration 197. 100 items are selected. The objective value is: 6.358965542198253e-05
Stopped at iteration 270. 100 items are selected. The objective value is: 4.8363590359883874e-05
Stopped at iteration 124. 100 items are selected. The objective value is: 0.00013670730568762188
Stopped at iteration 218. 100 items are selected. The objective value is: 0.0003125386705737988
Stopped at iteration 183. 100 items are selected. The objective value is: 0.00015333240025365485
Stopped at iteration 273. 100 items are selected. The objective value is: 0.00015800722851650058
Stopped at iteration 298. 100 items are selected. The objective value is: 0.00011847142284746475
Stopped at iteration 301. 100 items are selected. The objective value is: 0.0001374940433342109
Stopped at iteration 301. 100 items are selected. The objective value is: 0.0006204425303274952
Stopped at iteration 301. 100 items are selected. The objective value is: 0.003334168509044141
Stopped at iteration 301. 100 items are selected. The objective value is: 0.0003550642701797068
Stopped at iteration 205. 100 items are selected. The objective value is: 0.00022735633092557813
Stopped at iteration 231. 100 items are selected. The objective value is: 0.00021131262777033798
Stopped at iteration 276. 100 items are selected. The objective value is: 0.00021917855056313926
Stopped at iteration 301. 100 items are selected. The objective value is: 0.0018350203815359573
Stopped at iteration 253. 100 items are selected. The objective value is: 7.674257692851572e-05
Stopped at iteration 204. 100 items are selected. The objective value is: 2.2799900491515982e-05
Stopped at iteration 301. 100 items are selected. The objective value is: 0.0006151403101429501
Stopped at iteration 210. 100 items are selected. The objective value is: 9.713343523216288e-05
Stopped at iteration 301. 100 items are selected. The objective value is: 0.013485227622386733
Stopped at iteration 237. 100 items are selected. The objective value is: 0.00023126824706367567
Stopped at iteration 292. 100 items are selected. The objective value is: 0.0003234191725382562
Stopped at iteration 238. 100 items are selected. The objective value is: 9.194488268082504e-05
Stopped at iteration 190. 100 items are selected. The objective value is: 0.0006428173278175674
Stopped at iteration 240. 100 items are selected. The objective value is: 0.00025774671502905067
Stopped at iteration 201. 100 items are selected. The objective value is: 0.00011295344141819342
Stopped at iteration 146. 100 items are selected. The objective value is: 0.0005914601157648029
Stopped at iteration 178. 100 items are selected. The objective value is: 0.0003837406495158662
Stopped at iteration 223. 100 items are selected. The objective value is: 0.00012342892173530814
rounds:  82%|████████▎ | 33/40 [1:08:11<14:32, 124.59s/it][round  33] per_acc=0.9805 glob_acc=0.9103 train_acc=0.9998 train_loss=0.013 kl(q_w||q)=0.769
Stopped at iteration 179. 100 items are selected. The objective value is: 3.527533933718864e-05
Stopped at iteration 298. 100 items are selected. The objective value is: 8.602825514528352e-05
Stopped at iteration 282. 100 items are selected. The objective value is: 0.00018817013317253865
Stopped at iteration 128. 100 items are selected. The objective value is: 0.00010799761534861416
Stopped at iteration 158. 100 items are selected. The objective value is: 0.00016434267742691924
Stopped at iteration 169. 100 items are selected. The objective value is: 0.00030694954466577726
Stopped at iteration 301. 100 items are selected. The objective value is: 0.000290678459817434
Stopped at iteration 301. 100 items are selected. The objective value is: 0.0001255936287680832
Stopped at iteration 193. 100 items are selected. The objective value is: 0.00011358399889613055
Stopped at iteration 301. 100 items are selected. The objective value is: 0.0011722478785360277
Stopped at iteration 301. 100 items are selected. The objective value is: 0.006216259655008303
Stopped at iteration 301. 100 items are selected. The objective value is: 0.0006500454135196243
Stopped at iteration 135. 100 items are selected. The objective value is: 0.00030994115960228613
Stopped at iteration 138. 100 items are selected. The objective value is: 0.0001794544302098668
Stopped at iteration 210. 100 items are selected. The objective value is: 0.0001585277065918635
Stopped at iteration 170. 100 items are selected. The objective value is: 9.556474825608635e-05
Stopped at iteration 207. 100 items are selected. The objective value is: 3.708334744225398e-05
Stopped at iteration 210. 100 items are selected. The objective value is: 4.1720638909667766e-05
Stopped at iteration 213. 100 items are selected. The objective value is: 0.00015587263684349142
Stopped at iteration 221. 100 items are selected. The objective value is: 0.00011740900390597654
Stopped at iteration 294. 100 items are selected. The objective value is: 0.00030156396692883905
Stopped at iteration 286. 100 items are selected. The objective value is: 0.0010331958197176655
Stopped at iteration 257. 100 items are selected. The objective value is: 0.00014336700231373797
Stopped at iteration 253. 100 items are selected. The objective value is: 0.00011964069636515079
Stopped at iteration 301. 100 items are selected. The objective value is: 0.00047614476484053104
Stopped at iteration 258. 100 items are selected. The objective value is: 0.00022507753043435135
Stopped at iteration 202. 100 items are selected. The objective value is: 0.0001711254933266339
Stopped at iteration 127. 100 items are selected. The objective value is: 0.00025307040528666175
Stopped at iteration 260. 100 items are selected. The objective value is: 0.0010340031697689725
Stopped at iteration 200. 100 items are selected. The objective value is: 0.0004079302292317627
rounds:  85%|████████▌ | 34/40 [1:10:23<12:40, 126.69s/it][round  34] per_acc=0.9835 glob_acc=0.9085 train_acc=0.9999 train_loss=0.014 kl(q_w||q)=0.755
Stopped at iteration 273. 100 items are selected. The objective value is: 9.911484155984651e-05
Stopped at iteration 292. 100 items are selected. The objective value is: 0.00015288469428135666
Stopped at iteration 259. 100 items are selected. The objective value is: 4.596111093597908e-05
Stopped at iteration 237. 100 items are selected. The objective value is: 0.00031732395625365487
Stopped at iteration 164. 100 items are selected. The objective value is: 0.0001719370571843546
Stopped at iteration 185. 100 items are selected. The objective value is: 0.0005736547366553468
Stopped at iteration 301. 100 items are selected. The objective value is: 0.003700798146615575
Stopped at iteration 291. 100 items are selected. The objective value is: 0.00012146244882383697
Stopped at iteration 301. 100 items are selected. The objective value is: 8.804999945697603e-05
Stopped at iteration 301. 100 items are selected. The objective value is: 0.018838063258690085
Stopped at iteration 301. 100 items are selected. The objective value is: 0.0010612761422205295
Stopped at iteration 301. 100 items are selected. The objective value is: 0.0023457072363264916
Stopped at iteration 173. 100 items are selected. The objective value is: 0.00021618414480314532
Stopped at iteration 243. 100 items are selected. The objective value is: 0.00026006434080178085
Stopped at iteration 211. 100 items are selected. The objective value is: 0.00014677031673646998
Stopped at iteration 255. 100 items are selected. The objective value is: 8.002542728708239e-05
Stopped at iteration 294. 100 items are selected. The objective value is: 4.07358796229509e-05
Stopped at iteration 233. 100 items are selected. The objective value is: 2.6509765483875644e-05
Stopped at iteration 248. 100 items are selected. The objective value is: 0.00014239127466553978
Stopped at iteration 226. 100 items are selected. The objective value is: 0.00013282003401579492
Stopped at iteration 201. 100 items are selected. The objective value is: 0.00018923955546105292
Stopped at iteration 244. 100 items are selected. The objective value is: 0.00021439746969786612
Stopped at iteration 301. 100 items are selected. The objective value is: 0.002081703402872417
Stopped at iteration 301. 100 items are selected. The objective value is: 0.0002610667626210415
Stopped at iteration 218. 100 items are selected. The objective value is: 0.00016107749757651645
Stopped at iteration 142. 100 items are selected. The objective value is: 0.0002173473100388418
Stopped at iteration 281. 100 items are selected. The objective value is: 0.00012147793649003828
Stopped at iteration 164. 100 items are selected. The objective value is: 0.0004389090361413764
Stopped at iteration 178. 100 items are selected. The objective value is: 0.00021563627523983584
Stopped at iteration 301. 100 items are selected. The objective value is: 0.0005205131798144898
rounds:  88%|████████▊ | 35/40 [1:12:53<11:08, 133.70s/it][round  35] per_acc=0.9794 glob_acc=0.9163 train_acc=0.9999 train_loss=0.013 kl(q_w||q)=0.965
Stopped at iteration 239. 100 items are selected. The objective value is: 8.425074723033894e-05
Stopped at iteration 262. 100 items are selected. The objective value is: 7.88927484677492e-05
Stopped at iteration 251. 100 items are selected. The objective value is: 0.00011502935547182904
Stopped at iteration 164. 100 items are selected. The objective value is: 0.0004470558092343923
Stopped at iteration 173. 100 items are selected. The objective value is: 0.000157429703115986
Stopped at iteration 139. 100 items are selected. The objective value is: 0.00011371664782580989
Stopped at iteration 301. 100 items are selected. The objective value is: 0.0010207190068119024
Stopped at iteration 288. 100 items are selected. The objective value is: 0.0003161552736579241
Stopped at iteration 301. 100 items are selected. The objective value is: 8.499389088574612e-05
Stopped at iteration 301. 100 items are selected. The objective value is: 0.0034233830254415494
Stopped at iteration 301. 100 items are selected. The objective value is: 0.0007959365632738652
Stopped at iteration 301. 100 items are selected. The objective value is: 0.00043645116445139843
Stopped at iteration 172. 100 items are selected. The objective value is: 0.00027786663392011235
Stopped at iteration 182. 100 items are selected. The objective value is: 0.0001767117508526381
Stopped at iteration 189. 100 items are selected. The objective value is: 0.00015909455357897818
Stopped at iteration 185. 100 items are selected. The objective value is: 4.7294577808071664e-05
Stopped at iteration 301. 100 items are selected. The objective value is: 0.00035231813208234567
Stopped at iteration 288. 100 items are selected. The objective value is: 3.27483080577196e-05
Stopped at iteration 178. 100 items are selected. The objective value is: 0.0012642903269249855
Stopped at iteration 301. 100 items are selected. The objective value is: 0.05209997780031166
Stopped at iteration 301. 100 items are selected. The objective value is: 0.0001512567642177885
Stopped at iteration 154. 100 items are selected. The objective value is: 0.00013342748047829206
Stopped at iteration 276. 100 items are selected. The objective value is: 0.000531450393686608
Stopped at iteration 186. 100 items are selected. The objective value is: 9.647123214960162e-05
Stopped at iteration 203. 100 items are selected. The objective value is: 0.0002988283276523582
Stopped at iteration 185. 100 items are selected. The objective value is: 9.1739460490997e-05
Stopped at iteration 267. 100 items are selected. The objective value is: 9.526396406974001e-05
Stopped at iteration 184. 100 items are selected. The objective value is: 0.0005089845704060296
Stopped at iteration 177. 100 items are selected. The objective value is: 0.0001848301752891149
Stopped at iteration 178. 100 items are selected. The objective value is: 0.0001302116932914478
rounds:  90%|█████████ | 36/40 [1:15:14<09:03, 135.87s/it][round  36] per_acc=0.9825 glob_acc=0.9083 train_acc=0.9999 train_loss=0.012 kl(q_w||q)=0.586
Stopped at iteration 301. 100 items are selected. The objective value is: 0.0005324156069803232
Stopped at iteration 301. 100 items are selected. The objective value is: 0.00022554629080229695
Stopped at iteration 285. 100 items are selected. The objective value is: 4.999827295387899e-05
Stopped at iteration 214. 100 items are selected. The objective value is: 0.000595601387665268
Stopped at iteration 214. 100 items are selected. The objective value is: 0.0002396369633879804
Stopped at iteration 232. 100 items are selected. The objective value is: 0.00018372032695687543
Stopped at iteration 301. 100 items are selected. The objective value is: 0.00017826696257146636
Stopped at iteration 301. 100 items are selected. The objective value is: 0.0028742976493868833
Stopped at iteration 301. 100 items are selected. The objective value is: 0.00028089514720228115
Stopped at iteration 301. 100 items are selected. The objective value is: 0.002209925228286306
Stopped at iteration 301. 100 items are selected. The objective value is: 0.004453576489432265
Stopped at iteration 301. 100 items are selected. The objective value is: 0.00045709609179702765
Stopped at iteration 193. 100 items are selected. The objective value is: 0.00027526265400269767
Stopped at iteration 220. 100 items are selected. The objective value is: 0.0003127976301976468
Stopped at iteration 237. 100 items are selected. The objective value is: 0.00011383286103781767
Stopped at iteration 212. 100 items are selected. The objective value is: 8.635390531295754e-05
Stopped at iteration 285. 100 items are selected. The objective value is: 8.206929879579742e-05
Stopped at iteration 184. 100 items are selected. The objective value is: 2.982548869009359e-05
Stopped at iteration 183. 100 items are selected. The objective value is: 0.00012622297050469825
Stopped at iteration 297. 100 items are selected. The objective value is: 0.00021939682035217363
Stopped at iteration 190. 100 items are selected. The objective value is: 4.884589750403158e-05
Stopped at iteration 301. 100 items are selected. The objective value is: 0.00042835748407959827
Stopped at iteration 200. 100 items are selected. The objective value is: 0.00011249077058113452
Stopped at iteration 240. 100 items are selected. The objective value is: 0.00015138801874432184
Stopped at iteration 206. 100 items are selected. The objective value is: 0.00012281048059218424
Stopped at iteration 301. 100 items are selected. The objective value is: 0.0006813276467640486
Stopped at iteration 172. 100 items are selected. The objective value is: 5.1156811456194715e-05
Stopped at iteration 174. 100 items are selected. The objective value is: 0.00022272747128319702
Stopped at iteration 137. 100 items are selected. The objective value is: 0.0003723115400096601
Stopped at iteration 132. 100 items are selected. The objective value is: 0.00020145500190512568
rounds:  92%|█████████▎| 37/40 [1:17:41<06:57, 139.12s/it][round  37] per_acc=0.9837 glob_acc=0.9065 train_acc=0.9997 train_loss=0.010 kl(q_w||q)=0.560
Stopped at iteration 288. 100 items are selected. The objective value is: 0.00021113588396830938
Stopped at iteration 264. 100 items are selected. The objective value is: 9.23581538356666e-05
Stopped at iteration 301. 100 items are selected. The objective value is: 5.597075320944896e-05
Stopped at iteration 154. 100 items are selected. The objective value is: 0.00026163614608861537
Stopped at iteration 140. 100 items are selected. The objective value is: 9.75141845902058e-05
Stopped at iteration 153. 100 items are selected. The objective value is: 0.00016605182455318684
Stopped at iteration 288. 100 items are selected. The objective value is: 6.981636995291221e-05
Stopped at iteration 289. 100 items are selected. The objective value is: 0.00012228185192687978
Stopped at iteration 301. 100 items are selected. The objective value is: 0.00017690811287314733
Stopped at iteration 301. 100 items are selected. The objective value is: 0.00023820400029167564
Stopped at iteration 301. 100 items are selected. The objective value is: 0.0002816254133500162
Stopped at iteration 301. 100 items are selected. The objective value is: 0.0019906313430104036
Stopped at iteration 149. 100 items are selected. The objective value is: 0.0001265796882123394
Stopped at iteration 244. 100 items are selected. The objective value is: 0.00016472479479807405
Stopped at iteration 293. 100 items are selected. The objective value is: 0.00012633818998794664
Stopped at iteration 161. 100 items are selected. The objective value is: 4.691422193821346e-05
Stopped at iteration 230. 100 items are selected. The objective value is: 3.0066736075773328e-05
Stopped at iteration 185. 100 items are selected. The objective value is: 2.2312330947319553e-05
Stopped at iteration 220. 100 items are selected. The objective value is: 8.750116294113239e-05
Stopped at iteration 292. 100 items are selected. The objective value is: 0.0001284139374799182
Stopped at iteration 201. 100 items are selected. The objective value is: 0.00021000320414889007
Stopped at iteration 245. 100 items are selected. The objective value is: 0.0002162768925703039
Stopped at iteration 230. 100 items are selected. The objective value is: 8.051309759794677e-05
Stopped at iteration 172. 100 items are selected. The objective value is: 0.00017426347776847438
Stopped at iteration 246. 100 items are selected. The objective value is: 0.00016426779288796143
Stopped at iteration 190. 100 items are selected. The objective value is: 0.00011569188465484049
Stopped at iteration 258. 100 items are selected. The objective value is: 8.86648485002684e-05
Stopped at iteration 190. 100 items are selected. The objective value is: 0.0002630478898409613
Stopped at iteration 161. 100 items are selected. The objective value is: 9.300744170818043e-05
Stopped at iteration 164. 100 items are selected. The objective value is: 0.00023545151614990645
rounds:  95%|█████████▌| 38/40 [1:19:47<04:30, 135.38s/it][round  38] per_acc=0.9820 glob_acc=0.9183 train_acc=0.9999 train_loss=0.011 kl(q_w||q)=0.430
Stopped at iteration 263. 100 items are selected. The objective value is: 5.109743888311809e-05
Stopped at iteration 301. 100 items are selected. The objective value is: 0.0008661952878863493
Stopped at iteration 152. 100 items are selected. The objective value is: 2.5244261687483634e-05
Stopped at iteration 189. 100 items are selected. The objective value is: 0.00018781406792188634
Stopped at iteration 232. 100 items are selected. The objective value is: 0.0003795689762443792
Stopped at iteration 212. 100 items are selected. The objective value is: 0.0001312614154680151
Stopped at iteration 268. 100 items are selected. The objective value is: 7.268837531487421e-05
Stopped at iteration 235. 100 items are selected. The objective value is: 8.252110579754919e-05
Stopped at iteration 237. 100 items are selected. The objective value is: 2.7908614623439767e-05
Stopped at iteration 301. 100 items are selected. The objective value is: 0.0022984295964901544
Stopped at iteration 301. 100 items are selected. The objective value is: 0.001890356268363063
Stopped at iteration 301. 100 items are selected. The objective value is: 0.004256994629188687
Stopped at iteration 159. 100 items are selected. The objective value is: 0.00013374812049811314
Stopped at iteration 246. 100 items are selected. The objective value is: 0.00019821280704428656
Stopped at iteration 254. 100 items are selected. The objective value is: 0.0002107840142430346
Stopped at iteration 192. 100 items are selected. The objective value is: 0.00021094442006572108
Stopped at iteration 271. 100 items are selected. The objective value is: 4.6120003995831924e-05
Stopped at iteration 270. 100 items are selected. The objective value is: 6.642183190993557e-05
Stopped at iteration 240. 100 items are selected. The objective value is: 0.00019562998497503608
Stopped at iteration 301. 100 items are selected. The objective value is: 0.000900773747887727
Stopped at iteration 273. 100 items are selected. The objective value is: 5.088446661227522e-05
Stopped at iteration 179. 100 items are selected. The objective value is: 0.00011531479191985714
Stopped at iteration 250. 100 items are selected. The objective value is: 0.00015739282078343068
Stopped at iteration 236. 100 items are selected. The objective value is: 0.0014483392618681497
Stopped at iteration 210. 100 items are selected. The objective value is: 0.00022300148789605368
Stopped at iteration 258. 100 items are selected. The objective value is: 0.0001115342415702158
Stopped at iteration 293. 100 items are selected. The objective value is: 0.00026874907002982784
Stopped at iteration 196. 100 items are selected. The objective value is: 0.00028534951441219715
Stopped at iteration 246. 100 items are selected. The objective value is: 0.00011869113705553635
Stopped at iteration 207. 100 items are selected. The objective value is: 0.0003348274102147053
rounds:  98%|█████████▊| 39/40 [1:22:02<02:15, 135.13s/it][round  39] per_acc=0.9812 glob_acc=0.9123 train_acc=0.9999 train_loss=0.008 kl(q_w||q)=0.597
Stopped at iteration 301. 100 items are selected. The objective value is: 0.0003822513869435477
Stopped at iteration 242. 100 items are selected. The objective value is: 5.88381702382595e-05
Stopped at iteration 204. 100 items are selected. The objective value is: 2.0332030671338307e-05
Stopped at iteration 196. 100 items are selected. The objective value is: 0.000286568340520418
Stopped at iteration 186. 100 items are selected. The objective value is: 0.0005631629426539372
Stopped at iteration 192. 100 items are selected. The objective value is: 0.00010174009729412419
Stopped at iteration 301. 100 items are selected. The objective value is: 0.0001750212562224721
Stopped at iteration 152. 100 items are selected. The objective value is: 2.6372949467024796e-05
Stopped at iteration 301. 100 items are selected. The objective value is: 0.0010078924301128631
Stopped at iteration 301. 100 items are selected. The objective value is: 0.0002612526922912502
Stopped at iteration 301. 100 items are selected. The objective value is: 0.0008562846188776538
Stopped at iteration 301. 100 items are selected. The objective value is: 0.0008633124612248235
Stopped at iteration 166. 100 items are selected. The objective value is: 0.0010497134645295473
Stopped at iteration 301. 100 items are selected. The objective value is: 0.00036551815507229166
Stopped at iteration 243. 100 items are selected. The objective value is: 7.998769229344602e-05
Stopped at iteration 170. 100 items are selected. The objective value is: 5.378347440537458e-05
Stopped at iteration 189. 100 items are selected. The objective value is: 2.8539927664644085e-05
Stopped at iteration 233. 100 items are selected. The objective value is: 3.726849977039509e-05
Stopped at iteration 247. 100 items are selected. The objective value is: 0.00029390102368601935
Stopped at iteration 180. 100 items are selected. The objective value is: 9.85268627510977e-05
Stopped at iteration 299. 100 items are selected. The objective value is: 0.00013580236459640837
Stopped at iteration 202. 100 items are selected. The objective value is: 0.0008393387771588142
Stopped at iteration 196. 100 items are selected. The objective value is: 9.575220568898927e-05
Stopped at iteration 259. 100 items are selected. The objective value is: 0.00018873523451697487
Stopped at iteration 236. 100 items are selected. The objective value is: 0.00019549326174352833
Stopped at iteration 301. 100 items are selected. The objective value is: 0.004366149035904888
Stopped at iteration 254. 100 items are selected. The objective value is: 0.00030984146464087947
Stopped at iteration 200. 100 items are selected. The objective value is: 0.00023959818121167855
Stopped at iteration 234. 100 items are selected. The objective value is: 0.0003193022449912765
Stopped at iteration 164. 100 items are selected. The objective value is: 9.532528323134652e-05
rounds: 100%|██████████| 40/40 [1:23:57<00:00, 129.12s/it]rounds: 100%|██████████| 40/40 [1:23:57<00:00, 125.93s/it]
[round  40] per_acc=0.9840 glob_acc=0.9822 train_acc=1.0000 train_loss=0.009 kl(q_w||q)=0.482
[server] results -> results/Mnist_coreset_frac0.1_z10.0_u10_b100_seed1.h5
done -> results/Mnist_coreset_frac0.1_z10.0_u10_b100_seed1.h5
