========================================================================
  dataset             : Mnist
  method              : coreset
  num_users           : 10
  clients_per_round   : 10
  num_glob_iters      : 40
  local_rounds        : 5
  batch_size          : 100
  mc                  : 3
  lr                  : 0.001
  personal_lr         : 0.001
  beta                : 1.0
  zeta                : 10.0
  coreset_frac        : 0.15
  coreset_S           : 50
  coreset_outer_steps : 3
  coreset_iters       : 300
  coreset_tol         : 0.01
  output_dim          : 10
  hidden_dim          : 100
  seed                : 1
  device              : cpu
  tag                 : Mnist_coreset_frac0.15_z10.0_u10_b100_seed1
========================================================================
train data dist:
 [999, 999, 999, 999, 999, 999, 999, 999, 999, 999]
/Library/Frameworks/Python.framework/Versions/3.10/lib/python3.10/site-packages/transformers/utils/generic.py:482: UserWarning: torch.utils._pytree._register_pytree_node is deprecated. Please use torch.utils._pytree.register_pytree_node instead.
  _torch_pytree._register_pytree_node(
[server] 10 clients | method=coreset | coreset_frac=0.15
rounds:   0%|          | 0/40 [00:00<?, ?it/s][round   0] per_acc=0.1226 glob_acc=0.0977 train_acc=0.0816 train_loss=2.533 kl(q_w||q)=nan
Stopped at iteration 267. 150 items are selected. The objective value is: 0.0013389319588080466
Stopped at iteration 301. 150 items are selected. The objective value is: 0.008193282793931979
Stopped at iteration 301. 150 items are selected. The objective value is: 0.003407368948975118
Stopped at iteration 181. 150 items are selected. The objective value is: 0.002455717204038028
Stopped at iteration 177. 150 items are selected. The objective value is: 0.0007725314216954234
Stopped at iteration 168. 150 items are selected. The objective value is: 0.0004925324616626588
Stopped at iteration 234. 150 items are selected. The objective value is: 0.0007467392738421898
Stopped at iteration 301. 150 items are selected. The objective value is: 0.0007887826582031618
Stopped at iteration 232. 150 items are selected. The objective value is: 0.0001468476281620285
Stopped at iteration 301. 150 items are selected. The objective value is: 0.0015459118341609546
Stopped at iteration 301. 150 items are selected. The objective value is: 0.010284304897764756
Stopped at iteration 301. 150 items are selected. The objective value is: 0.013538993904460624
Stopped at iteration 190. 150 items are selected. The objective value is: 0.0007597604884432264
Stopped at iteration 215. 150 items are selected. The objective value is: 0.0007312967920861842
Stopped at iteration 193. 150 items are selected. The objective value is: 0.00042053760182432325
Stopped at iteration 214. 150 items are selected. The objective value is: 0.001238820904175361
Stopped at iteration 292. 150 items are selected. The objective value is: 0.0009363375276539783
Stopped at iteration 301. 150 items are selected. The objective value is: 0.0005538634484991409
Stopped at iteration 203. 150 items are selected. The objective value is: 0.002603294780952809
Stopped at iteration 253. 150 items are selected. The objective value is: 0.0005100169882767074
Stopped at iteration 242. 150 items are selected. The objective value is: 0.0007120407610040932
Stopped at iteration 189. 150 items are selected. The objective value is: 0.0014675495590031696
Stopped at iteration 278. 150 items are selected. The objective value is: 0.0009547496255800026
Stopped at iteration 301. 150 items are selected. The objective value is: 0.0008697882833295204
Stopped at iteration 151. 150 items are selected. The objective value is: 0.0005470198343244826
Stopped at iteration 175. 150 items are selected. The objective value is: 0.0006012651194999251
Stopped at iteration 217. 150 items are selected. The objective value is: 0.0003318802462469081
Stopped at iteration 154. 150 items are selected. The objective value is: 0.0012728074253202935
Stopped at iteration 136. 150 items are selected. The objective value is: 0.0006282323078223772
Stopped at iteration 222. 150 items are selected. The objective value is: 0.0003860798906579606
rounds:   2%|▎         | 1/40 [03:00<1:57:13, 180.36s/it][round   1] per_acc=0.9687 glob_acc=0.3937 train_acc=0.9854 train_loss=0.061 kl(q_w||q)=3.354
Stopped at iteration 132. 150 items are selected. The objective value is: 0.0005960695345885823
Stopped at iteration 132. 150 items are selected. The objective value is: 0.0003540646613334208
Stopped at iteration 172. 150 items are selected. The objective value is: 0.00037507258996575545
Stopped at iteration 130. 150 items are selected. The objective value is: 0.0014363385925447434
Stopped at iteration 150. 150 items are selected. The objective value is: 0.0006944897583586423
Stopped at iteration 139. 150 items are selected. The objective value is: 0.0013600756611866105
Stopped at iteration 144. 150 items are selected. The objective value is: 0.0002773452445568064
Stopped at iteration 134. 150 items are selected. The objective value is: 0.00039060284620155613
Stopped at iteration 136. 150 items are selected. The objective value is: 0.00030617364710489395
Stopped at iteration 192. 150 items are selected. The objective value is: 0.0008011973112801003
Stopped at iteration 205. 150 items are selected. The objective value is: 0.00015349389431883352
Stopped at iteration 301. 150 items are selected. The objective value is: 0.0005744292373690798
Stopped at iteration 137. 150 items are selected. The objective value is: 0.0006028016308368397
Stopped at iteration 145. 150 items are selected. The objective value is: 0.0007444941362579474
Stopped at iteration 176. 150 items are selected. The objective value is: 0.0005524813831835522
Stopped at iteration 142. 150 items are selected. The objective value is: 0.0004890069841211722
Stopped at iteration 142. 150 items are selected. The objective value is: 0.00023894046993746027
Stopped at iteration 143. 150 items are selected. The objective value is: 0.00043768162308552907
Stopped at iteration 156. 150 items are selected. The objective value is: 0.0006433637282133955
Stopped at iteration 143. 150 items are selected. The objective value is: 0.0006442235247860278
Stopped at iteration 155. 150 items are selected. The objective value is: 0.0004938637819490717
Stopped at iteration 114. 150 items are selected. The objective value is: 0.000480689307360472
Stopped at iteration 193. 150 items are selected. The objective value is: 0.0007733481755614495
Stopped at iteration 156. 150 items are selected. The objective value is: 0.00030568510577957486
Stopped at iteration 79. 150 items are selected. The objective value is: 0.00037922742804430626
Stopped at iteration 86. 150 items are selected. The objective value is: 0.00038309736829719867
Stopped at iteration 116. 150 items are selected. The objective value is: 0.00047176868042580366
Stopped at iteration 119. 150 items are selected. The objective value is: 0.00036945557206335896
Stopped at iteration 155. 150 items are selected. The objective value is: 0.0004280458839430988
Stopped at iteration 142. 150 items are selected. The objective value is: 0.0007858228147408885
rounds:   5%|▌         | 2/40 [05:27<1:41:46, 160.71s/it][round   2] per_acc=0.9712 glob_acc=0.5479 train_acc=0.9867 train_loss=0.084 kl(q_w||q)=0.655
Stopped at iteration 110. 150 items are selected. The objective value is: 0.0018302331960887667
Stopped at iteration 109. 150 items are selected. The objective value is: 0.0010079362737874622
Stopped at iteration 161. 150 items are selected. The objective value is: 0.0018636448137886233
Stopped at iteration 106. 150 items are selected. The objective value is: 0.001902235614288894
Stopped at iteration 122. 150 items are selected. The objective value is: 0.0008854512064289586
Stopped at iteration 107. 150 items are selected. The objective value is: 0.0003318839366680125
Stopped at iteration 114. 150 items are selected. The objective value is: 0.0006048064690718159
Stopped at iteration 130. 150 items are selected. The objective value is: 0.0009478634932680072
Stopped at iteration 145. 150 items are selected. The objective value is: 0.0009488184867222892
Stopped at iteration 194. 150 items are selected. The objective value is: 0.0002626676508714553
Stopped at iteration 269. 150 items are selected. The objective value is: 0.0004960793823100868
Stopped at iteration 296. 150 items are selected. The objective value is: 0.0003688709016376534
Stopped at iteration 127. 150 items are selected. The objective value is: 0.0007785363311103522
Stopped at iteration 140. 150 items are selected. The objective value is: 0.0009092434834746838
Stopped at iteration 126. 150 items are selected. The objective value is: 0.00036067926853434817
Stopped at iteration 118. 150 items are selected. The objective value is: 0.0001945171377805643
Stopped at iteration 100. 150 items are selected. The objective value is: 0.0004160524508270044
Stopped at iteration 128. 150 items are selected. The objective value is: 0.00037978778748471364
Stopped at iteration 120. 150 items are selected. The objective value is: 0.0010745460673746631
Stopped at iteration 150. 150 items are selected. The objective value is: 0.0006086208973273173
Stopped at iteration 169. 150 items are selected. The objective value is: 0.0005414995813037619
Stopped at iteration 98. 150 items are selected. The objective value is: 0.0005789771619453041
Stopped at iteration 167. 150 items are selected. The objective value is: 0.0005200585853189304
Stopped at iteration 143. 150 items are selected. The objective value is: 0.0009711174630872365
Stopped at iteration 110. 150 items are selected. The objective value is: 0.0006208108733196133
Stopped at iteration 81. 150 items are selected. The objective value is: 0.0009034781541787069
Stopped at iteration 136. 150 items are selected. The objective value is: 0.0004094341915534791
Stopped at iteration 167. 150 items are selected. The objective value is: 0.001039586435063932
Stopped at iteration 112. 150 items are selected. The objective value is: 0.0005311926140535833
Stopped at iteration 133. 150 items are selected. The objective value is: 0.0008572235201141901
rounds:   8%|▊         | 3/40 [07:33<1:29:31, 145.16s/it][round   3] per_acc=0.9687 glob_acc=0.6143 train_acc=0.9832 train_loss=0.109 kl(q_w||q)=0.801
Stopped at iteration 182. 150 items are selected. The objective value is: 0.0008409389855661397
Stopped at iteration 139. 150 items are selected. The objective value is: 0.0004099037610364128
Stopped at iteration 176. 150 items are selected. The objective value is: 0.00029526305750840297
Stopped at iteration 132. 150 items are selected. The objective value is: 0.000571748316909005
Stopped at iteration 154. 150 items are selected. The objective value is: 0.0006352754137874357
Stopped at iteration 131. 150 items are selected. The objective value is: 0.0012309459073373645
Stopped at iteration 115. 150 items are selected. The objective value is: 0.0005775996127873337
Stopped at iteration 129. 150 items are selected. The objective value is: 0.0010805808635511154
Stopped at iteration 182. 150 items are selected. The objective value is: 0.00027808045381195665
Stopped at iteration 230. 150 items are selected. The objective value is: 0.000490183010867167
Stopped at iteration 245. 150 items are selected. The objective value is: 0.0005980059627393634
Stopped at iteration 277. 150 items are selected. The objective value is: 0.0008452824516525585
Stopped at iteration 105. 150 items are selected. The objective value is: 0.0007330562282190067
Stopped at iteration 156. 150 items are selected. The objective value is: 0.0005503712000470943
Stopped at iteration 96. 150 items are selected. The objective value is: 0.00016083206980112072
Stopped at iteration 99. 150 items are selected. The objective value is: 0.00035883580516336556
Stopped at iteration 111. 150 items are selected. The objective value is: 0.0002484301570894337
Stopped at iteration 191. 150 items are selected. The objective value is: 0.00023933291911027303
Stopped at iteration 114. 150 items are selected. The objective value is: 0.000751662365027746
Stopped at iteration 153. 150 items are selected. The objective value is: 0.0005537843285860199
Stopped at iteration 134. 150 items are selected. The objective value is: 0.0008078572768240742
Stopped at iteration 134. 150 items are selected. The objective value is: 0.0015046250390844597
Stopped at iteration 124. 150 items are selected. The objective value is: 0.0005080920174918979
Stopped at iteration 188. 150 items are selected. The objective value is: 0.0007392130456456817
Stopped at iteration 86. 150 items are selected. The objective value is: 0.0006577008155060972
Stopped at iteration 128. 150 items are selected. The objective value is: 0.00045346391311455476
Stopped at iteration 112. 150 items are selected. The objective value is: 0.0003249764598163114
Stopped at iteration 114. 150 items are selected. The objective value is: 0.0009212609984034973
Stopped at iteration 93. 150 items are selected. The objective value is: 0.0004480605195444789
Stopped at iteration 109. 150 items are selected. The objective value is: 0.0010017072547175011
rounds:  10%|█         | 4/40 [09:32<1:20:41, 134.48s/it][round   4] per_acc=0.9712 glob_acc=0.6870 train_acc=0.9823 train_loss=0.110 kl(q_w||q)=0.902
Stopped at iteration 145. 150 items are selected. The objective value is: 0.0004947095999308936
Stopped at iteration 125. 150 items are selected. The objective value is: 0.00036622451577141967
Stopped at iteration 143. 150 items are selected. The objective value is: 0.0010896641394930221
Stopped at iteration 135. 150 items are selected. The objective value is: 0.0013294466761407328
Stopped at iteration 135. 150 items are selected. The objective value is: 0.0005671640638865005
Stopped at iteration 96. 150 items are selected. The objective value is: 0.0004049172667935677
Stopped at iteration 177. 150 items are selected. The objective value is: 0.0005490506218360445
Stopped at iteration 155. 150 items are selected. The objective value is: 0.0007240224384717592
Stopped at iteration 185. 150 items are selected. The objective value is: 0.0005108298913618057
Stopped at iteration 225. 150 items are selected. The objective value is: 0.000565568795525659
Stopped at iteration 227. 150 items are selected. The objective value is: 0.00034865931930465484
Stopped at iteration 301. 150 items are selected. The objective value is: 0.0007918608037838879
Stopped at iteration 144. 150 items are selected. The objective value is: 0.0020617943112055358
Stopped at iteration 119. 150 items are selected. The objective value is: 0.0005568263952141511
Stopped at iteration 123. 150 items are selected. The objective value is: 0.00034935101204324083
Stopped at iteration 142. 150 items are selected. The objective value is: 0.0006113134842788957
Stopped at iteration 139. 150 items are selected. The objective value is: 0.0005707136172642623
Stopped at iteration 140. 150 items are selected. The objective value is: 0.00026902015832493196
Stopped at iteration 174. 150 items are selected. The objective value is: 0.0006258424436546772
Stopped at iteration 168. 150 items are selected. The objective value is: 0.001619094321049069
Stopped at iteration 142. 150 items are selected. The objective value is: 0.0005478731169224374
Stopped at iteration 103. 150 items are selected. The objective value is: 0.0008023930500800224
Stopped at iteration 134. 150 items are selected. The objective value is: 0.0012193715282496442
Stopped at iteration 157. 150 items are selected. The objective value is: 0.0013843945375596241
Stopped at iteration 96. 150 items are selected. The objective value is: 0.003023913038479296
Stopped at iteration 110. 150 items are selected. The objective value is: 0.0009636304333233215
Stopped at iteration 113. 150 items are selected. The objective value is: 0.00031889331954364317
Stopped at iteration 139. 150 items are selected. The objective value is: 0.0013234806302039313
Stopped at iteration 140. 150 items are selected. The objective value is: 0.0007277541424952392
Stopped at iteration 134. 150 items are selected. The objective value is: 0.0006818241704855662
rounds:  12%|█▎        | 5/40 [11:24<1:13:45, 126.43s/it][round   5] per_acc=0.9689 glob_acc=0.7777 train_acc=0.9843 train_loss=0.104 kl(q_w||q)=1.256
Stopped at iteration 185. 150 items are selected. The objective value is: 0.0004405589147780795
Stopped at iteration 145. 150 items are selected. The objective value is: 0.0006036586176213319
Stopped at iteration 130. 150 items are selected. The objective value is: 0.00030184995438454397
Stopped at iteration 108. 150 items are selected. The objective value is: 0.0007847436390316879
Stopped at iteration 145. 150 items are selected. The objective value is: 0.000640368922703759
Stopped at iteration 116. 150 items are selected. The objective value is: 0.0007795888539182669
Stopped at iteration 122. 150 items are selected. The objective value is: 0.0003745325130023604
Stopped at iteration 129. 150 items are selected. The objective value is: 0.0013277613594686274
Stopped at iteration 207. 150 items are selected. The objective value is: 0.0002517487493266096
Stopped at iteration 195. 150 items are selected. The objective value is: 0.0005333561196087343
Stopped at iteration 269. 150 items are selected. The objective value is: 0.00037997874159931397
Stopped at iteration 292. 150 items are selected. The objective value is: 0.0005901666585323883
Stopped at iteration 131. 150 items are selected. The objective value is: 0.0006185482342835197
Stopped at iteration 148. 150 items are selected. The objective value is: 0.0009637767924664483
Stopped at iteration 136. 150 items are selected. The objective value is: 0.0005529352526277486
Stopped at iteration 125. 150 items are selected. The objective value is: 0.000741281570443365
Stopped at iteration 134. 150 items are selected. The objective value is: 0.00048197940817390863
Stopped at iteration 156. 150 items are selected. The objective value is: 0.0002953600199075025
Stopped at iteration 155. 150 items are selected. The objective value is: 0.0005544215755463873
Stopped at iteration 152. 150 items are selected. The objective value is: 0.0009022090706954839
Stopped at iteration 164. 150 items are selected. The objective value is: 0.0003748503104391899
Stopped at iteration 134. 150 items are selected. The objective value is: 0.0007171394263407425
Stopped at iteration 119. 150 items are selected. The objective value is: 0.0006650872017753955
Stopped at iteration 130. 150 items are selected. The objective value is: 0.0005425464995209167
Stopped at iteration 121. 150 items are selected. The objective value is: 0.0011891358789537449
Stopped at iteration 158. 150 items are selected. The objective value is: 0.0006069652920753764
Stopped at iteration 135. 150 items are selected. The objective value is: 0.00045522798286257393
Stopped at iteration 121. 150 items are selected. The objective value is: 0.0006354589907397819
Stopped at iteration 124. 150 items are selected. The objective value is: 0.0009981395042423665
Stopped at iteration 111. 150 items are selected. The objective value is: 0.0006285739715058934
rounds:  15%|█▌        | 6/40 [13:24<1:10:27, 124.34s/it][round   6] per_acc=0.9722 glob_acc=0.7647 train_acc=0.9839 train_loss=0.092 kl(q_w||q)=1.105
Stopped at iteration 172. 150 items are selected. The objective value is: 0.0007371370314938314
Stopped at iteration 135. 150 items are selected. The objective value is: 0.0005827230667734749
Stopped at iteration 170. 150 items are selected. The objective value is: 0.00032400983702410914
Stopped at iteration 139. 150 items are selected. The objective value is: 0.0012599322555390973
Stopped at iteration 137. 150 items are selected. The objective value is: 0.0005191850314777058
Stopped at iteration 112. 150 items are selected. The objective value is: 0.0012106011477763805
Stopped at iteration 172. 150 items are selected. The objective value is: 0.0005964249494438876
Stopped at iteration 140. 150 items are selected. The objective value is: 0.0006357292736324367
Stopped at iteration 194. 150 items are selected. The objective value is: 0.0004365081011841528
Stopped at iteration 283. 150 items are selected. The objective value is: 0.0005505364953058103
Stopped at iteration 301. 150 items are selected. The objective value is: 0.0009521445728535044
Stopped at iteration 275. 150 items are selected. The objective value is: 0.00020029244756463176
Stopped at iteration 99. 150 items are selected. The objective value is: 0.0004378148018856769
Stopped at iteration 119. 150 items are selected. The objective value is: 0.0008557047326530144
Stopped at iteration 144. 150 items are selected. The objective value is: 0.0004089473906647951
Stopped at iteration 112. 150 items are selected. The objective value is: 0.0006464779878646233
Stopped at iteration 130. 150 items are selected. The objective value is: 0.00024140407289415327
Stopped at iteration 127. 150 items are selected. The objective value is: 0.00018054294200840214
Stopped at iteration 155. 150 items are selected. The objective value is: 0.0009727611560537251
Stopped at iteration 189. 150 items are selected. The objective value is: 0.0008990842209823473
Stopped at iteration 213. 150 items are selected. The objective value is: 0.0009508900983468413
Stopped at iteration 121. 150 items are selected. The objective value is: 0.0004486028259472966
Stopped at iteration 151. 150 items are selected. The objective value is: 0.000501787384516094
Stopped at iteration 215. 150 items are selected. The objective value is: 0.0006727084431540664
Stopped at iteration 114. 150 items are selected. The objective value is: 0.0005407425395941982
Stopped at iteration 131. 150 items are selected. The objective value is: 0.0003391969417521867
Stopped at iteration 154. 150 items are selected. The objective value is: 0.0006080294553517921
Stopped at iteration 126. 150 items are selected. The objective value is: 0.0009217262944065267
Stopped at iteration 151. 150 items are selected. The objective value is: 0.0014428951339494108
Stopped at iteration 109. 150 items are selected. The objective value is: 0.0009644627178680855
rounds:  18%|█▊        | 7/40 [15:18<1:06:31, 120.94s/it][round   7] per_acc=0.9707 glob_acc=0.7815 train_acc=0.9873 train_loss=0.091 kl(q_w||q)=0.903
Stopped at iteration 168. 150 items are selected. The objective value is: 0.0007548696113026004
Stopped at iteration 185. 150 items are selected. The objective value is: 0.0005216064405776747
Stopped at iteration 186. 150 items are selected. The objective value is: 0.0002912440647320458
Stopped at iteration 127. 150 items are selected. The objective value is: 0.001307469193617218
Stopped at iteration 135. 150 items are selected. The objective value is: 0.0005829489931131975
Stopped at iteration 103. 150 items are selected. The objective value is: 0.0005263559926367761
Stopped at iteration 151. 150 items are selected. The objective value is: 0.0005196279321740563
Stopped at iteration 164. 150 items are selected. The objective value is: 0.000597346400248861
Stopped at iteration 129. 150 items are selected. The objective value is: 0.00017848518002806847
Stopped at iteration 266. 150 items are selected. The objective value is: 0.00047870595851331587
Stopped at iteration 301. 150 items are selected. The objective value is: 0.001564685490178594
Stopped at iteration 301. 150 items are selected. The objective value is: 0.00613789973636375
Stopped at iteration 93. 150 items are selected. The objective value is: 0.00120844797301468
Stopped at iteration 96. 150 items are selected. The objective value is: 0.00032336664120624024
Stopped at iteration 169. 150 items are selected. The objective value is: 0.0008486688767265546
Stopped at iteration 178. 150 items are selected. The objective value is: 0.0003539320183468608
Stopped at iteration 105. 150 items are selected. The objective value is: 0.00039204408898757634
Stopped at iteration 128. 150 items are selected. The objective value is: 0.00022478869966656485
Stopped at iteration 133. 150 items are selected. The objective value is: 0.0007586953549934044
Stopped at iteration 164. 150 items are selected. The objective value is: 0.0004337715332975317
Stopped at iteration 209. 150 items are selected. The objective value is: 0.0004691238419674839
Stopped at iteration 184. 150 items are selected. The objective value is: 0.0008859029027065388
Stopped at iteration 118. 150 items are selected. The objective value is: 0.000742334628245082
Stopped at iteration 125. 150 items are selected. The objective value is: 0.0007310687842065612
Stopped at iteration 145. 150 items are selected. The objective value is: 0.0004094848524893368
Stopped at iteration 152. 150 items are selected. The objective value is: 0.0003776924239198819
Stopped at iteration 140. 150 items are selected. The objective value is: 0.0010177769777197359
Stopped at iteration 141. 150 items are selected. The objective value is: 0.0005178354670092654
Stopped at iteration 117. 150 items are selected. The objective value is: 0.00035290012445429665
rounds:  20%|██        | 8/40 [17:40<1:08:01, 127.56s/it][round   8] per_acc=0.9732 glob_acc=0.7607 train_acc=0.9885 train_loss=0.082 kl(q_w||q)=1.203
Stopped at iteration 185. 150 items are selected. The objective value is: 0.00039785252408326466
Stopped at iteration 239. 150 items are selected. The objective value is: 0.00029283322233299175
Stopped at iteration 299. 150 items are selected. The objective value is: 0.0005380398650736227
Stopped at iteration 148. 150 items are selected. The objective value is: 0.0006663482346712053
Stopped at iteration 136. 150 items are selected. The objective value is: 0.0010808376078389368
Stopped at iteration 189. 150 items are selected. The objective value is: 0.000595250411049739
Stopped at iteration 213. 150 items are selected. The objective value is: 0.00037809939669795125
Stopped at iteration 190. 150 items are selected. The objective value is: 0.00038318711225137985
Stopped at iteration 184. 150 items are selected. The objective value is: 0.0003582463898900595
Stopped at iteration 266. 150 items are selected. The objective value is: 0.00047240311167271316
Stopped at iteration 301. 150 items are selected. The objective value is: 0.0024075408105887213
Stopped at iteration 301. 150 items are selected. The objective value is: 0.0018486676089112524
Stopped at iteration 97. 150 items are selected. The objective value is: 0.0005669625300079026
Stopped at iteration 151. 150 items are selected. The objective value is: 0.0009885193723583978
Stopped at iteration 126. 150 items are selected. The objective value is: 0.00040001118367983906
Stopped at iteration 154. 150 items are selected. The objective value is: 0.0006395147230762953
Stopped at iteration 156. 150 items are selected. The objective value is: 0.0003781928822451371
Stopped at iteration 108. 150 items are selected. The objective value is: 0.0006357639163327997
Stopped at iteration 159. 150 items are selected. The objective value is: 0.0007273640248449433
Stopped at iteration 196. 150 items are selected. The objective value is: 0.0004259381080321991
Stopped at iteration 205. 150 items are selected. The objective value is: 0.0006552319029027698
Stopped at iteration 128. 150 items are selected. The objective value is: 0.0006603002013626993
Stopped at iteration 195. 150 items are selected. The objective value is: 0.00039478014329119256
Stopped at iteration 262. 150 items are selected. The objective value is: 0.0009171352629461148
Stopped at iteration 138. 150 items are selected. The objective value is: 0.0006169625745314343
Stopped at iteration 131. 150 items are selected. The objective value is: 0.00046453811483215774
Stopped at iteration 108. 150 items are selected. The objective value is: 0.0007010655955564314
Stopped at iteration 174. 150 items are selected. The objective value is: 0.0004707697216985919
Stopped at iteration 97. 150 items are selected. The objective value is: 0.0006317997897125567
Stopped at iteration 152. 150 items are selected. The objective value is: 0.0008270182029001505
rounds:  22%|██▎       | 9/40 [19:34<1:03:49, 123.53s/it][round   9] per_acc=0.9732 glob_acc=0.8030 train_acc=0.9890 train_loss=0.070 kl(q_w||q)=0.955
Stopped at iteration 224. 150 items are selected. The objective value is: 0.0009825001548383965
Stopped at iteration 142. 150 items are selected. The objective value is: 0.000303031900718819
Stopped at iteration 301. 150 items are selected. The objective value is: 0.00041639210847023596
Stopped at iteration 95. 150 items are selected. The objective value is: 0.0006749329790815032
Stopped at iteration 131. 150 items are selected. The objective value is: 0.0008179811165513745
Stopped at iteration 121. 150 items are selected. The objective value is: 0.0004632710371338292
Stopped at iteration 158. 150 items are selected. The objective value is: 0.00032933595651374087
Stopped at iteration 152. 150 items are selected. The objective value is: 0.0002665550009393646
Stopped at iteration 228. 150 items are selected. The objective value is: 0.0005580205724362051
Stopped at iteration 277. 150 items are selected. The objective value is: 0.0003283892264658472
Stopped at iteration 301. 150 items are selected. The objective value is: 0.008174589159422777
Stopped at iteration 301. 150 items are selected. The objective value is: 0.0015567450431774167
Stopped at iteration 101. 150 items are selected. The objective value is: 0.0005050146442814329
Stopped at iteration 135. 150 items are selected. The objective value is: 0.0003306534365968569
Stopped at iteration 141. 150 items are selected. The objective value is: 0.0003339152443246301
Stopped at iteration 157. 150 items are selected. The objective value is: 0.0003543591161421277
Stopped at iteration 139. 150 items are selected. The objective value is: 0.00014983098910068349
Stopped at iteration 194. 150 items are selected. The objective value is: 0.00017172695941823884
Stopped at iteration 160. 150 items are selected. The objective value is: 0.000645874569513348
Stopped at iteration 169. 150 items are selected. The objective value is: 0.00038996063334083617
Stopped at iteration 197. 150 items are selected. The objective value is: 0.00038799994175438756
Stopped at iteration 158. 150 items are selected. The objective value is: 0.0017179329898503672
Stopped at iteration 151. 150 items are selected. The objective value is: 0.0004258976320970051
Stopped at iteration 161. 150 items are selected. The objective value is: 0.0002418408805662826
Stopped at iteration 149. 150 items are selected. The objective value is: 0.0006899351159652903
Stopped at iteration 165. 150 items are selected. The objective value is: 0.0005774682351227495
Stopped at iteration 139. 150 items are selected. The objective value is: 0.0001278155097117558
Stopped at iteration 147. 150 items are selected. The objective value is: 0.0004717216233586036
Stopped at iteration 164. 150 items are selected. The objective value is: 0.0005359629152965967
Stopped at iteration 136. 150 items are selected. The objective value is: 0.0007591741478536643
rounds:  25%|██▌       | 10/40 [21:30<1:00:32, 121.07s/it][round  10] per_acc=0.9752 glob_acc=0.8050 train_acc=0.9912 train_loss=0.067 kl(q_w||q)=0.953
Stopped at iteration 134. 150 items are selected. The objective value is: 0.00025358945450093225
Stopped at iteration 260. 150 items are selected. The objective value is: 0.0005703380966359036
Stopped at iteration 195. 150 items are selected. The objective value is: 0.00040909829361862225
Stopped at iteration 161. 150 items are selected. The objective value is: 0.0011888943305697751
Stopped at iteration 142. 150 items are selected. The objective value is: 0.0005081689608786792
Stopped at iteration 90. 150 items are selected. The objective value is: 0.0008143855079705105
Stopped at iteration 163. 150 items are selected. The objective value is: 0.0012157190512723215
Stopped at iteration 176. 150 items are selected. The objective value is: 0.0006238547185209735
Stopped at iteration 167. 150 items are selected. The objective value is: 0.0001679971840560307
Stopped at iteration 234. 150 items are selected. The objective value is: 0.0007350634072316828
Stopped at iteration 301. 150 items are selected. The objective value is: 0.0007151716460463577
Stopped at iteration 301. 150 items are selected. The objective value is: 0.001153294753452802
Stopped at iteration 144. 150 items are selected. The objective value is: 0.0005336158839653791
Stopped at iteration 116. 150 items are selected. The objective value is: 0.00027163012788372404
Stopped at iteration 149. 150 items are selected. The objective value is: 0.0005605465603514429
Stopped at iteration 139. 150 items are selected. The objective value is: 0.00022629748544317026
Stopped at iteration 101. 150 items are selected. The objective value is: 0.00015093352009687904
Stopped at iteration 117. 150 items are selected. The objective value is: 0.00018170094758463372
Stopped at iteration 221. 150 items are selected. The objective value is: 0.0010520084369901588
Stopped at iteration 208. 150 items are selected. The objective value is: 0.0007852388766008373
Stopped at iteration 253. 150 items are selected. The objective value is: 0.00021741052713115475
Stopped at iteration 172. 150 items are selected. The objective value is: 0.0031976748474944437
Stopped at iteration 180. 150 items are selected. The objective value is: 0.0005372763758920711
Stopped at iteration 156. 150 items are selected. The objective value is: 0.00023048092323203873
Stopped at iteration 125. 150 items are selected. The objective value is: 0.0002455669858812694
Stopped at iteration 173. 150 items are selected. The objective value is: 0.0005828356126055442
Stopped at iteration 150. 150 items are selected. The objective value is: 0.00021552014320653183
Stopped at iteration 137. 150 items are selected. The objective value is: 0.000762419923785148
Stopped at iteration 171. 150 items are selected. The objective value is: 0.0005643534737746521
Stopped at iteration 142. 150 items are selected. The objective value is: 0.000646957307856299
rounds:  28%|██▊       | 11/40 [23:27<57:56, 119.89s/it]  [round  11] per_acc=0.9757 glob_acc=0.8459 train_acc=0.9919 train_loss=0.063 kl(q_w||q)=1.113
Stopped at iteration 167. 150 items are selected. The objective value is: 0.00033006704993699835
Stopped at iteration 153. 150 items are selected. The objective value is: 0.0002634906186731957
Stopped at iteration 214. 150 items are selected. The objective value is: 0.00020243171760464174
Stopped at iteration 133. 150 items are selected. The objective value is: 0.0005744813187323044
Stopped at iteration 129. 150 items are selected. The objective value is: 0.00028852416203208726
Stopped at iteration 133. 150 items are selected. The objective value is: 0.00046219204978398173
Stopped at iteration 163. 150 items are selected. The objective value is: 0.0004335071455090585
Stopped at iteration 166. 150 items are selected. The objective value is: 0.00018109459509399722
Stopped at iteration 301. 150 items are selected. The objective value is: 0.0024808443671819037
Stopped at iteration 292. 150 items are selected. The objective value is: 0.0007289177176235112
Stopped at iteration 301. 150 items are selected. The objective value is: 0.001412423557275684
Stopped at iteration 141. 150 items are selected. The objective value is: 0.0006706504973769526
Stopped at iteration 158. 150 items are selected. The objective value is: 0.0006279366346793253
Stopped at iteration 129. 150 items are selected. The objective value is: 0.00034988800703625685
Stopped at iteration 142. 150 items are selected. The objective value is: 0.0003807827775169932
Stopped at iteration 152. 150 items are selected. The objective value is: 0.0002751720608965257
Stopped at iteration 128. 150 items are selected. The objective value is: 0.0002765454703370971
Stopped at iteration 142. 150 items are selected. The objective value is: 0.0005384581971806132
Stopped at iteration 187. 150 items are selected. The objective value is: 0.0005896715372468469
Stopped at iteration 192. 150 items are selected. The objective value is: 0.0004004911619503044
Stopped at iteration 160. 150 items are selected. The objective value is: 0.0006304106306834712
Stopped at iteration 158. 150 items are selected. The objective value is: 0.0004350246948160059
Stopped at iteration 167. 150 items are selected. The objective value is: 0.0006172794879611343
Stopped at iteration 122. 150 items are selected. The objective value is: 0.00041133034664327074
Stopped at iteration 108. 150 items are selected. The objective value is: 0.0003414864757551282
Stopped at iteration 164. 150 items are selected. The objective value is: 0.00037578137361132986
Stopped at iteration 168. 150 items are selected. The objective value is: 0.0004726013835158761
Stopped at iteration 126. 150 items are selected. The objective value is: 0.00026986886435250443
Stopped at iteration 128. 150 items are selected. The objective value is: 0.0010567151670350108
rounds:  30%|███       | 12/40 [25:17<54:33, 116.92s/it][round  12] per_acc=0.9749 glob_acc=0.8346 train_acc=0.9929 train_loss=0.057 kl(q_w||q)=1.001
Stopped at iteration 167. 150 items are selected. The objective value is: 0.0003339189973751261
Stopped at iteration 167. 150 items are selected. The objective value is: 0.00018030801421762017
Stopped at iteration 207. 150 items are selected. The objective value is: 0.000245939595051891
Stopped at iteration 119. 150 items are selected. The objective value is: 0.0004734750752773344
Stopped at iteration 117. 150 items are selected. The objective value is: 0.00044932367425645526
Stopped at iteration 120. 150 items are selected. The objective value is: 0.0006064535962915823
Stopped at iteration 174. 150 items are selected. The objective value is: 0.00020016708292368212
Stopped at iteration 126. 150 items are selected. The objective value is: 0.0004108982032273412
Stopped at iteration 146. 150 items are selected. The objective value is: 0.00021302911148685078
Stopped at iteration 269. 150 items are selected. The objective value is: 0.0005520677976297484
Stopped at iteration 301. 150 items are selected. The objective value is: 0.001335366837608525
Stopped at iteration 301. 150 items are selected. The objective value is: 0.0032433555333357357
Stopped at iteration 165. 150 items are selected. The objective value is: 0.0002644730518367734
Stopped at iteration 129. 150 items are selected. The objective value is: 0.0004126804069894077
Stopped at iteration 143. 150 items are selected. The objective value is: 0.00039972976550890207
Stopped at iteration 144. 150 items are selected. The objective value is: 0.0003053002371003777
Stopped at iteration 131. 150 items are selected. The objective value is: 0.00010365181292755118
Stopped at iteration 177. 150 items are selected. The objective value is: 0.00038272933758257566
Stopped at iteration 164. 150 items are selected. The objective value is: 0.00045474496479825397
Stopped at iteration 155. 150 items are selected. The objective value is: 0.0005525849428692526
Stopped at iteration 164. 150 items are selected. The objective value is: 0.0002813299097524076
Stopped at iteration 166. 150 items are selected. The objective value is: 0.000705053787930508
Stopped at iteration 148. 150 items are selected. The objective value is: 0.00043219479910829874
Stopped at iteration 166. 150 items are selected. The objective value is: 0.00045242286073271043
Stopped at iteration 118. 150 items are selected. The objective value is: 0.00041658750686921544
Stopped at iteration 128. 150 items are selected. The objective value is: 0.00024174993907885703
Stopped at iteration 126. 150 items are selected. The objective value is: 0.00037261677798585265
Stopped at iteration 138. 150 items are selected. The objective value is: 0.0005121323799451814
Stopped at iteration 123. 150 items are selected. The objective value is: 0.0006936801693108805
Stopped at iteration 166. 150 items are selected. The objective value is: 0.0008271483869515959
rounds:  32%|███▎      | 13/40 [27:13<52:24, 116.45s/it][round  13] per_acc=0.9754 glob_acc=0.8368 train_acc=0.9939 train_loss=0.052 kl(q_w||q)=1.053
Stopped at iteration 211. 150 items are selected. The objective value is: 0.0004510095061243182
Stopped at iteration 254. 150 items are selected. The objective value is: 0.0003600492092156205
Stopped at iteration 200. 150 items are selected. The objective value is: 0.00015815665441263073
Stopped at iteration 100. 150 items are selected. The objective value is: 0.00031290241837323823
Stopped at iteration 159. 150 items are selected. The objective value is: 0.00038250137369114047
Stopped at iteration 171. 150 items are selected. The objective value is: 0.0005363087333053024
Stopped at iteration 166. 150 items are selected. The objective value is: 0.0002726788198074907
Stopped at iteration 178. 150 items are selected. The objective value is: 0.0003688871979933803
Stopped at iteration 208. 150 items are selected. The objective value is: 0.00018020234009157534
Stopped at iteration 292. 150 items are selected. The objective value is: 0.00048713727256540157
Stopped at iteration 301. 150 items are selected. The objective value is: 0.0009166856498642887
Stopped at iteration 301. 150 items are selected. The objective value is: 0.0036518404548997923
Stopped at iteration 107. 150 items are selected. The objective value is: 0.00035432539713455127
Stopped at iteration 173. 150 items are selected. The objective value is: 0.0003473371053757821
Stopped at iteration 141. 150 items are selected. The objective value is: 0.00032132316832876395
Stopped at iteration 115. 150 items are selected. The objective value is: 0.00017378305728866331
Stopped at iteration 212. 150 items are selected. The objective value is: 0.0002544539070128787
Stopped at iteration 153. 150 items are selected. The objective value is: 0.00011379584383366115
Stopped at iteration 215. 150 items are selected. The objective value is: 0.0007430729799334378
Stopped at iteration 145. 150 items are selected. The objective value is: 0.0004145196951287488
Stopped at iteration 188. 150 items are selected. The objective value is: 0.0003884885615433782
Stopped at iteration 170. 150 items are selected. The objective value is: 0.0006018784267483998
Stopped at iteration 257. 150 items are selected. The objective value is: 0.0009379451261729531
Stopped at iteration 172. 150 items are selected. The objective value is: 0.0007397968367144303
Stopped at iteration 86. 150 items are selected. The objective value is: 0.0004978001445506679
Stopped at iteration 153. 150 items are selected. The objective value is: 0.0006583429976415237
Stopped at iteration 177. 150 items are selected. The objective value is: 0.00025174283946032244
Stopped at iteration 147. 150 items are selected. The objective value is: 0.0009265926245169067
Stopped at iteration 133. 150 items are selected. The objective value is: 0.0006339215355075965
Stopped at iteration 129. 150 items are selected. The objective value is: 0.00039831632002074104
rounds:  35%|███▌      | 14/40 [29:08<50:18, 116.11s/it][round  14] per_acc=0.9762 glob_acc=0.8654 train_acc=0.9952 train_loss=0.046 kl(q_w||q)=1.008
Stopped at iteration 172. 150 items are selected. The objective value is: 0.0005414877593648658
Stopped at iteration 301. 150 items are selected. The objective value is: 0.0009400642753669985
Stopped at iteration 263. 150 items are selected. The objective value is: 0.0001683205041209075
Stopped at iteration 107. 150 items are selected. The objective value is: 0.0007395097920116944
Stopped at iteration 117. 150 items are selected. The objective value is: 0.00027437567307529265
Stopped at iteration 165. 150 items are selected. The objective value is: 0.00046752094569989044
Stopped at iteration 180. 150 items are selected. The objective value is: 0.0002226815304392853
Stopped at iteration 152. 150 items are selected. The objective value is: 0.0001539004075582756
Stopped at iteration 253. 150 items are selected. The objective value is: 0.00018274212857891618
Stopped at iteration 226. 150 items are selected. The objective value is: 0.0007470113930374439
Stopped at iteration 301. 150 items are selected. The objective value is: 0.0027333635468583055
Stopped at iteration 301. 150 items are selected. The objective value is: 0.0008722507383677503
Stopped at iteration 139. 150 items are selected. The objective value is: 0.00019201653452178514
Stopped at iteration 136. 150 items are selected. The objective value is: 0.00044597153895172643
Stopped at iteration 156. 150 items are selected. The objective value is: 0.0003690118573147567
Stopped at iteration 126. 150 items are selected. The objective value is: 0.00018001308975727168
Stopped at iteration 156. 150 items are selected. The objective value is: 0.00017319342604543996
Stopped at iteration 148. 150 items are selected. The objective value is: 0.00019344175857435915
Stopped at iteration 131. 150 items are selected. The objective value is: 0.00024790501033441977
Stopped at iteration 175. 150 items are selected. The objective value is: 0.00021667655907666822
Stopped at iteration 218. 150 items are selected. The objective value is: 0.0004214632909615269
Stopped at iteration 158. 150 items are selected. The objective value is: 0.000358672671057897
Stopped at iteration 166. 150 items are selected. The objective value is: 0.00032422368992123023
Stopped at iteration 235. 150 items are selected. The objective value is: 0.00038859970797975387
Stopped at iteration 111. 150 items are selected. The objective value is: 0.000277954726357033
Stopped at iteration 109. 150 items are selected. The objective value is: 0.0001302783269168917
Stopped at iteration 126. 150 items are selected. The objective value is: 0.00033497817070153964
Stopped at iteration 138. 150 items are selected. The objective value is: 0.0008374260598840036
Stopped at iteration 128. 150 items are selected. The objective value is: 0.0003469541277381981
Stopped at iteration 105. 150 items are selected. The objective value is: 0.00038239894064255554
rounds:  38%|███▊      | 15/40 [31:04<48:22, 116.09s/it][round  15] per_acc=0.9779 glob_acc=0.8609 train_acc=0.9957 train_loss=0.044 kl(q_w||q)=1.254
Stopped at iteration 188. 150 items are selected. The objective value is: 0.00021618143272757697
Stopped at iteration 197. 150 items are selected. The objective value is: 0.0003187209873096159
Stopped at iteration 218. 150 items are selected. The objective value is: 0.00018425693602917815
Stopped at iteration 108. 150 items are selected. The objective value is: 0.0007891584762896088
Stopped at iteration 134. 150 items are selected. The objective value is: 0.00021747356656633392
Stopped at iteration 112. 150 items are selected. The objective value is: 0.00016052191241859492
Stopped at iteration 196. 150 items are selected. The objective value is: 0.00034627235345926685
Stopped at iteration 183. 150 items are selected. The objective value is: 0.00026473685813532133
Stopped at iteration 232. 150 items are selected. The objective value is: 0.0001809870878057663
Stopped at iteration 301. 150 items are selected. The objective value is: 0.001272767342848218
Stopped at iteration 301. 150 items are selected. The objective value is: 0.004292559267546328
Stopped at iteration 301. 150 items are selected. The objective value is: 0.001234824366389073
Stopped at iteration 164. 150 items are selected. The objective value is: 0.0002773230867133506
Stopped at iteration 130. 150 items are selected. The objective value is: 0.0003712383777143928
Stopped at iteration 131. 150 items are selected. The objective value is: 0.0001907903166885972
Stopped at iteration 182. 150 items are selected. The objective value is: 0.0002117472182619477
Stopped at iteration 135. 150 items are selected. The objective value is: 9.90833751195875e-05
Stopped at iteration 130. 150 items are selected. The objective value is: 9.819608162226248e-05
Stopped at iteration 185. 150 items are selected. The objective value is: 0.00047717123197212
Stopped at iteration 200. 150 items are selected. The objective value is: 0.0003802249513956219
Stopped at iteration 175. 150 items are selected. The objective value is: 0.00033347709835248245
Stopped at iteration 148. 150 items are selected. The objective value is: 0.00028116173832087616
Stopped at iteration 231. 150 items are selected. The objective value is: 0.0003908301908806454
Stopped at iteration 208. 150 items are selected. The objective value is: 0.00024515460853444335
Stopped at iteration 167. 150 items are selected. The objective value is: 0.0002563221978253213
Stopped at iteration 120. 150 items are selected. The objective value is: 0.0002926845100808141
Stopped at iteration 191. 150 items are selected. The objective value is: 0.00017869544024305637
Stopped at iteration 142. 150 items are selected. The objective value is: 0.0007657041279572541
Stopped at iteration 189. 150 items are selected. The objective value is: 0.0003764649571185903
Stopped at iteration 197. 150 items are selected. The objective value is: 0.0005580501410070474
rounds:  40%|████      | 16/40 [32:59<46:15, 115.66s/it][round  16] per_acc=0.9777 glob_acc=0.8609 train_acc=0.9959 train_loss=0.038 kl(q_w||q)=0.919
Stopped at iteration 153. 150 items are selected. The objective value is: 0.0002702136282933839
Stopped at iteration 246. 150 items are selected. The objective value is: 8.46946574140285e-05
Stopped at iteration 196. 150 items are selected. The objective value is: 0.0001525148384965263
Stopped at iteration 121. 150 items are selected. The objective value is: 0.0012131176185407105
Stopped at iteration 146. 150 items are selected. The objective value is: 0.00031083080348404335
Stopped at iteration 126. 150 items are selected. The objective value is: 0.0003975100738865932
Stopped at iteration 186. 150 items are selected. The objective value is: 0.00035087259190847217
Stopped at iteration 195. 150 items are selected. The objective value is: 0.00014280141975413777
Stopped at iteration 203. 150 items are selected. The objective value is: 0.00020792577104814542
Stopped at iteration 301. 150 items are selected. The objective value is: 0.0019929640176728843
Stopped at iteration 301. 150 items are selected. The objective value is: 0.0011023338830201729
Stopped at iteration 301. 150 items are selected. The objective value is: 0.0010276339366563684
Stopped at iteration 146. 150 items are selected. The objective value is: 0.00018948688114874904
Stopped at iteration 161. 150 items are selected. The objective value is: 0.00043683811765200944
Stopped at iteration 199. 150 items are selected. The objective value is: 0.00011475718848396545
Stopped at iteration 139. 150 items are selected. The objective value is: 0.0002578758991146963
Stopped at iteration 127. 150 items are selected. The objective value is: 4.953899282252608e-05
Stopped at iteration 150. 150 items are selected. The objective value is: 0.00011399669845917606
Stopped at iteration 213. 150 items are selected. The objective value is: 0.00027687383426211893
Stopped at iteration 167. 150 items are selected. The objective value is: 0.00021387075790306828
Stopped at iteration 157. 150 items are selected. The objective value is: 0.0005886760026640796
Stopped at iteration 134. 150 items are selected. The objective value is: 0.0002552686161738767
Stopped at iteration 131. 150 items are selected. The objective value is: 0.0004749011893806097
Stopped at iteration 219. 150 items are selected. The objective value is: 0.0004822167849360057
Stopped at iteration 120. 150 items are selected. The objective value is: 0.0006290278895506653
Stopped at iteration 127. 150 items are selected. The objective value is: 0.0004721902287017264
Stopped at iteration 161. 150 items are selected. The objective value is: 0.00023443430119069622
Stopped at iteration 134. 150 items are selected. The objective value is: 0.00027068667881063017
Stopped at iteration 120. 150 items are selected. The objective value is: 0.0004295032714119436
Stopped at iteration 80. 150 items are selected. The objective value is: 0.0001983264142302045
rounds:  42%|████▎     | 17/40 [34:52<44:03, 114.95s/it][round  17] per_acc=0.9797 glob_acc=0.8877 train_acc=0.9968 train_loss=0.038 kl(q_w||q)=1.206
Stopped at iteration 147. 150 items are selected. The objective value is: 0.00022666369933906267
Stopped at iteration 247. 150 items are selected. The objective value is: 0.0001853489925314623
Stopped at iteration 293. 150 items are selected. The objective value is: 0.00015251892113607337
Stopped at iteration 135. 150 items are selected. The objective value is: 0.0004849190944498518
Stopped at iteration 143. 150 items are selected. The objective value is: 0.00046219520750764544
Stopped at iteration 120. 150 items are selected. The objective value is: 0.00029156176719742876
Stopped at iteration 166. 150 items are selected. The objective value is: 0.00020643841309593423
Stopped at iteration 163. 150 items are selected. The objective value is: 0.00011710517367505823
Stopped at iteration 178. 150 items are selected. The objective value is: 0.00012363153263559153
Stopped at iteration 301. 150 items are selected. The objective value is: 0.00024888885308078354
Stopped at iteration 301. 150 items are selected. The objective value is: 0.001523191469405229
Stopped at iteration 301. 150 items are selected. The objective value is: 0.0008953470006967119
Stopped at iteration 147. 150 items are selected. The objective value is: 0.0002998668693477284
Stopped at iteration 117. 150 items are selected. The objective value is: 0.00020379025671676267
Stopped at iteration 174. 150 items are selected. The objective value is: 0.0002336778077632097
Stopped at iteration 235. 150 items are selected. The objective value is: 0.00012216453421430256
Stopped at iteration 171. 150 items are selected. The objective value is: 5.464747672582347e-05
Stopped at iteration 103. 150 items are selected. The objective value is: 9.568394582392325e-05
Stopped at iteration 232. 150 items are selected. The objective value is: 0.00038310266720129103
Stopped at iteration 182. 150 items are selected. The objective value is: 0.00019897227738888902
Stopped at iteration 188. 150 items are selected. The objective value is: 0.00018647918224937662
Stopped at iteration 151. 150 items are selected. The objective value is: 0.0003644320434590926
Stopped at iteration 134. 150 items are selected. The objective value is: 0.00021876360268534878
Stopped at iteration 187. 150 items are selected. The objective value is: 0.0005818965506344118
Stopped at iteration 161. 150 items are selected. The objective value is: 0.00034805996496567004
Stopped at iteration 133. 150 items are selected. The objective value is: 0.00020792600312530767
Stopped at iteration 121. 150 items are selected. The objective value is: 0.00030152604314817285
Stopped at iteration 133. 150 items are selected. The objective value is: 0.0005613381976037873
Stopped at iteration 143. 150 items are selected. The objective value is: 0.0006206796805148709
Stopped at iteration 162. 150 items are selected. The objective value is: 0.00014243423339805152
rounds:  45%|████▌     | 18/40 [36:48<42:15, 115.25s/it][round  18] per_acc=0.9794 glob_acc=0.8870 train_acc=0.9969 train_loss=0.034 kl(q_w||q)=0.862
Stopped at iteration 189. 150 items are selected. The objective value is: 0.00016749789667790086
Stopped at iteration 272. 150 items are selected. The objective value is: 0.00013757935310223444
Stopped at iteration 233. 150 items are selected. The objective value is: 0.00019611113233254976
Stopped at iteration 144. 150 items are selected. The objective value is: 0.0003939918421270778
Stopped at iteration 133. 150 items are selected. The objective value is: 0.00035004002080597226
Stopped at iteration 131. 150 items are selected. The objective value is: 0.00021438967593756235
Stopped at iteration 126. 150 items are selected. The objective value is: 0.00013582662898672837
Stopped at iteration 278. 150 items are selected. The objective value is: 0.00044766624974457007
Stopped at iteration 181. 150 items are selected. The objective value is: 9.387999201264007e-05
Stopped at iteration 301. 150 items are selected. The objective value is: 0.002315921702269186
Stopped at iteration 301. 150 items are selected. The objective value is: 0.0021171631303228793
Stopped at iteration 270. 150 items are selected. The objective value is: 0.00018321732525109315
Stopped at iteration 118. 150 items are selected. The objective value is: 0.0005100953959013242
Stopped at iteration 140. 150 items are selected. The objective value is: 0.00016340933552917575
Stopped at iteration 146. 150 items are selected. The objective value is: 0.0002076379634472866
Stopped at iteration 114. 150 items are selected. The objective value is: 6.39396341002296e-05
Stopped at iteration 136. 150 items are selected. The objective value is: 0.00012289670306466345
Stopped at iteration 197. 150 items are selected. The objective value is: 0.00013478714219324864
Stopped at iteration 170. 150 items are selected. The objective value is: 0.00037811635192916236
Stopped at iteration 156. 150 items are selected. The objective value is: 0.0001981024542025652
Stopped at iteration 152. 150 items are selected. The objective value is: 0.00013171484470320455
Stopped at iteration 186. 150 items are selected. The objective value is: 0.0002970302223444895
Stopped at iteration 211. 150 items are selected. The objective value is: 0.0005355366085692276
Stopped at iteration 130. 150 items are selected. The objective value is: 0.00016641990811757092
Stopped at iteration 155. 150 items are selected. The objective value is: 0.0002947630042103312
Stopped at iteration 145. 150 items are selected. The objective value is: 0.0003958757972529834
Stopped at iteration 191. 150 items are selected. The objective value is: 0.000331827292654951
Stopped at iteration 119. 150 items are selected. The objective value is: 0.0010362044382379906
Stopped at iteration 143. 150 items are selected. The objective value is: 0.00043295432474560203
Stopped at iteration 118. 150 items are selected. The objective value is: 0.0004541899239681167
rounds:  48%|████▊     | 19/40 [38:45<40:29, 115.69s/it][round  19] per_acc=0.9794 glob_acc=0.8835 train_acc=0.9974 train_loss=0.032 kl(q_w||q)=0.989
Stopped at iteration 149. 150 items are selected. The objective value is: 0.00019839098136027942
Stopped at iteration 237. 150 items are selected. The objective value is: 0.00015010786070424027
Stopped at iteration 207. 150 items are selected. The objective value is: 0.00013200004629438617
Stopped at iteration 114. 150 items are selected. The objective value is: 0.0005210818334091378
Stopped at iteration 111. 150 items are selected. The objective value is: 0.0009401535736052325
Stopped at iteration 112. 150 items are selected. The objective value is: 0.000202318812969252
Stopped at iteration 297. 150 items are selected. The objective value is: 0.0003165631214230949
Stopped at iteration 181. 150 items are selected. The objective value is: 0.00020539157140214798
Stopped at iteration 181. 150 items are selected. The objective value is: 0.00016637535389770264
Stopped at iteration 301. 150 items are selected. The objective value is: 0.00048038242985145246
Stopped at iteration 301. 150 items are selected. The objective value is: 0.0009586553937551587
Stopped at iteration 301. 150 items are selected. The objective value is: 0.0041894207865446195
Stopped at iteration 107. 150 items are selected. The objective value is: 0.0004048355894050585
Stopped at iteration 134. 150 items are selected. The objective value is: 0.00017957418621095074
Stopped at iteration 160. 150 items are selected. The objective value is: 0.0002635600089132639
Stopped at iteration 174. 150 items are selected. The objective value is: 0.00010924042566013536
Stopped at iteration 207. 150 items are selected. The objective value is: 0.00011727915945597945
Stopped at iteration 181. 150 items are selected. The objective value is: 0.00015475225797069502
Stopped at iteration 179. 150 items are selected. The objective value is: 0.00021835544277644644
Stopped at iteration 168. 150 items are selected. The objective value is: 0.00014403347754459925
Stopped at iteration 201. 150 items are selected. The objective value is: 0.0001840329835819141
Stopped at iteration 152. 150 items are selected. The objective value is: 0.0003651518235301518
Stopped at iteration 170. 150 items are selected. The objective value is: 0.0003400702638029038
Stopped at iteration 158. 150 items are selected. The objective value is: 0.00015283485684296794
Stopped at iteration 126. 150 items are selected. The objective value is: 0.00018684891133891976
Stopped at iteration 127. 150 items are selected. The objective value is: 0.0001405291853705094
Stopped at iteration 146. 150 items are selected. The objective value is: 0.00023547488364762724
Stopped at iteration 161. 150 items are selected. The objective value is: 0.00048535114386247084
Stopped at iteration 142. 150 items are selected. The objective value is: 0.0005267848131850899
Stopped at iteration 153. 150 items are selected. The objective value is: 0.0009462080705781239
rounds:  50%|█████     | 20/40 [41:05<41:02, 123.14s/it][round  20] per_acc=0.9799 glob_acc=0.8965 train_acc=0.9974 train_loss=0.031 kl(q_w||q)=0.838
Stopped at iteration 201. 150 items are selected. The objective value is: 0.00021180817466802005
Stopped at iteration 215. 150 items are selected. The objective value is: 0.00012262778106461215
Stopped at iteration 216. 150 items are selected. The objective value is: 6.528549693295397e-05
Stopped at iteration 164. 150 items are selected. The objective value is: 0.00036299015777304625
Stopped at iteration 145. 150 items are selected. The objective value is: 0.00018938700796833845
Stopped at iteration 106. 150 items are selected. The objective value is: 0.00047012641086923107
Stopped at iteration 118. 150 items are selected. The objective value is: 0.00026820014969304904
Stopped at iteration 169. 150 items are selected. The objective value is: 0.00020473428445666477
Stopped at iteration 151. 150 items are selected. The objective value is: 7.672752178952237e-05
Stopped at iteration 301. 150 items are selected. The objective value is: 0.00023581888844493275
Stopped at iteration 301. 150 items are selected. The objective value is: 0.0002028295805796765
Stopped at iteration 301. 150 items are selected. The objective value is: 0.0012670152303575805
Stopped at iteration 112. 150 items are selected. The objective value is: 0.0003292844429030108
Stopped at iteration 131. 150 items are selected. The objective value is: 0.0002735314094392732
Stopped at iteration 144. 150 items are selected. The objective value is: 0.0002003077007422875
Stopped at iteration 159. 150 items are selected. The objective value is: 0.00015566062473526673
Stopped at iteration 185. 150 items are selected. The objective value is: 0.00011882585374838659
Stopped at iteration 118. 150 items are selected. The objective value is: 3.854399853427477e-05
Stopped at iteration 275. 150 items are selected. The objective value is: 0.0006817881795226174
Stopped at iteration 301. 150 items are selected. The objective value is: 0.000434174829160152
Stopped at iteration 252. 150 items are selected. The objective value is: 0.00017671215724582797
Stopped at iteration 178. 150 items are selected. The objective value is: 0.00022738260375682
Stopped at iteration 178. 150 items are selected. The objective value is: 0.00032946353476966404
Stopped at iteration 226. 150 items are selected. The objective value is: 0.00040384164244959623
Stopped at iteration 128. 150 items are selected. The objective value is: 0.0002001699871241031
Stopped at iteration 164. 150 items are selected. The objective value is: 0.0002224060874771324
Stopped at iteration 151. 150 items are selected. The objective value is: 0.00036927946982662506
Stopped at iteration 128. 150 items are selected. The objective value is: 0.00026065461685509985
Stopped at iteration 217. 150 items are selected. The objective value is: 0.0006489528590980814
Stopped at iteration 107. 150 items are selected. The objective value is: 0.000348699788334345
rounds:  52%|█████▎    | 21/40 [43:18<39:52, 125.93s/it][round  21] per_acc=0.9810 glob_acc=0.8787 train_acc=0.9979 train_loss=0.026 kl(q_w||q)=0.905
Stopped at iteration 216. 150 items are selected. The objective value is: 0.00018522149399768977
Stopped at iteration 220. 150 items are selected. The objective value is: 0.00017714601219992834
Stopped at iteration 211. 150 items are selected. The objective value is: 9.751399150639897e-05
Stopped at iteration 137. 150 items are selected. The objective value is: 0.001002637698334437
Stopped at iteration 122. 150 items are selected. The objective value is: 0.0002683123694427234
Stopped at iteration 125. 150 items are selected. The objective value is: 0.0011189712494616495
Stopped at iteration 163. 150 items are selected. The objective value is: 0.0001584538729187363
Stopped at iteration 230. 150 items are selected. The objective value is: 0.00018269032483613892
Stopped at iteration 164. 150 items are selected. The objective value is: 5.258175945752472e-05
Stopped at iteration 301. 150 items are selected. The objective value is: 0.001396023330171374
Stopped at iteration 301. 150 items are selected. The objective value is: 0.0040139894150472795
Stopped at iteration 301. 150 items are selected. The objective value is: 0.0012224906885843793
Stopped at iteration 136. 150 items are selected. The objective value is: 0.0004629419292728887
Stopped at iteration 146. 150 items are selected. The objective value is: 0.00021352296495642033
Stopped at iteration 121. 150 items are selected. The objective value is: 0.0002135266739231561
Stopped at iteration 153. 150 items are selected. The objective value is: 8.259513807164471e-05
Stopped at iteration 134. 150 items are selected. The objective value is: 0.00010835615910330326
Stopped at iteration 152. 150 items are selected. The objective value is: 4.4413283854745986e-05
Stopped at iteration 171. 150 items are selected. The objective value is: 0.0004528708695991132
Stopped at iteration 172. 150 items are selected. The objective value is: 0.00012636703416665576
Stopped at iteration 134. 150 items are selected. The objective value is: 0.00059886625246506
Stopped at iteration 142. 150 items are selected. The objective value is: 0.00020955198391834227
Stopped at iteration 167. 150 items are selected. The objective value is: 0.0003157021069628491
Stopped at iteration 170. 150 items are selected. The objective value is: 0.0004936892066886596
Stopped at iteration 128. 150 items are selected. The objective value is: 0.0003725562689296451
Stopped at iteration 190. 150 items are selected. The objective value is: 0.00018837589702024014
Stopped at iteration 166. 150 items are selected. The objective value is: 0.00017233658693778091
Stopped at iteration 130. 150 items are selected. The objective value is: 0.0004079401002584198
Stopped at iteration 112. 150 items are selected. The objective value is: 0.00043455300249263746
Stopped at iteration 104. 150 items are selected. The objective value is: 0.00026991375152828523
rounds:  55%|█████▌    | 22/40 [45:43<39:34, 131.91s/it][round  22] per_acc=0.9832 glob_acc=0.8977 train_acc=0.9988 train_loss=0.024 kl(q_w||q)=1.112
Stopped at iteration 128. 150 items are selected. The objective value is: 0.0002983632903113258
Stopped at iteration 239. 150 items are selected. The objective value is: 0.0001186221473916692
Stopped at iteration 188. 150 items are selected. The objective value is: 8.4309917172827e-05
Stopped at iteration 106. 150 items are selected. The objective value is: 0.0002517854816685479
Stopped at iteration 120. 150 items are selected. The objective value is: 7.698752031075137e-05
Stopped at iteration 138. 150 items are selected. The objective value is: 0.0002440346423109433
Stopped at iteration 140. 150 items are selected. The objective value is: 0.00014800541572894453
Stopped at iteration 133. 150 items are selected. The objective value is: 7.719059829651227e-05
Stopped at iteration 266. 150 items are selected. The objective value is: 0.00023051807424609905
Stopped at iteration 301. 150 items are selected. The objective value is: 0.0012341033839446056
Stopped at iteration 301. 150 items are selected. The objective value is: 0.0006153288197480306
Stopped at iteration 301. 150 items are selected. The objective value is: 0.0006492702381947927
Stopped at iteration 128. 150 items are selected. The objective value is: 0.00016690254375416262
Stopped at iteration 131. 150 items are selected. The objective value is: 9.693970794678744e-05
Stopped at iteration 124. 150 items are selected. The objective value is: 0.00018045815049286008
Stopped at iteration 205. 150 items are selected. The objective value is: 0.00020043116450196838
Stopped at iteration 158. 150 items are selected. The objective value is: 0.00012142584068488066
Stopped at iteration 119. 150 items are selected. The objective value is: 5.7619467772772684e-05
Stopped at iteration 196. 150 items are selected. The objective value is: 0.0002674388535277868
Stopped at iteration 183. 150 items are selected. The objective value is: 0.0001930854772980051
Stopped at iteration 139. 150 items are selected. The objective value is: 0.00012651959435311662
Stopped at iteration 142. 150 items are selected. The objective value is: 0.0003592055146477397
Stopped at iteration 160. 150 items are selected. The objective value is: 0.0002484037428702814
Stopped at iteration 271. 150 items are selected. The objective value is: 0.00021719253237877258
Stopped at iteration 125. 150 items are selected. The objective value is: 0.0002412671795674103
Stopped at iteration 146. 150 items are selected. The objective value is: 0.00021185548694477551
Stopped at iteration 134. 150 items are selected. The objective value is: 6.155089494950603e-05
Stopped at iteration 115. 150 items are selected. The objective value is: 0.00023695074713689222
rounds:  57%|█████▊    | 23/40 [48:04<38:04, 134.39s/it][round  23] per_acc=0.9810 glob_acc=0.8940 train_acc=0.9986 train_loss=0.025 kl(q_w||q)=0.905
Stopped at iteration 297. 150 items are selected. The objective value is: 0.00024452456942503065
Stopped at iteration 233. 150 items are selected. The objective value is: 0.00023283129864319177
Stopped at iteration 231. 150 items are selected. The objective value is: 0.00013761878402603276
Stopped at iteration 135. 150 items are selected. The objective value is: 0.00010910356945073893
Stopped at iteration 136. 150 items are selected. The objective value is: 0.00040566107807379106
Stopped at iteration 169. 150 items are selected. The objective value is: 0.00033204476364961965
Stopped at iteration 183. 150 items are selected. The objective value is: 0.0001303493898474147
Stopped at iteration 138. 150 items are selected. The objective value is: 0.00019050550551168928
Stopped at iteration 240. 150 items are selected. The objective value is: 0.00021292081538302804
Stopped at iteration 301. 150 items are selected. The objective value is: 0.0011390870540509148
Stopped at iteration 301. 150 items are selected. The objective value is: 0.0009917285049496527
Stopped at iteration 301. 150 items are selected. The objective value is: 0.0019405470828068262
Stopped at iteration 144. 150 items are selected. The objective value is: 0.00019589649899058177
Stopped at iteration 170. 150 items are selected. The objective value is: 0.0001143148407699965
Stopped at iteration 180. 150 items are selected. The objective value is: 0.0002599958732477757
Stopped at iteration 140. 150 items are selected. The objective value is: 7.580791230521225e-05
Stopped at iteration 130. 150 items are selected. The objective value is: 8.574275165539889e-05
Stopped at iteration 231. 150 items are selected. The objective value is: 9.102162540962676e-05
Stopped at iteration 227. 150 items are selected. The objective value is: 0.00016117266362499709
Stopped at iteration 208. 150 items are selected. The objective value is: 0.0001372165259315103
Stopped at iteration 247. 150 items are selected. The objective value is: 0.0003510198462839091
Stopped at iteration 103. 150 items are selected. The objective value is: 0.0002830403146808137
Stopped at iteration 156. 150 items are selected. The objective value is: 0.00016102419112607773
Stopped at iteration 217. 150 items are selected. The objective value is: 0.0002898719128207175
Stopped at iteration 164. 150 items are selected. The objective value is: 0.0001729043315051341
Stopped at iteration 194. 150 items are selected. The objective value is: 0.00027052249202323865
Stopped at iteration 156. 150 items are selected. The objective value is: 0.00013164519371383922
Stopped at iteration 143. 150 items are selected. The objective value is: 0.0004658440021917676
Stopped at iteration 135. 150 items are selected. The objective value is: 0.00020181413640630406
Stopped at iteration 198. 150 items are selected. The objective value is: 0.0003761916856180737
rounds:  60%|██████    | 24/40 [50:09<35:05, 131.59s/it][round  24] per_acc=0.9812 glob_acc=0.8967 train_acc=0.9988 train_loss=0.023 kl(q_w||q)=0.942
Stopped at iteration 205. 150 items are selected. The objective value is: 0.0001285651263151125
Stopped at iteration 178. 150 items are selected. The objective value is: 5.6714394393790324e-05
Stopped at iteration 241. 150 items are selected. The objective value is: 0.00016825944020592543
Stopped at iteration 132. 150 items are selected. The objective value is: 0.0003911732556047911
Stopped at iteration 135. 150 items are selected. The objective value is: 0.00027346832261709533
Stopped at iteration 140. 150 items are selected. The objective value is: 0.0004960564029823111
Stopped at iteration 213. 150 items are selected. The objective value is: 9.445464945844305e-05
Stopped at iteration 152. 150 items are selected. The objective value is: 3.437077651622165e-05
Stopped at iteration 250. 150 items are selected. The objective value is: 0.00019931144859997645
Stopped at iteration 301. 150 items are selected. The objective value is: 0.004020162326267933
Stopped at iteration 301. 150 items are selected. The objective value is: 0.0016842524062736343
Stopped at iteration 301. 150 items are selected. The objective value is: 0.0003305895143574845
Stopped at iteration 174. 150 items are selected. The objective value is: 0.000187472746693825
Stopped at iteration 125. 150 items are selected. The objective value is: 0.0003040797772479077
Stopped at iteration 143. 150 items are selected. The objective value is: 0.00010344095119302011
Stopped at iteration 124. 150 items are selected. The objective value is: 8.8166002496719e-05
Stopped at iteration 173. 150 items are selected. The objective value is: 5.166127260576278e-05
Stopped at iteration 153. 150 items are selected. The objective value is: 0.00010077895543742235
Stopped at iteration 163. 150 items are selected. The objective value is: 0.00025583057725692224
Stopped at iteration 165. 150 items are selected. The objective value is: 0.00011456298113533147
Stopped at iteration 196. 150 items are selected. The objective value is: 0.00013989016507137228
Stopped at iteration 169. 150 items are selected. The objective value is: 0.00012240866794627559
Stopped at iteration 156. 150 items are selected. The objective value is: 0.0005012148902349473
Stopped at iteration 136. 150 items are selected. The objective value is: 0.00014260531267925425
Stopped at iteration 129. 150 items are selected. The objective value is: 0.00022768185057772875
Stopped at iteration 154. 150 items are selected. The objective value is: 6.882360737159182e-05
Stopped at iteration 228. 150 items are selected. The objective value is: 0.00011859475871780685
Stopped at iteration 120. 150 items are selected. The objective value is: 0.0002448894744965389
Stopped at iteration 142. 150 items are selected. The objective value is: 0.00046209011953463703
Stopped at iteration 111. 150 items are selected. The objective value is: 0.00018558119762140365
rounds:  62%|██████▎   | 25/40 [52:08<32:00, 128.05s/it][round  25] per_acc=0.9794 glob_acc=0.8987 train_acc=0.9992 train_loss=0.018 kl(q_w||q)=0.852
Stopped at iteration 274. 150 items are selected. The objective value is: 0.000265282554031409
Stopped at iteration 243. 150 items are selected. The objective value is: 0.00013446828412619582
Stopped at iteration 301. 150 items are selected. The objective value is: 0.00014309552880367238
Stopped at iteration 94. 150 items are selected. The objective value is: 0.0002121225708697939
Stopped at iteration 141. 150 items are selected. The objective value is: 0.0001538185127633024
Stopped at iteration 177. 150 items are selected. The objective value is: 0.00024383775527032843
Stopped at iteration 215. 150 items are selected. The objective value is: 0.00012216567684261338
Stopped at iteration 179. 150 items are selected. The objective value is: 0.00010818622648452601
Stopped at iteration 145. 150 items are selected. The objective value is: 3.62533395763008e-05
Stopped at iteration 301. 150 items are selected. The objective value is: 0.009553651655595921
Stopped at iteration 301. 150 items are selected. The objective value is: 0.0010512267189227388
Stopped at iteration 301. 150 items are selected. The objective value is: 0.0009239749289540667
Stopped at iteration 144. 150 items are selected. The objective value is: 0.0002832104039629707
Stopped at iteration 159. 150 items are selected. The objective value is: 0.00013342197440335252
Stopped at iteration 196. 150 items are selected. The objective value is: 0.0001257890198877514
Stopped at iteration 119. 150 items are selected. The objective value is: 0.00012458402043576773
Stopped at iteration 199. 150 items are selected. The objective value is: 0.0001013099646694238
Stopped at iteration 187. 150 items are selected. The objective value is: 0.00010359503405703985
Stopped at iteration 216. 150 items are selected. The objective value is: 0.00016574334773938418
Stopped at iteration 201. 150 items are selected. The objective value is: 0.00014242813393650598
Stopped at iteration 158. 150 items are selected. The objective value is: 9.672465228500176e-05
Stopped at iteration 199. 150 items are selected. The objective value is: 0.00030350587143155135
Stopped at iteration 188. 150 items are selected. The objective value is: 0.00041720413331083173
Stopped at iteration 184. 150 items are selected. The objective value is: 0.00019323578575087765
Stopped at iteration 134. 150 items are selected. The objective value is: 0.00021036814204139956
Stopped at iteration 129. 150 items are selected. The objective value is: 0.00016960601100792581
Stopped at iteration 199. 150 items are selected. The objective value is: 0.00014778372958992566
Stopped at iteration 124. 150 items are selected. The objective value is: 0.00024222457698155737
Stopped at iteration 157. 150 items are selected. The objective value is: 0.00012362550400584862
Stopped at iteration 260. 150 items are selected. The objective value is: 0.0006862794861586505
rounds:  65%|██████▌   | 26/40 [54:05<29:06, 124.74s/it][round  26] per_acc=0.9822 glob_acc=0.8922 train_acc=0.9993 train_loss=0.020 kl(q_w||q)=0.751
Stopped at iteration 156. 150 items are selected. The objective value is: 6.778076014480709e-05
Stopped at iteration 212. 150 items are selected. The objective value is: 7.762520152527631e-05
Stopped at iteration 175. 150 items are selected. The objective value is: 3.877123472386456e-05
Stopped at iteration 107. 150 items are selected. The objective value is: 0.00035006279671757125
Stopped at iteration 158. 150 items are selected. The objective value is: 0.0003574347552025659
Stopped at iteration 119. 150 items are selected. The objective value is: 0.00011720080523556872
Stopped at iteration 119. 150 items are selected. The objective value is: 8.006970789258565e-05
Stopped at iteration 170. 150 items are selected. The objective value is: 0.0001998126740475471
Stopped at iteration 247. 150 items are selected. The objective value is: 0.00013856814795701303
Stopped at iteration 301. 150 items are selected. The objective value is: 0.0009410641953538732
Stopped at iteration 288. 150 items are selected. The objective value is: 0.00014907815846051692
Stopped at iteration 301. 150 items are selected. The objective value is: 0.00763004337274121
Stopped at iteration 137. 150 items are selected. The objective value is: 0.00017215865668204042
Stopped at iteration 130. 150 items are selected. The objective value is: 0.00014205017537568396
Stopped at iteration 230. 150 items are selected. The objective value is: 0.0002988249885674923
Stopped at iteration 135. 150 items are selected. The objective value is: 0.00010486184246897213
Stopped at iteration 218. 150 items are selected. The objective value is: 7.223464870699944e-05
Stopped at iteration 180. 150 items are selected. The objective value is: 0.0001026356811126794
Stopped at iteration 145. 150 items are selected. The objective value is: 0.00012003004362471246
Stopped at iteration 301. 150 items are selected. The objective value is: 0.0005686852951000089
Stopped at iteration 144. 150 items are selected. The objective value is: 7.56671196660147e-05
Stopped at iteration 258. 150 items are selected. The objective value is: 0.0005547450234283561
Stopped at iteration 171. 150 items are selected. The objective value is: 0.00015612338382682415
Stopped at iteration 191. 150 items are selected. The objective value is: 0.00025003322908355777
Stopped at iteration 118. 150 items are selected. The objective value is: 0.00023380400452827137
Stopped at iteration 89. 150 items are selected. The objective value is: 0.00022170151681745194
Stopped at iteration 141. 150 items are selected. The objective value is: 0.00014941213858909557
Stopped at iteration 82. 150 items are selected. The objective value is: 0.00024281128951312867
Stopped at iteration 152. 150 items are selected. The objective value is: 0.0003424125128134938
Stopped at iteration 212. 150 items are selected. The objective value is: 0.00042750225658411167
rounds:  68%|██████▊   | 27/40 [56:02<26:28, 122.22s/it][round  27] per_acc=0.9822 glob_acc=0.9120 train_acc=0.9994 train_loss=0.017 kl(q_w||q)=0.888
Stopped at iteration 153. 150 items are selected. The objective value is: 0.00016831758368122168
Stopped at iteration 186. 150 items are selected. The objective value is: 5.564706509053474e-05
Stopped at iteration 195. 150 items are selected. The objective value is: 7.588927724155697e-05
Stopped at iteration 205. 150 items are selected. The objective value is: 0.0006408926578767192
Stopped at iteration 126. 150 items are selected. The objective value is: 0.0008630985767097756
Stopped at iteration 134. 150 items are selected. The objective value is: 0.00012794316944058094
Stopped at iteration 167. 150 items are selected. The objective value is: 0.0001111689926535911
Stopped at iteration 131. 150 items are selected. The objective value is: 6.918562682694427e-05
Stopped at iteration 187. 150 items are selected. The objective value is: 0.00015474055864713452
Stopped at iteration 301. 150 items are selected. The objective value is: 0.003925005655210755
Stopped at iteration 301. 150 items are selected. The objective value is: 0.001586566244876362
Stopped at iteration 301. 150 items are selected. The objective value is: 0.0016505786346307347
Stopped at iteration 90. 150 items are selected. The objective value is: 0.0001340359709301453
Stopped at iteration 128. 150 items are selected. The objective value is: 0.00016994711974091398
Stopped at iteration 147. 150 items are selected. The objective value is: 8.492362356836934e-05
Stopped at iteration 119. 150 items are selected. The objective value is: 0.00016784031641399786
Stopped at iteration 162. 150 items are selected. The objective value is: 7.521876143997193e-05
Stopped at iteration 150. 150 items are selected. The objective value is: 4.5976840304424034e-05
Stopped at iteration 182. 150 items are selected. The objective value is: 9.894257377250417e-05
Stopped at iteration 148. 150 items are selected. The objective value is: 7.978015167785716e-05
Stopped at iteration 227. 150 items are selected. The objective value is: 0.00017774384446730463
Stopped at iteration 171. 150 items are selected. The objective value is: 0.00043189123156618127
Stopped at iteration 233. 150 items are selected. The objective value is: 0.00021020016698731665
Stopped at iteration 122. 150 items are selected. The objective value is: 0.00010193694615270984
Stopped at iteration 172. 150 items are selected. The objective value is: 0.00027733865031878344
Stopped at iteration 191. 150 items are selected. The objective value is: 0.00021566068567245372
Stopped at iteration 173. 150 items are selected. The objective value is: 0.00034643866813090864
Stopped at iteration 126. 150 items are selected. The objective value is: 0.00028970217377538316
Stopped at iteration 122. 150 items are selected. The objective value is: 0.0003733637670060525
Stopped at iteration 212. 150 items are selected. The objective value is: 0.0003322149972960756
rounds:  70%|███████   | 28/40 [57:58<24:06, 120.52s/it][round  28] per_acc=0.9815 glob_acc=0.8935 train_acc=0.9996 train_loss=0.016 kl(q_w||q)=0.681
Stopped at iteration 206. 150 items are selected. The objective value is: 0.00032172984704956177
Stopped at iteration 198. 150 items are selected. The objective value is: 4.6178638698851224e-05
Stopped at iteration 301. 150 items are selected. The objective value is: 0.00012252928918638476
Stopped at iteration 106. 150 items are selected. The objective value is: 0.0004174045876497317
Stopped at iteration 138. 150 items are selected. The objective value is: 0.00014108693594577123
Stopped at iteration 109. 150 items are selected. The objective value is: 9.051982213959804e-05
Stopped at iteration 188. 150 items are selected. The objective value is: 0.0001328574300267991
Stopped at iteration 258. 150 items are selected. The objective value is: 0.0001591676533406675
Stopped at iteration 167. 150 items are selected. The objective value is: 7.719322804931895e-05
Stopped at iteration 295. 150 items are selected. The objective value is: 0.0002720583389431708
Stopped at iteration 301. 150 items are selected. The objective value is: 0.001862862674120957
Stopped at iteration 301. 150 items are selected. The objective value is: 0.0053963999632307596
Stopped at iteration 161. 150 items are selected. The objective value is: 0.000284906260974232
Stopped at iteration 97. 150 items are selected. The objective value is: 0.0003084025453892383
Stopped at iteration 148. 150 items are selected. The objective value is: 5.910464441249196e-05
Stopped at iteration 119. 150 items are selected. The objective value is: 9.575814152416722e-05
Stopped at iteration 157. 150 items are selected. The objective value is: 2.241665799214943e-05
Stopped at iteration 213. 150 items are selected. The objective value is: 0.00033137385321480777
Stopped at iteration 157. 150 items are selected. The objective value is: 0.00031184084639531
Stopped at iteration 259. 150 items are selected. The objective value is: 0.0006176338734982068
Stopped at iteration 150. 150 items are selected. The objective value is: 0.0002876780332319723
Stopped at iteration 260. 150 items are selected. The objective value is: 0.000397586922851689
Stopped at iteration 247. 150 items are selected. The objective value is: 0.0002430559785049772
Stopped at iteration 144. 150 items are selected. The objective value is: 0.00011843188472413993
Stopped at iteration 156. 150 items are selected. The objective value is: 0.00017929470101575115
Stopped at iteration 110. 150 items are selected. The objective value is: 6.356441167967186e-05
Stopped at iteration 133. 150 items are selected. The objective value is: 0.0002906639004262302
Stopped at iteration 147. 150 items are selected. The objective value is: 0.00017854471484703111
Stopped at iteration 124. 150 items are selected. The objective value is: 0.00017932371294034102
rounds:  72%|███████▎  | 29/40 [59:52<21:42, 118.40s/it][round  29] per_acc=0.9812 glob_acc=0.9103 train_acc=0.9998 train_loss=0.014 kl(q_w||q)=0.739
Stopped at iteration 253. 150 items are selected. The objective value is: 9.915636981698016e-05
Stopped at iteration 301. 150 items are selected. The objective value is: 0.0005915941122099325
Stopped at iteration 290. 150 items are selected. The objective value is: 6.976070596643932e-05
Stopped at iteration 121. 150 items are selected. The objective value is: 0.0001668601016640727
Stopped at iteration 172. 150 items are selected. The objective value is: 0.00044767321846485525
Stopped at iteration 199. 150 items are selected. The objective value is: 0.0001550425661152976
Stopped at iteration 206. 150 items are selected. The objective value is: 8.71227836905585e-05
Stopped at iteration 238. 150 items are selected. The objective value is: 0.0001658757712232553
Stopped at iteration 223. 150 items are selected. The objective value is: 5.357615851942375e-05
Stopped at iteration 301. 150 items are selected. The objective value is: 0.0030620328489925864
Stopped at iteration 301. 150 items are selected. The objective value is: 0.0017523957865785112
Stopped at iteration 301. 150 items are selected. The objective value is: 0.0007690023686146107
Stopped at iteration 152. 150 items are selected. The objective value is: 0.00018443752516479267
Stopped at iteration 253. 150 items are selected. The objective value is: 0.00018970250879900608
Stopped at iteration 141. 150 items are selected. The objective value is: 8.16686598757449e-05
Stopped at iteration 143. 150 items are selected. The objective value is: 7.105133484804051e-05
Stopped at iteration 155. 150 items are selected. The objective value is: 0.00013722977243622417
Stopped at iteration 216. 150 items are selected. The objective value is: 4.1017443752373914e-05
Stopped at iteration 258. 150 items are selected. The objective value is: 0.0002189911224512644
Stopped at iteration 207. 150 items are selected. The objective value is: 0.0002405530364575475
Stopped at iteration 210. 150 items are selected. The objective value is: 9.333045693955217e-05
Stopped at iteration 212. 150 items are selected. The objective value is: 0.0006491900050685751
Stopped at iteration 219. 150 items are selected. The objective value is: 0.00020274959616105323
Stopped at iteration 226. 150 items are selected. The objective value is: 0.00035177138475131687
Stopped at iteration 186. 150 items are selected. The objective value is: 0.00016740196331505416
Stopped at iteration 215. 150 items are selected. The objective value is: 0.00024498595657043525
Stopped at iteration 158. 150 items are selected. The objective value is: 0.00010317667216789253
Stopped at iteration 93. 150 items are selected. The objective value is: 0.00015695424741933746
Stopped at iteration 113. 150 items are selected. The objective value is: 8.777006776610719e-05
Stopped at iteration 168. 150 items are selected. The objective value is: 0.00012600163432458837
rounds:  75%|███████▌  | 30/40 [1:01:58<20:06, 120.61s/it][round  30] per_acc=0.9835 glob_acc=0.9105 train_acc=0.9994 train_loss=0.017 kl(q_w||q)=0.719
Stopped at iteration 187. 150 items are selected. The objective value is: 8.118136192370678e-05
Stopped at iteration 170. 150 items are selected. The objective value is: 8.336373603303607e-05
Stopped at iteration 174. 150 items are selected. The objective value is: 3.008167543715501e-05
Stopped at iteration 112. 150 items are selected. The objective value is: 0.0002277098309124093
Stopped at iteration 157. 150 items are selected. The objective value is: 0.00022585339510588806
Stopped at iteration 130. 150 items are selected. The objective value is: 0.0002736508778935232
Stopped at iteration 125. 150 items are selected. The objective value is: 6.817239843178054e-05
Stopped at iteration 173. 150 items are selected. The objective value is: 8.199531125670271e-05
Stopped at iteration 147. 150 items are selected. The objective value is: 6.921584325567283e-05
Stopped at iteration 301. 150 items are selected. The objective value is: 0.00179346981705839
Stopped at iteration 301. 150 items are selected. The objective value is: 0.0004840281834437066
Stopped at iteration 301. 150 items are selected. The objective value is: 0.0006067568286813264
Stopped at iteration 130. 150 items are selected. The objective value is: 0.00017498024057982397
Stopped at iteration 114. 150 items are selected. The objective value is: 9.739415402893533e-05
Stopped at iteration 198. 150 items are selected. The objective value is: 7.532598029928279e-05
Stopped at iteration 179. 150 items are selected. The objective value is: 0.00012958358856978867
Stopped at iteration 301. 150 items are selected. The objective value is: 0.00025033630787181055
Stopped at iteration 205. 150 items are selected. The objective value is: 4.465901217183104e-05
Stopped at iteration 163. 150 items are selected. The objective value is: 0.0003251293840720142
Stopped at iteration 301. 150 items are selected. The objective value is: 0.001024955338571455
Stopped at iteration 235. 150 items are selected. The objective value is: 0.0001317652044432997
Stopped at iteration 135. 150 items are selected. The objective value is: 0.000298810807339385
Stopped at iteration 190. 150 items are selected. The objective value is: 0.00015434294750069901
Stopped at iteration 208. 150 items are selected. The objective value is: 0.0002224566942403724
Stopped at iteration 148. 150 items are selected. The objective value is: 0.00013035136588830388
Stopped at iteration 143. 150 items are selected. The objective value is: 0.00015668310511559216
Stopped at iteration 124. 150 items are selected. The objective value is: 0.0002586487890600491
Stopped at iteration 168. 150 items are selected. The objective value is: 0.0005789954717814659
Stopped at iteration 116. 150 items are selected. The objective value is: 0.00030452106138171664
Stopped at iteration 160. 150 items are selected. The objective value is: 0.00018728464781800932
rounds:  78%|███████▊  | 31/40 [1:04:00<18:09, 121.11s/it][round  31] per_acc=0.9812 glob_acc=0.8967 train_acc=0.9997 train_loss=0.016 kl(q_w||q)=0.641
Stopped at iteration 169. 150 items are selected. The objective value is: 9.674049982451688e-05
Stopped at iteration 218. 150 items are selected. The objective value is: 0.00013942902952247176
Stopped at iteration 275. 150 items are selected. The objective value is: 6.819341135454957e-05
Stopped at iteration 125. 150 items are selected. The objective value is: 0.00013325060287625444
Stopped at iteration 162. 150 items are selected. The objective value is: 0.00047890872205016196
Stopped at iteration 127. 150 items are selected. The objective value is: 0.0001591360495125232
Stopped at iteration 214. 150 items are selected. The objective value is: 0.00020904638198481339
Stopped at iteration 151. 150 items are selected. The objective value is: 0.00013172341068614347
Stopped at iteration 235. 150 items are selected. The objective value is: 3.9370668260839864e-05
Stopped at iteration 301. 150 items are selected. The objective value is: 0.006983637519868978
Stopped at iteration 301. 150 items are selected. The objective value is: 0.008954594429402565
Stopped at iteration 301. 150 items are selected. The objective value is: 0.001203398633152794
Stopped at iteration 123. 150 items are selected. The objective value is: 0.00013304675223423104
Stopped at iteration 147. 150 items are selected. The objective value is: 0.0003269382491517105
Stopped at iteration 106. 150 items are selected. The objective value is: 5.3625694098152776e-05
Stopped at iteration 175. 150 items are selected. The objective value is: 7.411679248329953e-05
Stopped at iteration 272. 150 items are selected. The objective value is: 8.038218820592283e-05
Stopped at iteration 231. 150 items are selected. The objective value is: 7.254780055538707e-05
Stopped at iteration 301. 150 items are selected. The objective value is: 0.0002704260741861075
Stopped at iteration 162. 150 items are selected. The objective value is: 0.00018584297449673472
Stopped at iteration 202. 150 items are selected. The objective value is: 7.51973663336005e-05
Stopped at iteration 181. 150 items are selected. The objective value is: 0.0001247644442326346
Stopped at iteration 165. 150 items are selected. The objective value is: 0.0003062130299802029
Stopped at iteration 254. 150 items are selected. The objective value is: 0.00016237663621304982
Stopped at iteration 118. 150 items are selected. The objective value is: 0.00011877946685648706
Stopped at iteration 131. 150 items are selected. The objective value is: 0.00013336315927631862
Stopped at iteration 229. 150 items are selected. The objective value is: 9.017425618511087e-05
Stopped at iteration 119. 150 items are selected. The objective value is: 0.00026518374435578393
Stopped at iteration 176. 150 items are selected. The objective value is: 0.0002862727393421963
Stopped at iteration 115. 150 items are selected. The objective value is: 0.00024794313776048616
rounds:  80%|████████  | 32/40 [1:06:05<16:18, 122.37s/it][round  32] per_acc=0.9812 glob_acc=0.9058 train_acc=1.0000 train_loss=0.012 kl(q_w||q)=0.568
Stopped at iteration 249. 150 items are selected. The objective value is: 6.995226534081766e-05
Stopped at iteration 148. 150 items are selected. The objective value is: 0.00011037667355436993
Stopped at iteration 233. 150 items are selected. The objective value is: 7.058702838954504e-05
Stopped at iteration 183. 150 items are selected. The objective value is: 0.0004317555788549539
Stopped at iteration 206. 150 items are selected. The objective value is: 0.000249483542250405
Stopped at iteration 147. 150 items are selected. The objective value is: 0.00018825178983791454
Stopped at iteration 213. 150 items are selected. The objective value is: 7.332836552955496e-05
Stopped at iteration 293. 150 items are selected. The objective value is: 4.715528948336315e-05
Stopped at iteration 161. 150 items are selected. The objective value is: 0.00019547712018478657
Stopped at iteration 301. 150 items are selected. The objective value is: 0.0009222571266347167
Stopped at iteration 301. 150 items are selected. The objective value is: 0.0002082049329833367
Stopped at iteration 301. 150 items are selected. The objective value is: 0.002006732181700363
Stopped at iteration 157. 150 items are selected. The objective value is: 0.00010263108602038537
Stopped at iteration 165. 150 items are selected. The objective value is: 0.00037196302945701084
Stopped at iteration 205. 150 items are selected. The objective value is: 0.00018541875071975466
Stopped at iteration 195. 150 items are selected. The objective value is: 0.00010780977159283235
Stopped at iteration 125. 150 items are selected. The objective value is: 2.2243319230485193e-05
Stopped at iteration 176. 150 items are selected. The objective value is: 3.291773849553254e-05
Stopped at iteration 256. 150 items are selected. The objective value is: 0.00017648669381568804
Stopped at iteration 301. 150 items are selected. The objective value is: 0.0015434811009917815
Stopped at iteration 301. 150 items are selected. The objective value is: 0.0005327904976040543
Stopped at iteration 173. 150 items are selected. The objective value is: 0.00024438643662550813
Stopped at iteration 165. 150 items are selected. The objective value is: 9.998966275944205e-05
Stopped at iteration 177. 150 items are selected. The objective value is: 0.00011969728690304279
Stopped at iteration 121. 150 items are selected. The objective value is: 0.0001575599214696949
Stopped at iteration 185. 150 items are selected. The objective value is: 0.000304223257767372
Stopped at iteration 93. 150 items are selected. The objective value is: 0.00040932857104185224
Stopped at iteration 167. 150 items are selected. The objective value is: 0.00012236962143617825
rounds:  82%|████████▎ | 33/40 [1:08:05<14:11, 121.62s/it][round  33] per_acc=0.9820 glob_acc=0.8975 train_acc=0.9998 train_loss=0.013 kl(q_w||q)=0.814
Stopped at iteration 185. 150 items are selected. The objective value is: 0.0001674610314674148
Stopped at iteration 195. 150 items are selected. The objective value is: 6.817737684554348e-05
Stopped at iteration 257. 150 items are selected. The objective value is: 4.4614780027274804e-05
Stopped at iteration 137. 150 items are selected. The objective value is: 0.00027700230840027536
Stopped at iteration 133. 150 items are selected. The objective value is: 0.00013228597209488123
Stopped at iteration 121. 150 items are selected. The objective value is: 8.144132921158438e-05
Stopped at iteration 167. 150 items are selected. The objective value is: 7.179684703925848e-05
Stopped at iteration 153. 150 items are selected. The objective value is: 7.378406404457803e-05
Stopped at iteration 213. 150 items are selected. The objective value is: 0.00011109973071694079
Stopped at iteration 301. 150 items are selected. The objective value is: 0.02328636844113232
Stopped at iteration 301. 150 items are selected. The objective value is: 7.30007900321699e-05
Stopped at iteration 301. 150 items are selected. The objective value is: 0.0015553355720175196
Stopped at iteration 117. 150 items are selected. The objective value is: 0.00012740433817881534
Stopped at iteration 145. 150 items are selected. The objective value is: 0.00011268687494218261
Stopped at iteration 169. 150 items are selected. The objective value is: 7.403200916405177e-05
Stopped at iteration 161. 150 items are selected. The objective value is: 2.228763497586927e-05
Stopped at iteration 147. 150 items are selected. The objective value is: 2.2106917880306387e-05
Stopped at iteration 212. 150 items are selected. The objective value is: 0.00015238472747046845
Stopped at iteration 183. 150 items are selected. The objective value is: 7.36254017933312e-05
Stopped at iteration 207. 150 items are selected. The objective value is: 6.621790120170386e-05
Stopped at iteration 241. 150 items are selected. The objective value is: 0.0002693278486363274
Stopped at iteration 204. 150 items are selected. The objective value is: 0.00028816749375246695
Stopped at iteration 225. 150 items are selected. The objective value is: 0.00011934682860414974
Stopped at iteration 135. 150 items are selected. The objective value is: 0.00014906574866665903
Stopped at iteration 171. 150 items are selected. The objective value is: 0.00023241926814958187
Stopped at iteration 146. 150 items are selected. The objective value is: 0.00015710604651437995
Stopped at iteration 130. 150 items are selected. The objective value is: 0.00034133518422435285
Stopped at iteration 203. 150 items are selected. The objective value is: 0.00036959672282689836
Stopped at iteration 152. 150 items are selected. The objective value is: 9.054007413542741e-05
rounds:  85%|████████▌ | 34/40 [1:10:12<12:18, 123.12s/it][round  34] per_acc=0.9827 glob_acc=0.9201 train_acc=0.9999 train_loss=0.012 kl(q_w||q)=0.572
Stopped at iteration 242. 150 items are selected. The objective value is: 4.6464144506971176e-05
Stopped at iteration 261. 150 items are selected. The objective value is: 0.0001217330408464421
Stopped at iteration 224. 150 items are selected. The objective value is: 5.908150952407799e-05
Stopped at iteration 151. 150 items are selected. The objective value is: 0.00013235974833333258
Stopped at iteration 148. 150 items are selected. The objective value is: 0.0001392464312047074
Stopped at iteration 138. 150 items are selected. The objective value is: 0.00015665561290094732
Stopped at iteration 301. 150 items are selected. The objective value is: 0.00028133847150248626
Stopped at iteration 194. 150 items are selected. The objective value is: 8.221662511198382e-05
Stopped at iteration 301. 150 items are selected. The objective value is: 0.0009095392570102564
Stopped at iteration 301. 150 items are selected. The objective value is: 0.0004938905510598359
Stopped at iteration 301. 150 items are selected. The objective value is: 0.0006654556909178061
Stopped at iteration 301. 150 items are selected. The objective value is: 0.006354673119094381
Stopped at iteration 134. 150 items are selected. The objective value is: 7.460580348357933e-05
Stopped at iteration 143. 150 items are selected. The objective value is: 0.00010616771304313741
Stopped at iteration 221. 150 items are selected. The objective value is: 0.00011575262769221002
Stopped at iteration 217. 150 items are selected. The objective value is: 0.00019906278570641666
Stopped at iteration 180. 150 items are selected. The objective value is: 5.589025222092139e-05
Stopped at iteration 175. 150 items are selected. The objective value is: 3.0635951520781737e-05
Stopped at iteration 192. 150 items are selected. The objective value is: 9.754611757852177e-05
Stopped at iteration 207. 150 items are selected. The objective value is: 0.00011114075559512395
Stopped at iteration 163. 150 items are selected. The objective value is: 8.023563958711041e-05
Stopped at iteration 148. 150 items are selected. The objective value is: 0.0004573860404107547
Stopped at iteration 219. 150 items are selected. The objective value is: 0.0002374256563898296
Stopped at iteration 175. 150 items are selected. The objective value is: 0.00010518097546801588
Stopped at iteration 168. 150 items are selected. The objective value is: 7.739593032722388e-05
Stopped at iteration 127. 150 items are selected. The objective value is: 0.00015212084883127995
Stopped at iteration 176. 150 items are selected. The objective value is: 0.00026798431205446726
Stopped at iteration 137. 150 items are selected. The objective value is: 0.0003140303453076437
Stopped at iteration 151. 150 items are selected. The objective value is: 0.00019532149258143466
Stopped at iteration 139. 150 items are selected. The objective value is: 0.0001745707542642755
rounds:  88%|████████▊ | 35/40 [1:12:25<10:30, 126.08s/it][round  35] per_acc=0.9802 glob_acc=0.9083 train_acc=1.0000 train_loss=0.010 kl(q_w||q)=0.527
Stopped at iteration 153. 150 items are selected. The objective value is: 0.00010583547315423229
Stopped at iteration 240. 150 items are selected. The objective value is: 3.999045109967649e-05
Stopped at iteration 243. 150 items are selected. The objective value is: 4.10957635507333e-05
Stopped at iteration 148. 150 items are selected. The objective value is: 0.00028177339465925534
Stopped at iteration 146. 150 items are selected. The objective value is: 0.00018329842257087261
Stopped at iteration 150. 150 items are selected. The objective value is: 0.00011935370059280687
Stopped at iteration 161. 150 items are selected. The objective value is: 7.616799639127215e-05
Stopped at iteration 301. 150 items are selected. The objective value is: 9.202843716333424e-05
Stopped at iteration 227. 150 items are selected. The objective value is: 0.0001118751478360324
Stopped at iteration 229. 150 items are selected. The objective value is: 5.672620770918223e-05
Stopped at iteration 301. 150 items are selected. The objective value is: 0.00010282741548550033
Stopped at iteration 301. 150 items are selected. The objective value is: 0.0027498311061471175
Stopped at iteration 259. 150 items are selected. The objective value is: 0.00019008737058902702
Stopped at iteration 128. 150 items are selected. The objective value is: 0.00011670895387089595
Stopped at iteration 169. 150 items are selected. The objective value is: 9.609800583398656e-05
Stopped at iteration 128. 150 items are selected. The objective value is: 5.106505197877643e-05
Stopped at iteration 269. 150 items are selected. The objective value is: 1.8339880669235418e-05
Stopped at iteration 135. 150 items are selected. The objective value is: 3.06783336278938e-05
Stopped at iteration 219. 150 items are selected. The objective value is: 0.00014706916778303708
Stopped at iteration 156. 150 items are selected. The objective value is: 0.00010542804989992076
Stopped at iteration 166. 150 items are selected. The objective value is: 0.00015639902785861818
Stopped at iteration 142. 150 items are selected. The objective value is: 0.00014024768510602988
Stopped at iteration 215. 150 items are selected. The objective value is: 0.00010446244020996015
Stopped at iteration 122. 150 items are selected. The objective value is: 0.00011145270766883216
Stopped at iteration 156. 150 items are selected. The objective value is: 0.00011685940109442058
Stopped at iteration 142. 150 items are selected. The objective value is: 0.00020226533837524834
Stopped at iteration 231. 150 items are selected. The objective value is: 0.00015073583222472456
Stopped at iteration 159. 150 items are selected. The objective value is: 0.00018595011870026337
Stopped at iteration 187. 150 items are selected. The objective value is: 0.00014187732587902632
Stopped at iteration 209. 150 items are selected. The objective value is: 0.00026117941825021745
rounds:  90%|█████████ | 36/40 [1:15:07<09:07, 136.92s/it][round  36] per_acc=0.9832 glob_acc=0.9050 train_acc=0.9998 train_loss=0.011 kl(q_w||q)=0.656
Stopped at iteration 212. 150 items are selected. The objective value is: 9.500384259399052e-05
Stopped at iteration 225. 150 items are selected. The objective value is: 5.953935417960716e-05
Stopped at iteration 236. 150 items are selected. The objective value is: 3.815749805398095e-05
Stopped at iteration 163. 150 items are selected. The objective value is: 0.00010608812354142295
Stopped at iteration 235. 150 items are selected. The objective value is: 0.00028749428035616884
Stopped at iteration 140. 150 items are selected. The objective value is: 0.000133536756754412
Stopped at iteration 301. 150 items are selected. The objective value is: 0.0006272548245118194
Stopped at iteration 301. 150 items are selected. The objective value is: 0.000275793428255084
Stopped at iteration 205. 150 items are selected. The objective value is: 5.1053587469625945e-05
Stopped at iteration 301. 150 items are selected. The objective value is: 0.00020929417662063184
Stopped at iteration 301. 150 items are selected. The objective value is: 0.0004578561248485215
Stopped at iteration 150. 150 items are selected. The objective value is: 0.00015079159148274446
Stopped at iteration 158. 150 items are selected. The objective value is: 0.00011903427503721124
Stopped at iteration 220. 150 items are selected. The objective value is: 8.169992411088577e-05
Stopped at iteration 234. 150 items are selected. The objective value is: 5.4945427728119094e-05
Stopped at iteration 200. 150 items are selected. The objective value is: 5.134962935561471e-05
Stopped at iteration 301. 150 items are selected. The objective value is: 9.018684973380043e-05
Stopped at iteration 164. 150 items are selected. The objective value is: 0.00010669751906239048
Stopped at iteration 206. 150 items are selected. The objective value is: 0.00011656194264505859
Stopped at iteration 244. 150 items are selected. The objective value is: 8.629197260190664e-05
Stopped at iteration 171. 150 items are selected. The objective value is: 0.0001508091428174472
Stopped at iteration 236. 150 items are selected. The objective value is: 0.00021389542804613188
Stopped at iteration 188. 150 items are selected. The objective value is: 0.00016743333281305647
Stopped at iteration 163. 150 items are selected. The objective value is: 9.457396890967285e-05
Stopped at iteration 185. 150 items are selected. The objective value is: 7.707260438882378e-05
Stopped at iteration 188. 150 items are selected. The objective value is: 0.00030293807400957916
Stopped at iteration 134. 150 items are selected. The objective value is: 0.00018381688961227152
Stopped at iteration 120. 150 items are selected. The objective value is: 0.00014947047217996347
Stopped at iteration 146. 150 items are selected. The objective value is: 0.0004991986654044165
rounds:  92%|█████████▎| 37/40 [1:17:28<06:54, 138.23s/it][round  37] per_acc=0.9825 glob_acc=0.9120 train_acc=0.9999 train_loss=0.008 kl(q_w||q)=0.644
Stopped at iteration 213. 150 items are selected. The objective value is: 4.37024047066121e-05
Stopped at iteration 198. 150 items are selected. The objective value is: 3.1928620453808716e-05
Stopped at iteration 114. 150 items are selected. The objective value is: 0.00013902456152359484
Stopped at iteration 136. 150 items are selected. The objective value is: 0.0003872236741523304
Stopped at iteration 126. 150 items are selected. The objective value is: 0.00013646269607947467
Stopped at iteration 169. 150 items are selected. The objective value is: 4.8588094482552556e-05
Stopped at iteration 289. 150 items are selected. The objective value is: 8.745425620893449e-05
Stopped at iteration 250. 150 items are selected. The objective value is: 4.259523107319619e-05
Stopped at iteration 301. 150 items are selected. The objective value is: 0.0025435463250974275
Stopped at iteration 301. 150 items are selected. The objective value is: 5.043630426274012e-05
Stopped at iteration 301. 150 items are selected. The objective value is: 0.0002477011632626782
Stopped at iteration 118. 150 items are selected. The objective value is: 8.789803619306607e-05
Stopped at iteration 146. 150 items are selected. The objective value is: 0.000164502657933699
Stopped at iteration 239. 150 items are selected. The objective value is: 8.150862854211776e-05
Stopped at iteration 187. 150 items are selected. The objective value is: 7.945874780188796e-05
Stopped at iteration 177. 150 items are selected. The objective value is: 0.00012616696664616032
Stopped at iteration 199. 150 items are selected. The objective value is: 6.259581347929711e-05
Stopped at iteration 301. 150 items are selected. The objective value is: 0.00011030775816410283
Stopped at iteration 148. 150 items are selected. The objective value is: 7.935444671653602e-05
Stopped at iteration 145. 150 items are selected. The objective value is: 6.253613175381328e-05
Stopped at iteration 154. 150 items are selected. The objective value is: 0.00014390262542941242
Stopped at iteration 212. 150 items are selected. The objective value is: 7.205796153123528e-05
Stopped at iteration 153. 150 items are selected. The objective value is: 0.00028106913074173314
Stopped at iteration 282. 150 items are selected. The objective value is: 6.109815858959956e-05
Stopped at iteration 88. 150 items are selected. The objective value is: 0.00012129639423839766
Stopped at iteration 116. 150 items are selected. The objective value is: 8.881707878277598e-05
Stopped at iteration 227. 150 items are selected. The objective value is: 0.0002360034447376944
rounds:  95%|█████████▌| 38/40 [1:19:21<04:21, 130.64s/it][round  38] per_acc=0.9832 glob_acc=0.9158 train_acc=1.0000 train_loss=0.008 kl(q_w||q)=0.578
Stopped at iteration 264. 150 items are selected. The objective value is: 5.856581729825947e-05
Stopped at iteration 248. 150 items are selected. The objective value is: 8.203654943864988e-05
Stopped at iteration 212. 150 items are selected. The objective value is: 6.361436035036136e-05
Stopped at iteration 159. 150 items are selected. The objective value is: 0.00028517892317354897
Stopped at iteration 118. 150 items are selected. The objective value is: 8.338507141984966e-05
Stopped at iteration 128. 150 items are selected. The objective value is: 0.00012322081353409776
Stopped at iteration 201. 150 items are selected. The objective value is: 0.00011134245457994598
Stopped at iteration 197. 150 items are selected. The objective value is: 4.112551463403725e-05
Stopped at iteration 301. 150 items are selected. The objective value is: 0.0002569304301825816
Stopped at iteration 301. 150 items are selected. The objective value is: 0.0002989305490765108
Stopped at iteration 301. 150 items are selected. The objective value is: 0.0015769149048702586
Stopped at iteration 301. 150 items are selected. The objective value is: 0.0004112012359368697
Stopped at iteration 146. 150 items are selected. The objective value is: 0.00015453828748991595
Stopped at iteration 120. 150 items are selected. The objective value is: 6.187662941624866e-05
Stopped at iteration 238. 150 items are selected. The objective value is: 6.548123916734048e-05
Stopped at iteration 298. 150 items are selected. The objective value is: 0.0002579509814440759
Stopped at iteration 184. 150 items are selected. The objective value is: 2.9412966750121073e-05
Stopped at iteration 202. 150 items are selected. The objective value is: 0.00011307417368092676
Stopped at iteration 221. 150 items are selected. The objective value is: 0.00019172464846725526
Stopped at iteration 204. 150 items are selected. The objective value is: 5.028301608375746e-05
Stopped at iteration 242. 150 items are selected. The objective value is: 0.0004188578591491492
Stopped at iteration 176. 150 items are selected. The objective value is: 0.0001282404403196707
Stopped at iteration 200. 150 items are selected. The objective value is: 5.3188992534922956e-05
Stopped at iteration 300. 150 items are selected. The objective value is: 0.00018421441062019787
Stopped at iteration 288. 150 items are selected. The objective value is: 0.00022391052270882332
Stopped at iteration 262. 150 items are selected. The objective value is: 0.00012015043797546872
Stopped at iteration 132. 150 items are selected. The objective value is: 0.00018851349859715376
Stopped at iteration 140. 150 items are selected. The objective value is: 0.00023761297184300847
Stopped at iteration 205. 150 items are selected. The objective value is: 0.00013327065502419903
rounds:  98%|█████████▊| 39/40 [1:21:29<02:09, 129.82s/it][round  39] per_acc=0.9812 glob_acc=0.9083 train_acc=1.0000 train_loss=0.008 kl(q_w||q)=0.683
Stopped at iteration 235. 150 items are selected. The objective value is: 5.542738106888452e-05
Stopped at iteration 301. 150 items are selected. The objective value is: 0.0004310219572751452
Stopped at iteration 241. 150 items are selected. The objective value is: 0.0002974473783868057
Stopped at iteration 193. 150 items are selected. The objective value is: 0.0003632614936527286
Stopped at iteration 157. 150 items are selected. The objective value is: 0.00012111503151344308
Stopped at iteration 131. 150 items are selected. The objective value is: 5.5547583894364786e-05
Stopped at iteration 179. 150 items are selected. The objective value is: 0.00011160045800163918
Stopped at iteration 165. 150 items are selected. The objective value is: 5.250536730939961e-05
Stopped at iteration 230. 150 items are selected. The objective value is: 3.0352475290602238e-05
Stopped at iteration 301. 150 items are selected. The objective value is: 0.0003590570548714346
Stopped at iteration 301. 150 items are selected. The objective value is: 0.0008158560297330023
Stopped at iteration 301. 150 items are selected. The objective value is: 0.00023928444199742012
Stopped at iteration 189. 150 items are selected. The objective value is: 0.0002527442523885136
Stopped at iteration 135. 150 items are selected. The objective value is: 5.0279488242992115e-05
Stopped at iteration 159. 150 items are selected. The objective value is: 3.488721408033203e-05
Stopped at iteration 189. 150 items are selected. The objective value is: 3.34413780179274e-05
Stopped at iteration 169. 150 items are selected. The objective value is: 4.6967034702080686e-05
Stopped at iteration 286. 150 items are selected. The objective value is: 5.008740851144214e-05
Stopped at iteration 276. 150 items are selected. The objective value is: 0.00023913357114909787
Stopped at iteration 240. 150 items are selected. The objective value is: 0.0001603737557088667
Stopped at iteration 138. 150 items are selected. The objective value is: 2.8432474165172392e-05
Stopped at iteration 180. 150 items are selected. The objective value is: 0.00027834681111389416
Stopped at iteration 255. 150 items are selected. The objective value is: 0.00011928441513590442
Stopped at iteration 301. 150 items are selected. The objective value is: 0.0009178591723918982
Stopped at iteration 120. 150 items are selected. The objective value is: 3.560251905595054e-05
Stopped at iteration 299. 150 items are selected. The objective value is: 0.0002616436411370931
Stopped at iteration 218. 150 items are selected. The objective value is: 6.1716619384787e-05
Stopped at iteration 157. 150 items are selected. The objective value is: 0.00024386754402254323
Stopped at iteration 138. 150 items are selected. The objective value is: 0.0001178871246593691
Stopped at iteration 149. 150 items are selected. The objective value is: 0.00012611764327314292
rounds: 100%|██████████| 40/40 [1:23:39<00:00, 129.81s/it]rounds: 100%|██████████| 40/40 [1:23:39<00:00, 125.48s/it]
[round  40] per_acc=0.9815 glob_acc=0.9832 train_acc=0.9998 train_loss=0.008 kl(q_w||q)=0.678
[server] results -> results/Mnist_coreset_frac0.15_z10.0_u10_b100_seed1.h5
done -> results/Mnist_coreset_frac0.15_z10.0_u10_b100_seed1.h5
